"","case_month","res_state","res_county","county_fips_code","cases","hosp_yes","hosp_no","hosp_missing","death_yes","death_no","death_missing","jhu_cases","jhu_deaths","CovidDeathCount","CovidContributingCount","new_hosp_admissions","total_deaths"
"1",2020-01-01,"NC","MECKLENBURG",37119,37,0,1,36,0,37,0,NA,NA,0,0,NA,NA
"2",2020-02-01,"NC","MECKLENBURG",37119,11,0,1,10,0,11,0,0,0,0,0,NA,NA
"3",2020-03-01,"NC","ALAMANCE",37001,30,8,21,1,0,30,0,9,0,0,0,NA,0
"4",2020-03-01,"NC","BEAUFORT",37013,11,4,7,0,0,0,11,5,0,0,0,NA,0
"5",2020-03-01,"NC","BRUNSWICK",37019,27,4,23,0,0,16,11,15,0,0,0,NA,0
"6",2020-03-01,"NC","BUNCOMBE",37021,38,2,34,2,0,36,2,21,1,2,3,NA,1
"7",2020-03-01,"NC","BURKE",37023,19,6,10,3,0,15,4,6,0,0,0,NA,0
"8",2020-03-01,"NC","CABARRUS",37025,89,13,65,11,0,86,3,45,2,2,2,NA,1
"9",2020-03-01,"NC","CALDWELL",37027,12,0,10,2,0,12,0,3,0,0,0,NA,0
"10",2020-03-01,"NC","CARTERET",37031,20,3,15,2,0,17,3,11,1,1,1,NA,0
"11",2020-03-01,"NC","CATAWBA",37035,30,9,21,0,0,28,2,16,0,1,1,NA,1
"12",2020-03-01,"NC","CHATHAM",37037,22,3,18,1,0,22,0,17,0,0,0,NA,0
"13",2020-03-01,"NC","CHEROKEE",37039,11,1,10,0,0,0,11,7,1,1,1,NA,1
"14",2020-03-01,"NC","CLEVELAND",37045,12,4,8,0,0,12,0,6,0,0,0,NA,0
"15",2020-03-01,"NC","COLUMBUS",37047,11,3,8,0,0,0,11,3,0,0,0,NA,0
"16",2020-03-01,"NC","CRAVEN",37049,18,8,10,0,0,16,2,6,0,0,0,NA,0
"17",2020-03-01,"NC","CUMBERLAND",37051,70,19,49,2,0,66,4,23,0,0,0,NA,0
"18",2020-03-01,"NC","DAVIDSON",37057,65,17,48,0,0,63,2,27,0,0,0,NA,0
"19",2020-03-01,"NC","DAVIE",37059,22,5,10,7,0,20,2,11,0,0,0,NA,0
"20",2020-03-01,"NC","DURHAM",37063,210,12,108,90,0,208,2,135,0,0,1,NA,0
"21",2020-03-01,"NC","EDGECOMBE",37065,16,5,11,0,0,14,2,3,0,0,0,NA,0
"22",2020-03-01,"NC","FORSYTH",37067,141,27,81,33,0,117,24,42,1,1,1,NA,1
"23",2020-03-01,"NC","FRANKLIN",37069,12,0,10,2,0,12,0,12,0,0,0,NA,1
"24",2020-03-01,"NC","GASTON",37071,70,16,51,3,0,67,3,30,0,0,0,NA,0
"25",2020-03-01,"NC","GRANVILLE",37077,69,13,28,28,0,63,6,9,0,0,0,NA,0
"26",2020-03-01,"NC","GUILFORD",37081,130,38,79,13,0,119,11,50,1,1,1,NA,1
"27",2020-03-01,"NC","HALIFAX",37083,14,3,10,1,0,14,0,5,0,0,0,NA,0
"28",2020-03-01,"NC","HARNETT",37085,38,8,26,4,0,35,3,17,1,1,1,NA,1
"29",2020-03-01,"NC","HENDERSON",37089,39,7,28,4,0,25,14,18,0,0,0,NA,0
"30",2020-03-01,"NC","HOKE",37093,16,2,12,2,0,16,0,4,0,0,0,NA,0
"31",2020-03-01,"NC","IREDELL",37097,61,11,47,3,0,49,12,25,0,0,0,NA,0
"32",2020-03-01,"NC","JOHNSTON",37101,49,14,33,2,0,47,2,18,1,0,0,NA,1
"33",2020-03-01,"NC","LENOIR",37107,11,4,5,2,0,11,0,3,0,0,0,NA,0
"34",2020-03-01,"NC","LINCOLN",37109,15,0,12,3,0,15,0,4,0,0,0,NA,0
"35",2020-03-01,"NC","MCDOWELL",37111,11,1,4,6,0,11,0,7,0,0,0,NA,0
"36",2020-03-01,"NC","MECKLENBURG",37119,829,167,595,67,0,797,32,420,1,1,1,NA,2
"37",2020-03-01,"NC","MOORE",37125,23,5,11,7,0,12,11,9,0,1,1,NA,0
"38",2020-03-01,"NC","NASH",37127,17,8,9,0,0,16,1,11,0,0,0,NA,0
"39",2020-03-01,"NC","NEW HANOVER",37129,51,14,37,0,0,38,13,29,0,0,0,NA,0
"40",2020-03-01,"NC","ONSLOW",37133,25,5,20,0,0,14,11,8,1,1,1,NA,1
"41",2020-03-01,"NC","ORANGE",37135,60,5,49,6,0,57,3,37,0,0,1,NA,0
"42",2020-03-01,"NC","PITT",37147,38,4,33,1,0,38,0,25,0,0,0,NA,0
"43",2020-03-01,"NC","RANDOLPH",37151,40,8,32,0,0,28,12,18,0,0,1,NA,0
"44",2020-03-01,"NC","ROWAN",37159,86,15,59,12,0,83,3,24,1,1,1,NA,1
"45",2020-03-01,"NC","RUTHERFORD",37161,36,4,29,3,0,35,1,7,0,0,0,NA,0
"46",2020-03-01,"NC","SURRY",37171,13,2,10,1,0,12,1,2,0,0,0,NA,0
"47",2020-03-01,"NC","UNION",37179,87,18,69,0,0,85,2,42,0,0,1,NA,0
"48",2020-03-01,"NC","VANCE",37181,12,2,9,1,0,12,0,4,0,0,0,NA,0
"49",2020-03-01,"NC","WAKE",37183,311,26,250,35,0,310,1,193,0,2,3,NA,0
"50",2020-03-01,"NC","WATAUGA",37189,11,0,9,2,0,11,0,7,0,0,0,NA,0
"51",2020-03-01,"NC","WAYNE",37191,34,8,23,3,0,34,0,5,0,0,0,NA,0
"52",2020-03-01,"NC","WILSON",37195,45,22,23,0,0,32,13,16,0,0,0,NA,0
"53",2020-03-01,"NC","YADKIN",37197,11,3,6,2,0,0,11,3,0,0,0,NA,0
"54",2020-04-01,"NC","ALAMANCE",37001,112,24,80,8,0,95,17,97,1,0,0,NA,2
"55",2020-04-01,"NC","ANSON",37007,26,6,20,0,0,26,0,29,0,0,0,NA,0
"56",2020-04-01,"NC","BEAUFORT",37013,15,3,11,1,0,14,1,16,0,1,1,NA,0
"57",2020-04-01,"NC","BLADEN",37017,38,1,33,4,0,38,0,25,0,0,0,NA,0
"58",2020-04-01,"NC","BRUNSWICK",37019,19,1,15,3,0,19,0,29,2,2,2,NA,2
"59",2020-04-01,"NC","BUNCOMBE",37021,59,10,47,2,0,57,2,46,4,6,6,NA,3
"60",2020-04-01,"NC","BURKE",37023,90,10,39,41,0,61,29,99,8,8,8,NA,9
"61",2020-04-01,"NC","CABARRUS",37025,241,32,200,9,11,211,19,262,9,11,12,NA,10
"62",2020-04-01,"NC","CALDWELL",37027,31,3,28,0,0,29,2,32,0,0,0,NA,0
"63",2020-04-01,"NC","CARTERET",37031,12,2,9,1,0,11,1,16,2,1,1,NA,3
"64",2020-04-01,"NC","CASWELL",37033,25,6,18,1,0,25,0,25,0,0,0,NA,0
"65",2020-04-01,"NC","CATAWBA",37035,39,8,29,2,0,38,1,41,1,1,1,NA,0
"66",2020-04-01,"NC","CHATHAM",37037,338,37,256,45,0,310,28,334,8,17,17,NA,19
"67",2020-04-01,"NC","CHEROKEE",37039,14,1,13,0,0,14,0,13,0,1,1,NA,0
"68",2020-04-01,"NC","CLEVELAND",37045,45,3,34,8,0,43,2,42,2,3,3,NA,2
"69",2020-04-01,"NC","COLUMBUS",37047,157,27,120,10,0,121,36,145,10,7,8,NA,10
"70",2020-04-01,"NC","CRAVEN",37049,50,12,26,12,0,47,3,34,4,6,6,NA,4
"71",2020-04-01,"NC","CUMBERLAND",37051,286,41,226,19,0,260,26,251,8,13,13,NA,8
"72",2020-04-01,"NC","DARE",37055,13,1,11,1,0,12,1,11,1,1,1,NA,1
"73",2020-04-01,"NC","DAVIDSON",37057,112,14,97,1,0,85,27,138,8,7,8,NA,9
"74",2020-04-01,"NC","DAVIE",37059,11,0,6,5,0,11,0,20,2,0,0,NA,2
"75",2020-04-01,"NC","DUPLIN",37061,160,28,127,5,0,128,32,110,0,0,0,NA,0
"76",2020-04-01,"NC","DURHAM",37063,607,50,339,218,22,561,24,606,21,42,46,NA,21
"77",2020-04-01,"NC","EDGECOMBE",37065,106,26,73,7,0,98,8,92,4,3,3,NA,4
"78",2020-04-01,"NC","FORSYTH",37067,205,21,167,17,0,179,26,203,4,10,10,NA,4
"79",2020-04-01,"NC","FRANKLIN",37069,86,10,54,22,0,39,47,92,22,9,9,NA,19
"80",2020-04-01,"NC","GASTON",37071,99,18,76,5,0,97,2,119,3,4,4,NA,4
"81",2020-04-01,"NC","GRANVILLE",37077,99,14,57,28,0,96,3,123,5,0,0,NA,5
"82",2020-04-01,"NC","GREENE",37079,25,2,13,10,0,13,12,14,0,0,0,NA,0
"83",2020-04-01,"NC","GUILFORD",37081,432,76,293,63,11,380,41,393,27,36,37,NA,31
"84",2020-04-01,"NC","HALIFAX",37083,60,10,29,21,0,58,2,55,1,1,1,NA,1
"85",2020-04-01,"NC","HARNETT",37085,140,29,102,9,11,82,47,146,6,7,7,NA,7
"86",2020-04-01,"NC","HAYWOOD",37087,12,0,12,0,0,12,0,10,0,0,0,NA,0
"87",2020-04-01,"NC","HENDERSON",37089,173,11,86,76,30,138,5,176,20,17,20,NA,21
"88",2020-04-01,"NC","HERTFORD",37091,43,4,35,4,0,42,1,36,1,3,3,NA,1
"89",2020-04-01,"NC","HOKE",37093,83,3,46,34,0,83,0,80,0,0,0,NA,0
"90",2020-04-01,"NC","IREDELL",37097,64,13,48,3,0,61,3,91,6,5,6,NA,6
"91",2020-04-01,"NC","JACKSON",37099,28,3,13,12,0,27,1,18,0,2,2,NA,0
"92",2020-04-01,"NC","JOHNSTON",37101,140,26,102,12,15,110,15,148,12,7,9,NA,13
"93",2020-04-01,"NC","LEE",37105,230,23,194,13,0,226,4,165,0,2,2,NA,0
"94",2020-04-01,"NC","LENOIR",37107,94,14,78,2,0,88,6,68,4,3,4,NA,4
"95",2020-04-01,"NC","LINCOLN",37109,16,1,15,0,0,16,0,23,0,0,0,NA,0
"96",2020-04-01,"NC","MARTIN",37117,17,6,10,1,0,15,2,14,0,0,0,NA,0
"97",2020-04-01,"NC","MCDOWELL",37111,19,2,14,3,0,17,2,17,1,1,1,NA,1
"98",2020-04-01,"NC","MECKLENBURG",37119,1079,142,814,123,33,1028,18,1213,46,51,56,NA,47
"99",2020-04-01,"NC","MONTGOMERY",37123,32,4,27,1,0,31,1,29,2,0,0,NA,1
"100",2020-04-01,"NC","MOORE",37125,121,15,53,53,0,103,18,123,6,7,8,NA,6
"101",2020-04-01,"NC","NASH",37127,94,18,71,5,0,81,13,90,3,2,2,NA,3
"102",2020-04-01,"NC","NEW HANOVER",37129,54,5,40,9,0,53,1,46,3,6,6,NA,3
"103",2020-04-01,"NC","ONSLOW",37133,32,2,23,7,0,31,1,36,0,2,3,NA,0
"104",2020-04-01,"NC","ORANGE",37135,153,20,67,66,0,81,72,203,16,14,14,NA,29
"105",2020-04-01,"NC","PASQUOTANK",37139,17,0,16,1,0,17,0,31,1,1,1,NA,1
"106",2020-04-01,"NC","PENDER",37141,19,3,12,4,0,18,1,13,1,0,0,NA,1
"107",2020-04-01,"NC","PERSON",37145,14,2,6,6,0,14,0,18,0,0,0,NA,1
"108",2020-04-01,"NC","PITT",37147,106,15,90,1,0,106,0,97,2,4,4,NA,2
"109",2020-04-01,"NC","POLK",37149,11,1,9,1,0,0,11,18,0,0,0,NA,0
"110",2020-04-01,"NC","RANDOLPH",37151,248,21,225,2,0,243,5,193,3,0,0,NA,3
"111",2020-04-01,"NC","RICHMOND",37153,57,12,39,6,0,55,2,48,2,0,0,NA,2
"112",2020-04-01,"NC","ROBESON",37155,326,35,262,29,0,316,10,208,3,3,3,NA,4
"113",2020-04-01,"NC","ROCKINGHAM",37157,31,6,24,1,0,31,0,26,2,0,0,NA,2
"114",2020-04-01,"NC","ROWAN",37159,358,32,305,21,0,322,36,353,21,18,27,NA,23
"115",2020-04-01,"NC","RUTHERFORD",37161,114,19,92,3,0,107,7,133,6,4,4,NA,6
"116",2020-04-01,"NC","SAMPSON",37163,116,16,97,3,0,114,2,69,0,0,0,NA,0
"117",2020-04-01,"NC","SCOTLAND",37165,30,1,29,0,0,30,0,24,0,0,0,NA,0
"118",2020-04-01,"NC","STANLY",37167,53,3,19,31,0,40,13,25,4,2,2,NA,4
"119",2020-04-01,"NC","SURRY",37171,16,2,14,0,0,15,1,11,0,1,1,NA,0
"120",2020-04-01,"NC","UNION",37179,191,28,155,8,0,156,35,204,11,5,5,NA,11
"121",2020-04-01,"NC","VANCE",37181,111,16,68,27,0,62,49,93,6,13,14,NA,6
"122",2020-04-01,"NC","WAKE",37183,629,95,455,79,13,581,35,627,18,23,26,NA,20
"123",2020-04-01,"NC","WAYNE",37191,613,34,175,404,0,575,38,657,10,13,13,NA,11
"124",2020-04-01,"NC","WILKES",37193,103,6,14,83,0,101,2,57,1,0,0,NA,0
"125",2020-04-01,"NC","WILSON",37195,141,26,110,5,0,126,15,148,7,5,5,NA,7
"126",2020-04-01,"NC","YADKIN",37197,16,2,14,0,0,16,0,14,1,0,0,NA,1
"127",2020-05-01,"NC","ALAMANCE",37001,338,58,64,216,0,284,54,283,23,8,10,NA,26
"128",2020-05-01,"NC","ALEXANDER",37003,46,2,34,10,0,45,1,31,0,0,0,NA,0
"129",2020-05-01,"NC","ANSON",37007,40,7,30,3,0,39,1,38,1,0,0,NA,1
"130",2020-05-01,"NC","ASHE",37009,32,2,29,1,0,31,1,31,0,0,0,NA,1
"131",2020-05-01,"NC","BEAUFORT",37013,20,0,18,2,0,20,0,14,0,1,1,NA,0
"132",2020-05-01,"NC","BLADEN",37017,85,8,56,21,0,74,11,81,2,0,0,NA,2
"133",2020-05-01,"NC","BRUNSWICK",37019,68,3,61,4,0,66,2,52,2,1,1,NA,0
"134",2020-05-01,"NC","BUNCOMBE",37021,296,20,259,17,20,252,24,281,18,17,31,NA,24
"135",2020-05-01,"NC","BURKE",37023,386,10,187,189,0,380,6,327,7,5,7,NA,7
"136",2020-05-01,"NC","CABARRUS",37025,245,13,206,26,0,219,26,194,11,10,10,NA,12
"137",2020-05-01,"NC","CALDWELL",37027,155,8,119,28,0,151,4,123,3,3,3,NA,3
"138",2020-05-01,"NC","CARTERET",37031,11,0,9,2,0,11,0,9,6,0,0,NA,0
"139",2020-05-01,"NC","CASWELL",37033,63,4,56,3,0,62,1,60,1,0,0,NA,1
"140",2020-05-01,"NC","CATAWBA",37035,223,15,202,6,0,205,18,169,6,6,6,NA,5
"141",2020-05-01,"NC","CHATHAM",37037,318,17,192,109,0,282,36,284,18,13,14,NA,16
"142",2020-05-01,"NC","CLEVELAND",37045,77,6,53,18,0,75,2,43,0,0,0,NA,0
"143",2020-05-01,"NC","COLUMBUS",37047,185,34,138,13,0,163,22,185,16,4,4,NA,16
"144",2020-05-01,"NC","CRAVEN",37049,179,8,162,9,0,168,11,169,1,1,1,NA,1
"145",2020-05-01,"NC","CUMBERLAND",37051,413,52,333,28,0,362,51,442,15,16,18,NA,19
"146",2020-05-01,"NC","DAVIDSON",37057,306,17,272,17,0,300,6,264,5,4,5,NA,3
"147",2020-05-01,"NC","DAVIE",37059,88,0,64,24,0,88,0,71,0,0,0,NA,0
"148",2020-05-01,"NC","DUPLIN",37061,782,84,648,50,0,757,25,764,18,9,10,NA,25
"149",2020-05-01,"NC","DURHAM",37063,1151,48,951,152,0,1125,26,926,26,33,36,NA,28
"150",2020-05-01,"NC","EDGECOMBE",37065,114,17,87,10,0,113,1,108,5,1,1,NA,5
"151",2020-05-01,"NC","FORSYTH",37067,1399,119,1024,256,0,1355,44,1157,6,27,27,NA,11
"152",2020-05-01,"NC","FRANKLIN",37069,73,5,53,15,0,73,0,56,0,0,0,NA,2
"153",2020-05-01,"NC","GASTON",37071,189,25,152,12,0,187,2,156,5,1,1,NA,4
"154",2020-05-01,"NC","GRANVILLE",37077,190,44,131,15,0,160,30,182,5,2,2,NA,7
"155",2020-05-01,"NC","GREENE",37079,67,9,49,9,0,67,0,59,2,0,0,NA,2
"156",2020-05-01,"NC","GUILFORD",37081,1046,112,709,225,26,972,48,899,37,58,64,NA,48
"157",2020-05-01,"NC","HALIFAX",37083,113,11,96,6,0,113,0,120,0,0,0,NA,0
"158",2020-05-01,"NC","HARNETT",37085,144,15,112,17,0,141,3,126,20,11,11,NA,20
"159",2020-05-01,"NC","HAYWOOD",37087,39,0,38,1,0,39,0,38,0,0,0,NA,0
"160",2020-05-01,"NC","HENDERSON",37089,148,13,102,33,0,131,17,155,28,19,21,NA,25
"161",2020-05-01,"NC","HERTFORD",37091,88,22,54,12,0,72,16,90,1,9,9,NA,2
"162",2020-05-01,"NC","HOKE",37093,161,9,75,77,0,157,4,160,1,0,0,NA,1
"163",2020-05-01,"NC","IREDELL",37097,173,8,147,18,0,173,0,150,0,1,1,NA,0
"164",2020-05-01,"NC","JACKSON",37099,23,2,18,3,0,23,0,17,1,1,1,NA,1
"165",2020-05-01,"NC","JOHNSTON",37101,392,23,345,24,0,380,12,293,8,3,3,NA,8
"166",2020-05-01,"NC","LEE",37105,273,13,254,6,0,271,2,297,4,2,2,NA,4
"167",2020-05-01,"NC","LENOIR",37107,130,16,98,16,0,126,4,146,3,6,7,NA,4
"168",2020-05-01,"NC","LINCOLN",37109,65,7,55,3,0,64,1,46,0,0,0,NA,0
"169",2020-05-01,"NC","MACON",37113,99,1,69,29,0,99,0,81,0,0,0,NA,0
"170",2020-05-01,"NC","MARTIN",37117,58,16,39,3,0,56,2,56,4,0,0,NA,4
"171",2020-05-01,"NC","MCDOWELL",37111,61,4,51,6,0,60,1,39,0,0,0,NA,0
"172",2020-05-01,"NC","MECKLENBURG",37119,3232,168,2404,660,32,3140,60,2674,42,48,51,NA,49
"173",2020-05-01,"NC","MONTGOMERY",37123,121,11,108,2,0,106,15,108,2,0,0,NA,3
"174",2020-05-01,"NC","MOORE",37125,93,10,40,43,0,92,1,103,4,7,8,NA,4
"175",2020-05-01,"NC","NASH",37127,106,13,89,4,0,105,1,107,1,2,2,NA,1
"176",2020-05-01,"NC","NEW HANOVER",37129,156,11,137,8,0,145,11,122,2,10,10,NA,2
"177",2020-05-01,"NC","ONSLOW",37133,70,3,65,2,0,69,1,65,1,2,2,NA,1
"178",2020-05-01,"NC","ORANGE",37135,148,13,125,10,0,144,4,112,25,15,16,NA,11
"179",2020-05-01,"NC","PASQUOTANK",37139,90,19,69,2,0,61,29,71,10,6,10,NA,11
"180",2020-05-01,"NC","PENDER",37141,85,3,75,7,0,85,0,71,0,0,0,NA,0
"181",2020-05-01,"NC","PERSON",37145,31,1,27,3,0,31,0,27,1,0,0,NA,0
"182",2020-05-01,"NC","PITT",37147,191,19,131,41,0,191,0,183,0,14,14,NA,0
"183",2020-05-01,"NC","POLK",37149,25,2,22,1,0,24,1,16,4,1,2,NA,4
"184",2020-05-01,"NC","RANDOLPH",37151,459,16,435,8,0,427,32,471,10,5,7,NA,10
"185",2020-05-01,"NC","RICHMOND",37153,118,9,89,20,0,106,12,116,1,1,1,NA,1
"186",2020-05-01,"NC","ROBESON",37155,675,58,529,88,0,618,57,660,20,18,18,NA,20
"187",2020-05-01,"NC","ROCKINGHAM",37157,79,3,72,4,0,79,0,71,0,0,0,NA,0
"188",2020-05-01,"NC","ROWAN",37159,320,22,263,35,0,298,22,296,15,12,12,NA,12
"189",2020-05-01,"NC","RUTHERFORD",37161,49,6,43,0,0,48,1,43,1,0,0,NA,1
"190",2020-05-01,"NC","SAMPSON",37163,455,34,407,14,0,453,2,428,4,2,2,NA,4
"191",2020-05-01,"NC","SCOTLAND",37165,63,6,57,0,0,63,0,61,0,2,2,NA,0
"192",2020-05-01,"NC","STANLY",37167,76,9,57,10,0,65,11,50,0,0,0,NA,0
"193",2020-05-01,"NC","STOKES",37169,72,3,68,1,0,72,0,59,0,0,0,NA,0
"194",2020-05-01,"NC","SURRY",37171,235,22,192,21,0,234,1,205,2,1,1,NA,2
"195",2020-05-01,"NC","UNION",37179,311,20,240,51,0,304,7,221,9,10,11,NA,9
"196",2020-05-01,"NC","VANCE",37181,220,27,146,47,0,186,34,223,15,14,15,NA,18
"197",2020-05-01,"NC","WAKE",37183,1103,89,881,133,0,1086,17,930,21,22,28,NA,23
"198",2020-05-01,"NC","WATAUGA",37189,11,0,7,4,0,11,0,14,0,0,0,NA,0
"199",2020-05-01,"NC","WAYNE",37191,571,43,396,132,0,561,10,498,12,13,14,NA,11
"200",2020-05-01,"NC","WILKES",37193,420,4,5,411,0,394,26,440,4,1,1,NA,5
"201",2020-05-01,"NC","WILSON",37195,212,35,174,3,0,185,27,196,3,2,2,NA,3
"202",2020-05-01,"NC","YADKIN",37197,176,15,148,13,0,171,5,154,1,0,0,NA,1
"203",2020-06-01,"NC","ALAMANCE",37001,883,39,38,806,0,878,5,792,13,6,6,5,9
"204",2020-06-01,"NC","ALEXANDER",37003,110,6,79,25,0,99,11,63,1,1,1,NA,1
"205",2020-06-01,"NC","ANSON",37007,95,12,82,1,0,94,1,64,1,0,0,0,1
"206",2020-06-01,"NC","ASHE",37009,18,0,18,0,0,18,0,17,1,0,0,0,0
"207",2020-06-01,"NC","BEAUFORT",37013,81,5,67,9,0,80,1,50,0,1,1,4,1
"208",2020-06-01,"NC","BLADEN",37017,255,10,214,31,0,231,24,273,1,0,0,1,1
"209",2020-06-01,"NC","BRUNSWICK",37019,603,21,545,37,0,593,10,463,1,2,2,9,4
"210",2020-06-01,"NC","BUNCOMBE",37021,424,27,350,47,0,412,12,246,17,10,13,23,12
"211",2020-06-01,"NC","BURKE",37023,591,12,243,336,0,576,15,619,5,4,4,NA,4
"212",2020-06-01,"NC","CABARRUS",37025,940,27,809,104,0,934,6,678,10,16,16,88,10
"213",2020-06-01,"NC","CALDWELL",37027,365,28,290,47,0,358,7,285,1,0,0,14,1
"214",2020-06-01,"NC","CARTERET",37031,76,3,63,10,0,74,2,49,0,0,0,3,0
"215",2020-06-01,"NC","CASWELL",37033,51,4,41,6,0,40,11,53,0,0,0,NA,1
"216",2020-06-01,"NC","CATAWBA",37035,837,36,759,42,0,824,13,608,7,6,8,51,7
"217",2020-06-01,"NC","CHATHAM",37037,276,19,160,97,0,273,3,317,17,7,9,10,10
"218",2020-06-01,"NC","CHEROKEE",37039,30,1,5,24,0,17,13,17,0,0,0,0,1
"219",2020-06-01,"NC","CLEVELAND",37045,327,27,228,72,0,310,17,229,2,1,2,3,3
"220",2020-06-01,"NC","COLUMBUS",37047,226,24,189,13,0,209,17,197,12,3,3,11,13
"221",2020-06-01,"NC","CRAVEN",37049,217,13,184,20,0,213,4,159,1,1,2,22,1
"222",2020-06-01,"NC","CUMBERLAND",37051,770,59,634,77,0,735,35,604,18,15,19,17,16
"223",2020-06-01,"NC","CURRITUCK",37053,15,3,6,6,0,15,0,5,0,0,0,NA,0
"224",2020-06-01,"NC","DARE",37055,70,3,64,3,0,70,0,41,0,0,0,1,0
"225",2020-06-01,"NC","DAVIDSON",37057,678,25,545,108,0,678,0,566,2,0,1,0,3
"226",2020-06-01,"NC","DAVIE",37059,118,4,64,50,0,117,1,104,2,0,0,0,1
"227",2020-06-01,"NC","DUPLIN",37061,645,33,562,50,0,627,18,656,10,3,3,22,12
"228",2020-06-01,"NC","DURHAM",37063,2179,71,1863,245,0,2162,17,2152,16,29,32,207,17
"229",2020-06-01,"NC","EDGECOMBE",37065,136,15,109,12,0,133,3,120,0,1,1,8,0
"230",2020-06-01,"NC","FORSYTH",37067,1983,131,954,898,0,1958,25,1690,23,28,29,173,22
"231",2020-06-01,"NC","FRANKLIN",37069,240,9,145,86,0,238,2,205,0,1,1,NA,0
"232",2020-06-01,"NC","GASTON",37071,1121,91,792,238,0,1104,17,849,4,6,6,48,5
"233",2020-06-01,"NC","GRANVILLE",37077,521,37,213,271,0,505,16,501,9,0,0,6,9
"234",2020-06-01,"NC","GREENE",37079,113,8,67,38,0,112,1,92,0,0,0,NA,1
"235",2020-06-01,"NC","GUILFORD",37081,1703,107,1147,449,0,1672,31,1557,49,45,51,31,42
"236",2020-06-01,"NC","HALIFAX",37083,152,16,108,28,0,150,2,136,3,2,2,15,3
"237",2020-06-01,"NC","HARNETT",37085,429,28,360,41,0,413,16,375,3,4,5,6,2
"238",2020-06-01,"NC","HAYWOOD",37087,53,1,45,7,0,52,1,44,0,0,0,1,0
"239",2020-06-01,"NC","HENDERSON",37089,425,23,376,26,0,413,12,306,2,5,8,11,5
"240",2020-06-01,"NC","HERTFORD",37091,40,2,34,4,0,40,0,36,8,6,6,11,7
"241",2020-06-01,"NC","HOKE",37093,151,6,55,90,0,148,3,145,2,0,0,4,3
"242",2020-06-01,"NC","IREDELL",37097,687,43,531,113,0,665,22,529,3,1,1,24,3
"243",2020-06-01,"NC","JACKSON",37099,153,9,116,28,0,151,2,93,0,1,1,7,2
"244",2020-06-01,"NC","JOHNSTON",37101,1299,63,1128,108,0,1289,10,1110,8,4,5,51,11
"245",2020-06-01,"NC","LEE",37105,373,20,336,17,0,369,4,372,4,2,2,15,4
"246",2020-06-01,"NC","LENOIR",37107,170,18,143,9,0,166,4,157,4,3,3,14,4
"247",2020-06-01,"NC","LINCOLN",37109,238,27,163,48,0,226,12,193,2,1,1,6,3
"248",2020-06-01,"NC","MACON",37113,191,3,133,55,0,191,0,192,2,0,0,2,0
"249",2020-06-01,"NC","MADISON",37115,12,0,11,1,0,12,0,9,0,0,0,NA,0
"250",2020-06-01,"NC","MARTIN",37117,72,15,55,2,0,69,3,64,0,0,0,2,0
"251",2020-06-01,"NC","MCDOWELL",37111,168,3,147,18,0,164,4,176,1,0,0,2,1
"252",2020-06-01,"NC","MECKLENBURG",37119,8625,240,5193,3192,0,8573,52,7142,61,53,60,398,58
"253",2020-06-01,"NC","MONTGOMERY",37123,207,12,186,9,0,203,4,187,3,0,1,0,3
"254",2020-06-01,"NC","MOORE",37125,323,21,178,124,0,305,18,274,8,12,14,35,3
"255",2020-06-01,"NC","NASH",37127,344,36,288,20,0,341,3,268,2,3,3,31,2
"256",2020-06-01,"NC","NEW HANOVER",37129,1018,31,763,224,0,1000,18,776,0,11,11,83,2
"257",2020-06-01,"NC","ONSLOW",37133,282,11,258,13,0,278,4,201,1,1,1,6,1
"258",2020-06-01,"NC","ORANGE",37135,470,20,412,38,0,466,4,355,0,13,14,46,2
"259",2020-06-01,"NC","PASQUOTANK",37139,112,8,93,11,0,109,3,110,4,5,5,5,5
"260",2020-06-01,"NC","PENDER",37141,258,9,103,146,0,236,22,183,0,0,0,0,1
"261",2020-06-01,"NC","PERSON",37145,67,3,58,6,0,65,2,62,0,0,0,NA,0
"262",2020-06-01,"NC","PITT",37147,488,23,260,205,0,481,7,418,5,13,16,137,7
"263",2020-06-01,"NC","POLK",37149,40,3,36,1,0,39,1,35,0,0,0,0,0
"264",2020-06-01,"NC","RANDOLPH",37151,618,18,587,13,0,603,15,528,17,7,8,0,17
"265",2020-06-01,"NC","RICHMOND",37153,151,12,124,15,0,148,3,125,3,1,1,NA,4
"266",2020-06-01,"NC","ROBESON",37155,494,30,400,64,0,455,39,455,16,12,13,62,17
"267",2020-06-01,"NC","ROCKINGHAM",37157,183,2,173,8,0,182,1,135,0,0,0,4,0
"268",2020-06-01,"NC","ROWAN",37159,719,33,589,97,0,710,9,561,5,7,9,35,5
"269",2020-06-01,"NC","RUTHERFORD",37161,180,16,155,9,0,166,14,127,2,1,2,2,3
"270",2020-06-01,"NC","SAMPSON",37163,599,24,531,44,0,582,17,583,2,1,2,16,3
"271",2020-06-01,"NC","SCOTLAND",37165,54,3,48,3,0,43,11,53,2,4,4,21,2
"272",2020-06-01,"NC","STANLY",37167,596,15,246,335,0,590,6,316,1,0,0,1,1
"273",2020-06-01,"NC","STOKES",37169,75,4,68,3,0,73,2,60,1,1,1,0,1
"274",2020-06-01,"NC","SURRY",37171,293,14,247,32,0,293,0,262,0,1,1,15,0
"275",2020-06-01,"NC","TRANSYLVANIA",37175,24,4,18,2,0,24,0,8,1,0,0,1,1
"276",2020-06-01,"NC","UNION",37179,1041,49,685,307,0,1032,9,804,4,5,6,14,5
"277",2020-06-01,"NC","VANCE",37181,182,17,150,15,0,153,29,192,15,8,9,17,14
"278",2020-06-01,"NC","WAKE",37183,4323,191,3514,618,38,4243,42,3502,8,14,18,476,19
"279",2020-06-01,"NC","WATAUGA",37189,92,1,66,25,0,92,0,45,0,0,0,3,0
"280",2020-06-01,"NC","WAYNE",37191,701,38,546,117,0,670,31,673,4,12,12,20,10
"281",2020-06-01,"NC","WILKES",37193,94,3,35,56,0,93,1,83,1,0,0,0,0
"282",2020-06-01,"NC","WILSON",37195,474,53,412,9,0,443,31,383,9,10,14,31,10
"283",2020-06-01,"NC","YADKIN",37197,162,14,141,7,0,161,1,166,2,0,0,NA,2
"284",2020-07-01,"NC","ALAMANCE",37001,1061,53,189,819,0,1045,16,1026,4,2,2,32,4
"285",2020-07-01,"NC","ALEXANDER",37003,174,7,125,42,0,174,0,171,2,0,0,NA,1
"286",2020-07-01,"NC","ANSON",37007,147,12,123,12,0,145,2,169,0,0,0,5,0
"287",2020-07-01,"NC","ASHE",37009,86,2,72,12,0,85,1,65,0,0,0,3,0
"288",2020-07-01,"NC","BEAUFORT",37013,251,17,204,30,0,224,27,261,2,1,1,21,1
"289",2020-07-01,"NC","BLADEN",37017,197,11,138,48,0,193,4,202,4,1,1,0,2
"290",2020-07-01,"NC","BRUNSWICK",37019,500,28,439,33,0,493,7,618,11,9,9,12,11
"291",2020-07-01,"NC","BUNCOMBE",37021,1135,63,903,169,0,1119,16,1141,6,19,21,107,6
"292",2020-07-01,"NC","BURKE",37023,540,14,202,324,0,511,29,526,5,8,9,NA,8
"293",2020-07-01,"NC","CABARRUS",37025,1165,52,963,150,0,1144,21,1253,10,14,16,165,14
"294",2020-07-01,"NC","CALDWELL",37027,639,28,503,108,0,628,11,687,8,6,7,24,9
"295",2020-07-01,"NC","CARTERET",37031,206,2,177,27,0,204,2,202,-4,1,1,4,3
"296",2020-07-01,"NC","CASWELL",37033,50,2,45,3,0,50,0,43,1,0,0,NA,0
"297",2020-07-01,"NC","CATAWBA",37035,1020,58,813,149,0,977,43,1104,10,20,21,90,15
"298",2020-07-01,"NC","CHATHAM",37037,263,15,175,73,0,256,7,271,7,7,7,4,8
"299",2020-07-01,"NC","CHEROKEE",37039,219,12,63,144,0,214,5,209,2,1,1,7,1
"300",2020-07-01,"NC","CLEVELAND",37045,743,51,405,287,0,725,18,695,10,14,14,17,11
"301",2020-07-01,"NC","COLUMBUS",37047,290,23,243,24,0,287,3,295,7,3,3,19,8
"302",2020-07-01,"NC","CRAVEN",37049,323,29,240,54,0,296,27,298,4,4,4,30,4
"303",2020-07-01,"NC","CUMBERLAND",37051,1607,124,1208,275,0,1568,39,1598,9,12,13,81,8
"304",2020-07-01,"NC","CURRITUCK",37053,72,2,52,18,0,72,0,56,0,0,0,NA,0
"305",2020-07-01,"NC","DARE",37055,124,4,116,4,0,123,1,140,-2,0,0,2,1
"306",2020-07-01,"NC","DAVIDSON",37057,609,55,460,94,0,563,46,646,2,0,0,1,3
"307",2020-07-01,"NC","DAVIE",37059,174,6,110,58,0,150,24,161,0,0,0,0,1
"308",2020-07-01,"NC","DUPLIN",37061,411,21,367,23,0,406,5,458,14,6,8,22,13
"309",2020-07-01,"NC","DURHAM",37063,1828,102,1593,133,0,1813,15,2025,14,22,24,212,13
"310",2020-07-01,"NC","EDGECOMBE",37065,276,31,214,31,0,273,3,253,2,4,4,24,2
"311",2020-07-01,"NC","FORSYTH",37067,1796,81,722,993,0,1754,42,1799,15,32,32,302,13
"312",2020-07-01,"NC","FRANKLIN",37069,393,22,279,92,0,380,13,407,3,0,0,NA,3
"313",2020-07-01,"NC","GASTON",37071,1705,165,1134,406,13,1648,44,1863,21,24,24,77,26
"314",2020-07-01,"NC","GRANVILLE",37077,331,23,199,109,0,314,17,348,6,0,1,8,5
"315",2020-07-01,"NC","GREENE",37079,145,6,102,37,0,144,1,135,1,0,0,NA,0
"316",2020-07-01,"NC","GUILFORD",37081,2133,126,1336,671,0,2087,46,2282,28,37,39,102,34
"317",2020-07-01,"NC","HALIFAX",37083,346,29,215,102,0,334,12,356,2,4,4,21,4
"318",2020-07-01,"NC","HARNETT",37085,534,33,435,66,0,514,20,477,6,1,1,8,7
"319",2020-07-01,"NC","HAYWOOD",37087,295,9,247,39,15,260,20,247,3,7,8,5,8
"320",2020-07-01,"NC","HENDERSON",37089,678,26,594,58,0,661,17,751,3,6,7,11,5
"321",2020-07-01,"NC","HERTFORD",37091,147,15,111,21,0,143,4,119,1,2,2,9,1
"322",2020-07-01,"NC","HOKE",37093,291,10,122,159,0,276,15,300,5,1,1,4,5
"323",2020-07-01,"NC","IREDELL",37097,893,26,639,228,0,884,9,984,9,9,9,45,10
"324",2020-07-01,"NC","JACKSON",37099,254,10,186,58,0,230,24,281,2,0,0,6,1
"325",2020-07-01,"NC","JOHNSTON",37101,1324,66,1081,177,0,1299,25,1501,15,7,7,51,10
"326",2020-07-01,"NC","LEE",37105,395,22,332,41,0,381,14,364,1,0,0,10,2
"327",2020-07-01,"NC","LENOIR",37107,153,11,123,19,0,151,2,161,1,2,2,NA,1
"328",2020-07-01,"NC","LINCOLN",37109,447,33,274,140,0,431,16,480,1,7,7,20,6
"329",2020-07-01,"NC","MACON",37113,162,6,64,92,0,150,12,167,0,1,1,3,2
"330",2020-07-01,"NC","MADISON",37115,22,0,18,4,0,22,0,28,0,0,0,NA,1
"331",2020-07-01,"NC","MARTIN",37117,106,4,95,7,0,105,1,105,2,0,1,0,2
"332",2020-07-01,"NC","MCDOWELL",37111,376,12,307,57,0,358,18,351,6,4,4,7,10
"333",2020-07-01,"NC","MECKLENBURG",37119,8675,314,4984,3377,37,8569,69,9296,49,79,90,621,58
"334",2020-07-01,"NC","MONTGOMERY",37123,261,19,229,13,0,237,24,263,7,2,2,0,7
"335",2020-07-01,"NC","MOORE",37125,395,33,229,133,0,390,5,397,2,13,13,92,7
"336",2020-07-01,"NC","NASH",37127,541,56,421,64,0,521,20,559,5,5,5,41,6
"337",2020-07-01,"NC","NEW HANOVER",37129,1270,48,914,308,0,1259,11,1431,14,17,18,131,13
"338",2020-07-01,"NC","ONSLOW",37133,704,25,615,64,0,696,8,627,7,5,5,2,7
"339",2020-07-01,"NC","ORANGE",37135,520,27,420,73,0,485,35,576,4,19,21,88,5
"340",2020-07-01,"NC","PASQUOTANK",37139,157,11,128,18,0,151,6,154,2,2,2,18,1
"341",2020-07-01,"NC","PENDER",37141,345,10,181,154,0,343,2,356,2,0,0,0,1
"342",2020-07-01,"NC","PERSON",37145,82,7,66,9,0,81,1,80,1,0,0,NA,1
"343",2020-07-01,"NC","PITT",37147,1094,19,414,661,0,1079,15,1043,4,9,10,196,2
"344",2020-07-01,"NC","POLK",37149,85,7,68,10,0,83,2,81,1,0,1,0,2
"345",2020-07-01,"NC","RANDOLPH",37151,761,30,713,18,0,744,17,849,6,2,2,0,6
"346",2020-07-01,"NC","RICHMOND",37153,171,18,141,12,0,169,2,190,2,1,2,NA,1
"347",2020-07-01,"NC","ROBESON",37155,1291,47,925,319,0,1255,36,1298,12,10,10,93,12
"348",2020-07-01,"NC","ROCKINGHAM",37157,233,19,201,13,0,228,5,229,5,2,2,13,4
"349",2020-07-01,"NC","ROWAN",37159,808,42,607,159,0,800,8,784,6,5,6,35,7
"350",2020-07-01,"NC","RUTHERFORD",37161,358,28,316,14,0,342,16,345,4,4,4,6,4
"351",2020-07-01,"NC","SAMPSON",37163,396,29,343,24,0,364,32,432,6,3,3,17,11
"352",2020-07-01,"NC","SCOTLAND",37165,168,18,148,2,0,166,2,142,0,1,1,47,0
"353",2020-07-01,"NC","STANLY",37167,548,32,411,105,0,493,55,513,6,4,4,4,18
"354",2020-07-01,"NC","STOKES",37169,123,11,76,36,0,122,1,137,2,0,0,0,2
"355",2020-07-01,"NC","SURRY",37171,360,35,283,42,0,350,10,378,5,4,4,36,6
"356",2020-07-01,"NC","TRANSYLVANIA",37175,105,6,97,2,0,104,1,99,0,0,0,3,0
"357",2020-07-01,"NC","UNION",37179,1464,51,998,415,0,1449,15,1532,15,13,14,31,16
"358",2020-07-01,"NC","VANCE",37181,231,9,173,49,0,220,11,217,4,5,6,8,2
"359",2020-07-01,"NC","WAKE",37183,5138,256,4077,805,84,5005,49,5635,81,111,123,505,118
"360",2020-07-01,"NC","WATAUGA",37189,211,2,136,73,0,210,1,195,0,0,0,16,0
"361",2020-07-01,"NC","WAYNE",37191,468,30,304,134,0,449,19,481,11,13,14,33,9
"362",2020-07-01,"NC","WILKES",37193,203,20,145,38,0,191,12,165,3,2,2,6,4
"363",2020-07-01,"NC","WILSON",37195,581,60,501,20,0,572,9,662,14,14,18,58,15
"364",2020-07-01,"NC","YADKIN",37197,162,14,143,5,0,159,3,143,2,0,0,NA,2
"365",2020-08-01,"NC","ALAMANCE",37001,1046,55,948,43,0,1033,13,1054,5,0,0,22,5
"366",2020-08-01,"NC","ALEXANDER",37003,136,15,98,23,0,120,16,144,-1,0,0,NA,2
"367",2020-08-01,"NC","ANSON",37007,144,11,125,8,0,143,1,146,1,0,1,3,1
"368",2020-08-01,"NC","ASHE",37009,78,1,64,13,0,77,1,90,0,0,0,2,1
"369",2020-08-01,"NC","BEAUFORT",37013,311,22,240,49,0,296,15,261,7,5,5,17,9
"370",2020-08-01,"NC","BLADEN",37017,153,14,116,23,0,124,29,153,3,0,1,0,5
"371",2020-08-01,"NC","BRUNSWICK",37019,233,13,204,16,0,227,6,242,8,0,1,13,7
"372",2020-08-01,"NC","BUNCOMBE",37021,809,32,636,141,0,778,31,886,24,40,43,90,32
"373",2020-08-01,"NC","BURKE",37023,350,9,148,193,0,323,27,326,5,9,11,24,8
"374",2020-08-01,"NC","CABARRUS",37025,864,40,663,161,0,850,14,872,12,27,29,116,11
"375",2020-08-01,"NC","CALDWELL",37027,317,12,250,55,0,311,6,338,5,4,4,12,4
"376",2020-08-01,"NC","CARTERET",37031,256,10,205,41,0,252,4,235,1,0,0,12,0
"377",2020-08-01,"NC","CASWELL",37033,66,3,45,18,0,64,2,70,0,0,1,NA,1
"378",2020-08-01,"NC","CATAWBA",37035,645,43,496,106,0,621,24,766,20,20,20,84,18
"379",2020-08-01,"NC","CHATHAM",37037,252,11,180,61,0,241,11,280,6,1,2,6,4
"380",2020-08-01,"NC","CHEROKEE",37039,200,8,62,130,0,193,7,197,2,3,3,8,3
"381",2020-08-01,"NC","CLEVELAND",37045,584,46,237,301,11,546,27,608,23,24,26,44,27
"382",2020-08-01,"NC","COLUMBUS",37047,299,16,265,18,0,281,18,300,6,0,0,16,5
"383",2020-08-01,"NC","CRAVEN",37049,452,34,239,179,0,397,55,448,16,19,21,78,17
"384",2020-08-01,"NC","CUMBERLAND",37051,1353,117,1027,209,0,1295,58,1397,16,29,29,60,27
"385",2020-08-01,"NC","CURRITUCK",37053,52,8,38,6,0,41,11,46,0,0,0,NA,0
"386",2020-08-01,"NC","DARE",37055,41,0,35,6,0,41,0,37,1,0,0,17,0
"387",2020-08-01,"NC","DAVIDSON",37057,575,33,443,99,0,574,1,569,15,6,6,19,14
"388",2020-08-01,"NC","DAVIE",37059,126,1,74,51,0,114,12,123,3,1,1,0,3
"389",2020-08-01,"NC","DUPLIN",37061,200,14,178,8,0,177,23,258,10,1,1,14,2
"390",2020-08-01,"NC","DURHAM",37063,1105,57,941,107,0,1084,21,1136,7,18,19,153,6
"391",2020-08-01,"NC","EDGECOMBE",37065,484,61,364,59,0,441,43,409,8,11,13,174,12
"392",2020-08-01,"NC","FORSYTH",37067,1441,79,608,754,0,1395,46,1324,25,49,52,281,28
"393",2020-08-01,"NC","FRANKLIN",37069,280,11,200,69,0,274,6,293,4,1,1,NA,3
"394",2020-08-01,"NC","GASTON",37071,1095,71,742,282,0,1060,35,1139,30,23,23,36,27
"395",2020-08-01,"NC","GRANVILLE",37077,381,22,247,112,0,353,28,380,18,8,10,11,19
"396",2020-08-01,"NC","GREENE",37079,131,14,98,19,0,128,3,117,1,2,2,NA,2
"397",2020-08-01,"NC","GUILFORD",37081,1737,60,1047,630,0,1701,36,1815,28,36,42,218,20
"398",2020-08-01,"NC","HALIFAX",37083,215,18,150,47,0,201,14,212,5,6,7,22,10
"399",2020-08-01,"NC","HARNETT",37085,559,34,467,58,0,536,23,553,10,4,5,10,9
"400",2020-08-01,"NC","HAYWOOD",37087,149,5,123,21,0,134,15,184,22,20,23,3,23
"401",2020-08-01,"NC","HENDERSON",37089,311,13,262,36,0,307,4,330,7,12,12,14,7
"402",2020-08-01,"NC","HERTFORD",37091,272,33,214,25,0,237,35,296,3,5,5,36,7
"403",2020-08-01,"NC","HOKE",37093,211,12,82,117,0,207,4,215,4,0,1,7,5
"404",2020-08-01,"NC","IREDELL",37097,763,33,558,172,0,750,13,798,6,11,13,57,12
"405",2020-08-01,"NC","JACKSON",37099,130,2,85,43,0,130,0,149,4,0,0,2,3
"406",2020-08-01,"NC","JOHNSTON",37101,846,43,702,101,0,823,23,934,6,4,4,34,9
"407",2020-08-01,"NC","LEE",37105,230,11,173,46,0,228,2,254,3,2,2,10,3
"408",2020-08-01,"NC","LENOIR",37107,320,45,245,30,0,281,39,292,4,6,7,7,7
"409",2020-08-01,"NC","LINCOLN",37109,367,20,247,100,0,359,8,387,9,8,10,24,10
"410",2020-08-01,"NC","MACON",37113,92,4,5,83,0,89,3,99,1,1,1,3,4
"411",2020-08-01,"NC","MADISON",37115,32,2,26,4,0,32,0,31,1,0,0,NA,0
"412",2020-08-01,"NC","MARTIN",37117,135,11,107,17,0,135,0,115,1,0,0,5,2
"413",2020-08-01,"NC","MCDOWELL",37111,208,13,153,42,0,176,32,263,16,7,7,11,14
"414",2020-08-01,"NC","MECKLENBURG",37119,4804,162,3076,1566,39,4709,56,5115,90,91,104,429,92
"415",2020-08-01,"NC","MONTGOMERY",37123,281,26,233,22,0,256,25,301,4,0,0,0,8
"416",2020-08-01,"NC","MOORE",37125,432,30,231,171,0,400,32,432,1,16,17,85,2
"417",2020-08-01,"NC","NASH",37127,646,73,502,71,0,625,21,672,11,11,12,57,15
"418",2020-08-01,"NC","NEW HANOVER",37129,874,26,617,231,0,847,27,834,2,13,14,60,3
"419",2020-08-01,"NC","ONSLOW",37133,661,28,592,41,0,650,11,706,4,2,2,5,4
"420",2020-08-01,"NC","ORANGE",37135,1048,8,763,277,0,1042,6,1090,5,18,24,75,6
"421",2020-08-01,"NC","PASQUOTANK",37139,226,19,163,44,0,200,26,224,6,6,6,22,7
"422",2020-08-01,"NC","PENDER",37141,171,12,135,24,0,168,3,159,1,0,0,0,1
"423",2020-08-01,"NC","PERSON",37145,140,5,108,27,0,127,13,147,3,2,2,NA,3
"424",2020-08-01,"NC","PITT",37147,1947,31,802,1114,0,1900,47,1997,8,31,34,127,9
"425",2020-08-01,"NC","POLK",37149,96,13,71,12,0,82,14,118,2,0,0,6,4
"426",2020-08-01,"NC","RANDOLPH",37151,415,19,376,20,0,406,9,429,7,2,2,3,8
"427",2020-08-01,"NC","RICHMOND",37153,228,24,169,35,0,204,24,211,3,3,4,NA,4
"428",2020-08-01,"NC","ROBESON",37155,1074,40,825,209,0,1056,18,1096,9,8,9,105,11
"429",2020-08-01,"NC","ROCKINGHAM",37157,466,47,395,24,25,431,10,410,1,8,8,10,12
"430",2020-08-01,"NC","ROWAN",37159,849,56,656,137,24,790,35,836,13,18,19,66,20
"431",2020-08-01,"NC","RUTHERFORD",37161,292,29,246,17,0,275,17,333,6,7,7,NA,11
"432",2020-08-01,"NC","SAMPSON",37163,360,22,295,43,0,355,5,365,9,2,2,5,6
"433",2020-08-01,"NC","SCOTLAND",37165,381,44,329,8,0,369,12,398,6,8,10,100,6
"434",2020-08-01,"NC","STANLY",37167,411,31,311,69,0,359,52,617,20,13,16,15,30
"435",2020-08-01,"NC","STOKES",37169,78,3,65,10,0,67,11,70,0,0,0,2,0
"436",2020-08-01,"NC","SURRY",37171,324,24,255,45,0,298,26,322,9,14,14,45,10
"437",2020-08-01,"NC","TRANSYLVANIA",37175,146,21,119,6,0,130,16,146,1,2,2,10,3
"438",2020-08-01,"NC","UNION",37179,1185,43,769,373,0,1170,15,1230,10,8,8,31,11
"439",2020-08-01,"NC","VANCE",37181,195,17,153,25,0,192,3,187,2,2,2,11,2
"440",2020-08-01,"NC","WAKE",37183,4189,119,3220,850,14,4142,33,4330,71,80,89,183,80
"441",2020-08-01,"NC","WATAUGA",37189,260,7,209,44,0,246,14,238,0,3,3,14,1
"442",2020-08-01,"NC","WAYNE",37191,513,50,366,97,0,474,39,550,14,17,19,43,15
"443",2020-08-01,"NC","WILKES",37193,293,18,177,98,0,268,25,304,13,9,11,16,14
"444",2020-08-01,"NC","WILSON",37195,373,41,316,16,0,344,29,373,3,3,3,52,2
"445",2020-08-01,"NC","YADKIN",37197,142,16,119,7,0,140,2,153,1,0,0,NA,1
"446",2020-09-01,"NC","ALAMANCE",37001,930,62,835,33,0,915,15,716,9,2,2,2,13
"447",2020-09-01,"NC","ALEXANDER",37003,138,5,109,24,0,124,14,121,5,0,0,NA,3
"448",2020-09-01,"NC","ANSON",37007,182,11,166,5,0,166,16,169,3,1,1,0,3
"449",2020-09-01,"NC","ASHE",37009,112,0,77,35,0,107,5,61,0,0,0,9,0
"450",2020-09-01,"NC","BEAUFORT",37013,404,29,194,181,16,343,45,374,16,21,21,41,24
"451",2020-09-01,"NC","BLADEN",37017,188,21,130,37,0,151,37,191,5,2,2,0,7
"452",2020-09-01,"NC","BRUNSWICK",37019,307,16,274,17,0,289,18,248,3,3,3,12,4
"453",2020-09-01,"NC","BUNCOMBE",37021,705,35,579,91,0,670,35,558,12,14,18,63,10
"454",2020-09-01,"NC","BURKE",37023,397,16,158,223,0,365,32,239,12,10,11,26,12
"455",2020-09-01,"NC","CABARRUS",37025,828,41,620,167,0,783,45,770,19,25,30,113,20
"456",2020-09-01,"NC","CALDWELL",37027,285,11,216,58,0,281,4,213,1,6,7,10,1
"457",2020-09-01,"NC","CARTERET",37031,283,4,184,95,0,277,6,205,-1,1,1,0,1
"458",2020-09-01,"NC","CASWELL",37033,172,5,67,100,0,171,1,115,3,0,0,NA,2
"459",2020-09-01,"NC","CATAWBA",37035,690,59,529,102,0,667,23,513,8,12,12,51,8
"460",2020-09-01,"NC","CHATHAM",37037,212,14,143,55,0,195,17,192,2,2,2,6,2
"461",2020-09-01,"NC","CHEROKEE",37039,195,5,61,129,0,157,38,199,7,11,11,1,11
"462",2020-09-01,"NC","CLEVELAND",37045,774,39,266,469,0,742,32,667,28,17,22,35,26
"463",2020-09-01,"NC","COLUMBUS",37047,280,23,244,13,0,274,6,276,6,2,2,6,5
"464",2020-09-01,"NC","CRAVEN",37049,647,73,428,146,0,556,91,571,13,18,19,76,13
"465",2020-09-01,"NC","CUMBERLAND",37051,1360,87,1057,216,0,1329,31,1295,11,15,15,47,16
"466",2020-09-01,"NC","CURRITUCK",37053,49,14,28,7,0,47,2,63,3,0,0,NA,4
"467",2020-09-01,"NC","DARE",37055,53,4,40,9,0,52,1,40,1,1,1,2,1
"468",2020-09-01,"NC","DAVIDSON",37057,734,52,546,136,0,719,15,610,5,5,6,23,7
"469",2020-09-01,"NC","DAVIE",37059,103,7,55,41,0,103,0,86,-1,0,0,0,1
"470",2020-09-01,"NC","DUPLIN",37061,217,8,199,10,0,216,1,155,2,6,6,18,3
"471",2020-09-01,"NC","DURHAM",37063,956,53,802,101,0,946,10,845,11,23,24,135,14
"472",2020-09-01,"NC","EDGECOMBE",37065,401,49,315,37,0,366,35,401,30,26,26,76,28
"473",2020-09-01,"NC","FORSYTH",37067,1129,79,560,490,0,1110,19,882,29,44,46,233,26
"474",2020-09-01,"NC","FRANKLIN",37069,164,5,113,46,0,150,14,160,3,1,1,NA,2
"475",2020-09-01,"NC","GASTON",37071,1253,111,868,274,13,1209,31,1119,22,22,23,94,25
"476",2020-09-01,"NC","GRANVILLE",37077,207,10,176,21,0,196,11,217,7,2,2,13,5
"477",2020-09-01,"NC","GREENE",37079,253,5,106,142,0,250,3,203,1,0,0,NA,0
"478",2020-09-01,"NC","GUILFORD",37081,2021,62,935,1024,0,1988,33,1740,15,39,42,99,13
"479",2020-09-01,"NC","HALIFAX",37083,205,25,129,51,0,188,17,162,8,1,1,13,4
"480",2020-09-01,"NC","HARNETT",37085,661,50,553,58,0,642,19,593,8,3,5,26,10
"481",2020-09-01,"NC","HAYWOOD",37087,102,4,87,11,0,97,5,95,6,0,0,3,2
"482",2020-09-01,"NC","HENDERSON",37089,371,20,314,37,0,363,8,312,4,6,9,11,4
"483",2020-09-01,"NC","HERTFORD",37091,197,15,149,33,0,162,35,184,16,9,9,11,15
"484",2020-09-01,"NC","HOKE",37093,357,18,91,248,0,338,19,313,6,1,3,4,6
"485",2020-09-01,"NC","IREDELL",37097,613,32,457,124,0,603,10,523,8,8,10,14,12
"486",2020-09-01,"NC","JACKSON",37099,102,2,65,35,0,101,1,102,0,0,0,0,0
"487",2020-09-01,"NC","JOHNSTON",37101,709,21,617,71,0,701,8,562,7,8,8,29,7
"488",2020-09-01,"NC","LEE",37105,265,22,221,22,0,248,17,216,3,3,3,11,2
"489",2020-09-01,"NC","LENOIR",37107,199,20,152,27,0,185,14,194,17,8,8,20,15
"490",2020-09-01,"NC","LINCOLN",37109,627,53,424,150,0,602,25,554,2,3,3,32,6
"491",2020-09-01,"NC","MACON",37113,97,3,15,79,0,96,1,79,-1,0,0,6,0
"492",2020-09-01,"NC","MADISON",37115,49,5,41,3,0,49,0,38,0,0,0,NA,0
"493",2020-09-01,"NC","MARTIN",37117,143,24,91,28,0,125,18,109,3,0,0,24,4
"494",2020-09-01,"NC","MCDOWELL",37111,185,8,158,19,0,156,29,165,3,2,2,3,2
"495",2020-09-01,"NC","MECKLENBURG",37119,3467,103,2305,1059,0,3423,44,3115,67,89,105,307,58
"496",2020-09-01,"NC","MONTGOMERY",37123,142,10,119,13,0,135,7,155,14,3,3,0,11
"497",2020-09-01,"NC","MOORE",37125,420,39,321,60,0,384,36,384,12,25,26,148,18
"498",2020-09-01,"NC","NASH",37127,806,78,471,257,0,761,45,724,19,16,22,36,21
"499",2020-09-01,"NC","NEW HANOVER",37129,1009,30,673,306,0,989,20,1114,11,21,21,71,10
"500",2020-09-01,"NC","ONSLOW",37133,753,21,692,40,0,747,6,617,11,10,10,10,12
"501",2020-09-01,"NC","ORANGE",37135,322,14,260,48,0,308,14,315,5,17,17,70,5
"502",2020-09-01,"NC","PASQUOTANK",37139,112,11,81,20,0,90,22,116,8,8,9,0,8
"503",2020-09-01,"NC","PENDER",37141,245,10,202,33,0,218,27,188,3,1,1,0,4
"504",2020-09-01,"NC","PERSON",37145,106,8,73,25,0,101,5,104,3,2,2,0,3
"505",2020-09-01,"NC","PITT",37147,1086,41,465,580,0,1040,46,1213,10,32,39,82,15
"506",2020-09-01,"NC","POLK",37149,59,4,47,8,0,58,1,51,4,0,0,4,3
"507",2020-09-01,"NC","RANDOLPH",37151,503,25,460,18,0,494,9,396,11,2,2,2,10
"508",2020-09-01,"NC","RICHMOND",37153,360,37,247,76,0,325,35,347,6,6,6,NA,8
"509",2020-09-01,"NC","ROBESON",37155,978,52,571,355,0,930,48,904,18,16,16,742,24
"510",2020-09-01,"NC","ROCKINGHAM",37157,450,47,327,76,0,427,23,418,6,14,15,17,36
"511",2020-09-01,"NC","ROWAN",37159,694,50,541,103,16,665,13,567,41,28,32,52,35
"512",2020-09-01,"NC","RUTHERFORD",37161,400,51,325,24,19,349,32,253,14,11,13,14,12
"513",2020-09-01,"NC","SAMPSON",37163,411,21,318,72,0,404,7,375,7,0,1,2,4
"514",2020-09-01,"NC","SCOTLAND",37165,558,29,517,12,0,539,19,522,7,7,9,72,8
"515",2020-09-01,"NC","STANLY",37167,380,20,310,50,0,369,11,488,25,1,1,13,9
"516",2020-09-01,"NC","STOKES",37169,145,7,104,34,0,132,13,122,1,0,1,0,1
"517",2020-09-01,"NC","SURRY",37171,192,7,161,24,0,188,4,165,7,7,10,33,6
"518",2020-09-01,"NC","TRANSYLVANIA",37175,72,4,65,3,0,71,1,65,6,1,2,3,5
"519",2020-09-01,"NC","UNION",37179,952,20,745,187,0,929,23,860,10,20,20,47,7
"520",2020-09-01,"NC","VANCE",37181,146,12,117,17,0,144,2,141,2,3,3,54,2
"521",2020-09-01,"NC","WAKE",37183,2626,45,2107,474,0,2612,14,2539,46,44,48,91,21
"522",2020-09-01,"NC","WATAUGA",37189,630,12,485,133,0,619,11,404,1,9,9,10,11
"523",2020-09-01,"NC","WAYNE",37191,650,29,415,206,0,609,41,563,18,12,16,42,19
"524",2020-09-01,"NC","WILKES",37193,243,4,128,111,0,239,4,207,12,8,8,10,11
"525",2020-09-01,"NC","WILSON",37195,557,54,479,24,0,515,42,497,17,16,20,0,18
"526",2020-09-01,"NC","YADKIN",37197,133,15,106,12,0,120,13,116,2,0,0,NA,2
"527",2020-10-01,"NC","ALAMANCE",37001,1503,87,1365,51,37,1440,26,1399,33,15,17,39,36
"528",2020-10-01,"NC","ALEXANDER",37003,514,29,347,138,0,499,15,429,3,0,0,NA,3
"529",2020-10-01,"NC","ANSON",37007,95,9,77,9,0,59,36,118,5,1,1,4,5
"530",2020-10-01,"NC","ASHE",37009,253,4,197,52,0,247,6,188,2,2,4,15,5
"531",2020-10-01,"NC","BEAUFORT",37013,347,26,256,65,0,338,9,447,20,11,12,39,21
"532",2020-10-01,"NC","BLADEN",37017,169,14,143,12,0,167,2,174,4,1,1,0,3
"533",2020-10-01,"NC","BRUNSWICK",37019,581,34,514,33,11,558,12,565,22,11,12,41,22
"534",2020-10-01,"NC","BUNCOMBE",37021,1076,52,867,157,12,1029,35,1079,25,30,35,123,26
"535",2020-10-01,"NC","BURKE",37023,702,10,316,376,0,666,36,618,10,17,20,60,14
"536",2020-10-01,"NC","CABARRUS",37025,1042,38,724,280,0,1015,27,934,20,24,25,80,16
"537",2020-10-01,"NC","CALDWELL",37027,979,12,555,412,0,965,14,963,1,2,2,22,3
"538",2020-10-01,"NC","CARTERET",37031,515,18,180,317,0,503,12,468,0,7,7,23,8
"539",2020-10-01,"NC","CASWELL",37033,221,10,127,84,0,219,2,273,0,0,0,NA,1
"540",2020-10-01,"NC","CATAWBA",37035,1627,74,1255,298,0,1584,43,1434,10,14,16,113,11
"541",2020-10-01,"NC","CHATHAM",37037,270,10,181,79,0,247,23,277,3,0,2,2,3
"542",2020-10-01,"NC","CHEROKEE",37039,128,3,35,90,0,116,12,132,3,0,0,1,2
"543",2020-10-01,"NC","CLEVELAND",37045,1023,62,364,597,0,993,30,1032,21,28,33,62,18
"544",2020-10-01,"NC","COLUMBUS",37047,397,30,329,38,0,385,12,375,5,2,2,28,5
"545",2020-10-01,"NC","CRAVEN",37049,712,79,478,155,0,681,31,748,23,32,33,121,22
"546",2020-10-01,"NC","CUMBERLAND",37051,1688,110,1320,258,0,1652,36,1652,23,14,15,73,13
"547",2020-10-01,"NC","CURRITUCK",37053,49,1,39,9,0,48,1,41,1,0,0,NA,0
"548",2020-10-01,"NC","DARE",37055,121,4,76,41,0,121,0,104,0,0,0,0,0
"549",2020-10-01,"NC","DAVIDSON",37057,1017,57,772,188,0,996,21,1016,7,4,5,33,9
"550",2020-10-01,"NC","DAVIE",37059,236,14,142,80,0,210,26,210,2,0,0,0,2
"551",2020-10-01,"NC","DUPLIN",37061,434,20,370,44,0,400,34,444,0,1,2,18,4
"552",2020-10-01,"NC","DURHAM",37063,1552,83,1307,162,0,1541,11,1422,6,17,17,198,7
"553",2020-10-01,"NC","EDGECOMBE",37065,645,72,474,99,0,622,23,671,11,12,13,55,12
"554",2020-10-01,"NC","FORSYTH",37067,2254,141,1159,954,11,2196,47,2024,18,43,48,366,24
"555",2020-10-01,"NC","FRANKLIN",37069,255,5,163,87,0,241,14,265,0,0,0,NA,2
"556",2020-10-01,"NC","GASTON",37071,2447,195,1294,958,51,2323,73,2523,50,37,40,183,52
"557",2020-10-01,"NC","GRANVILLE",37077,349,13,298,38,0,346,3,294,0,2,2,8,1
"558",2020-10-01,"NC","GREENE",37079,287,15,142,130,0,265,22,343,13,1,1,NA,11
"559",2020-10-01,"NC","GUILFORD",37081,3051,100,2012,939,11,2979,61,3141,25,54,56,451,21
"560",2020-10-01,"NC","HALIFAX",37083,415,41,244,130,0,393,22,430,8,8,8,42,7
"561",2020-10-01,"NC","HARNETT",37085,785,59,642,84,0,754,31,749,18,8,10,45,16
"562",2020-10-01,"NC","HAYWOOD",37087,175,11,147,17,0,173,2,128,5,3,3,7,3
"563",2020-10-01,"NC","HENDERSON",37089,482,14,391,77,0,476,6,506,3,11,11,12,7
"564",2020-10-01,"NC","HERTFORD",37091,69,7,39,23,0,65,4,95,4,2,2,14,3
"565",2020-10-01,"NC","HOKE",37093,328,26,144,158,0,289,39,367,7,5,5,15,7
"566",2020-10-01,"NC","IREDELL",37097,972,45,710,217,0,942,30,850,2,9,9,90,3
"567",2020-10-01,"NC","JACKSON",37099,429,4,247,178,0,421,8,449,0,1,1,0,0
"568",2020-10-01,"NC","JOHNSTON",37101,1311,35,1093,183,0,1287,24,1253,9,3,4,36,8
"569",2020-10-01,"NC","LEE",37105,446,27,387,32,0,423,23,475,5,5,5,23,8
"570",2020-10-01,"NC","LENOIR",37107,532,50,410,72,0,507,25,507,8,7,8,44,7
"571",2020-10-01,"NC","LINCOLN",37109,841,54,534,253,0,819,22,829,2,8,8,45,10
"572",2020-10-01,"NC","MACON",37113,134,5,57,72,0,122,12,144,4,0,0,7,0
"573",2020-10-01,"NC","MADISON",37115,199,8,131,60,0,172,27,186,4,6,6,NA,6
"574",2020-10-01,"NC","MARTIN",37117,176,25,118,33,0,160,16,198,8,4,5,31,8
"575",2020-10-01,"NC","MCDOWELL",37111,332,7,287,38,0,311,21,346,5,2,3,18,5
"576",2020-10-01,"NC","MECKLENBURG",37119,5972,145,4056,1771,0,5911,61,5498,35,53,62,339,37
"577",2020-10-01,"NC","MONTGOMERY",37123,169,16,127,26,0,167,2,159,6,0,2,1,6
"578",2020-10-01,"NC","MOORE",37125,538,59,304,175,0,513,25,582,13,37,41,181,25
"579",2020-10-01,"NC","NASH",37127,1055,72,597,386,23,1011,21,1085,39,42,43,74,44
"580",2020-10-01,"NC","NEW HANOVER",37129,1077,28,738,311,0,1052,25,1058,8,21,21,86,10
"581",2020-10-01,"NC","ONSLOW",37133,1380,39,1216,125,0,1366,14,1256,6,5,5,9,6
"582",2020-10-01,"NC","ORANGE",37135,455,18,383,54,0,451,4,467,4,12,13,76,1
"583",2020-10-01,"NC","PASQUOTANK",37139,176,6,114,56,0,173,3,191,4,3,3,0,2
"584",2020-10-01,"NC","PENDER",37141,482,13,432,37,0,478,4,469,8,2,2,0,8
"585",2020-10-01,"NC","PERSON",37145,273,7,141,125,0,272,1,264,2,0,0,8,3
"586",2020-10-01,"NC","PITT",37147,1217,44,606,567,0,1199,18,1324,12,24,29,189,12
"587",2020-10-01,"NC","POLK",37149,78,3,71,4,0,77,1,83,0,0,0,7,1
"588",2020-10-01,"NC","RANDOLPH",37151,1097,31,1009,57,0,1074,23,1037,10,4,8,3,14
"589",2020-10-01,"NC","RICHMOND",37153,389,28,276,85,0,377,12,416,13,9,10,NA,14
"590",2020-10-01,"NC","ROBESON",37155,1454,47,732,675,0,1416,38,1509,19,11,11,130,19
"591",2020-10-01,"NC","ROCKINGHAM",37157,839,46,612,181,0,831,8,834,5,2,2,21,5
"592",2020-10-01,"NC","ROWAN",37159,838,42,667,129,0,818,20,807,17,15,16,53,18
"593",2020-10-01,"NC","RUTHERFORD",37161,454,48,357,49,11,416,27,546,28,27,28,45,38
"594",2020-10-01,"NC","SAMPSON",37163,596,26,419,151,0,580,16,592,4,2,2,28,5
"595",2020-10-01,"NC","SCOTLAND",37165,382,32,317,33,0,357,25,461,13,23,25,77,13
"596",2020-10-01,"NC","STANLY",37167,388,12,316,60,0,379,9,441,17,5,5,13,13
"597",2020-10-01,"NC","STOKES",37169,266,20,182,64,0,254,12,252,8,2,4,3,8
"598",2020-10-01,"NC","SURRY",37171,679,36,561,82,0,653,26,616,10,7,9,97,12
"599",2020-10-01,"NC","TRANSYLVANIA",37175,105,3,91,11,0,105,0,97,1,0,1,3,0
"600",2020-10-01,"NC","UNION",37179,1159,24,909,226,0,1152,7,1134,6,10,11,29,6
"601",2020-10-01,"NC","VANCE",37181,180,7,144,29,0,169,11,178,3,2,2,30,3
"602",2020-10-01,"NC","WAKE",37183,4160,49,3069,1042,13,4115,32,3931,30,45,47,101,25
"603",2020-10-01,"NC","WATAUGA",37189,509,6,328,175,0,506,3,520,5,3,3,48,4
"604",2020-10-01,"NC","WAYNE",37191,1226,51,744,431,12,1184,30,1293,12,23,25,47,24
"605",2020-10-01,"NC","WILKES",37193,639,18,336,285,0,621,18,588,4,4,4,15,4
"606",2020-10-01,"NC","WILSON",37195,908,82,787,39,0,894,14,869,11,15,17,0,15
"607",2020-10-01,"NC","YADKIN",37197,346,32,273,41,0,343,3,335,0,0,0,NA,0
"608",2020-11-01,"NC","ALAMANCE",37001,2237,102,2001,134,0,2216,21,1832,9,14,14,65,28
"609",2020-11-01,"NC","ALEXANDER",37003,824,42,435,347,0,804,20,690,7,0,0,NA,13
"610",2020-11-01,"NC","ANSON",37007,243,22,201,20,0,238,5,198,3,0,0,14,5
"611",2020-11-01,"NC","ASHE",37009,396,10,253,133,0,382,14,334,0,6,7,20,10
"612",2020-11-01,"NC","BEAUFORT",37013,345,17,289,39,0,343,2,295,9,1,1,21,1
"613",2020-11-01,"NC","BLADEN",37017,303,17,251,35,0,288,15,244,0,1,1,0,2
"614",2020-11-01,"NC","BRUNSWICK",37019,984,37,870,77,0,960,24,808,10,5,5,31,15
"615",2020-11-01,"NC","BUNCOMBE",37021,1652,60,1239,353,11,1618,23,1401,24,42,47,139,24
"616",2020-11-01,"NC","BURKE",37023,1324,17,696,611,0,1281,43,1230,12,5,7,83,9
"617",2020-11-01,"NC","CABARRUS",37025,2430,78,1644,708,0,2383,47,2028,14,21,27,98,20
"618",2020-11-01,"NC","CALDWELL",37027,972,9,341,622,0,935,37,947,2,16,18,31,17
"619",2020-11-01,"NC","CARTERET",37031,610,18,273,319,0,589,21,549,9,5,6,17,5
"620",2020-11-01,"NC","CASWELL",37033,223,12,156,55,0,211,12,206,1,0,0,NA,3
"621",2020-11-01,"NC","CATAWBA",37035,2886,146,1931,809,43,2784,59,2341,26,50,55,212,40
"622",2020-11-01,"NC","CHATHAM",37037,414,20,231,163,0,401,13,399,4,1,2,16,3
"623",2020-11-01,"NC","CHEROKEE",37039,168,8,93,67,0,166,2,161,0,1,2,5,1
"624",2020-11-01,"NC","CLEVELAND",37045,1161,81,550,530,12,1125,24,1011,23,34,35,68,29
"625",2020-11-01,"NC","COLUMBUS",37047,980,39,842,99,0,930,50,981,9,4,5,24,11
"626",2020-11-01,"NC","CRAVEN",37049,833,52,545,236,0,806,27,707,7,14,14,92,10
"627",2020-11-01,"NC","CUMBERLAND",37051,2747,122,2137,488,0,2718,29,2233,15,16,18,80,16
"628",2020-11-01,"NC","CURRITUCK",37053,167,7,54,106,0,153,14,107,1,0,0,NA,1
"629",2020-11-01,"NC","DARE",37055,296,18,228,50,0,293,3,272,1,0,0,11,2
"630",2020-11-01,"NC","DAVIDSON",37057,1863,78,1268,517,0,1823,40,1542,7,4,4,59,9
"631",2020-11-01,"NC","DAVIE",37059,556,18,373,165,0,550,6,473,5,1,1,0,4
"632",2020-11-01,"NC","DUPLIN",37061,615,24,538,53,0,608,7,524,8,3,3,30,5
"633",2020-11-01,"NC","DURHAM",37063,2561,92,2102,367,0,2539,22,2093,16,39,44,247,20
"634",2020-11-01,"NC","EDGECOMBE",37065,530,39,424,67,0,504,26,498,11,8,9,168,8
"635",2020-11-01,"NC","FORSYTH",37067,4618,204,2577,1837,23,4530,65,4300,45,80,86,524,45
"636",2020-11-01,"NC","FRANKLIN",37069,592,7,220,365,0,577,15,532,1,0,0,NA,0
"637",2020-11-01,"NC","GASTON",37071,2848,223,1602,1023,32,2749,67,2478,50,38,46,197,48
"638",2020-11-01,"NC","GRANVILLE",37077,595,20,491,84,0,580,15,479,7,7,7,18,7
"639",2020-11-01,"NC","GREENE",37079,282,9,200,73,0,255,27,234,7,0,0,NA,17
"640",2020-11-01,"NC","GUILFORD",37081,5463,214,2804,2445,46,5318,99,4972,29,82,93,584,63
"641",2020-11-01,"NC","HALIFAX",37083,552,32,264,256,0,547,5,512,9,4,4,57,8
"642",2020-11-01,"NC","HARNETT",37085,1201,74,1004,123,0,1185,16,942,5,7,7,47,6
"643",2020-11-01,"NC","HAYWOOD",37087,609,26,457,126,0,576,33,461,4,7,7,28,7
"644",2020-11-01,"NC","HENDERSON",37089,811,30,628,153,0,775,36,640,5,7,8,18,11
"645",2020-11-01,"NC","HERTFORD",37091,155,16,93,46,0,142,13,132,7,9,12,21,6
"646",2020-11-01,"NC","HOKE",37093,477,15,176,286,0,473,4,386,6,0,0,14,8
"647",2020-11-01,"NC","IREDELL",37097,2118,47,623,1448,0,2070,48,1661,16,28,29,212,29
"648",2020-11-01,"NC","JACKSON",37099,389,16,229,144,0,369,20,291,3,1,1,0,3
"649",2020-11-01,"NC","JOHNSTON",37101,2257,87,1736,434,0,2229,28,1827,7,9,11,75,17
"650",2020-11-01,"NC","LEE",37105,432,25,376,31,0,425,7,352,10,4,4,31,8
"651",2020-11-01,"NC","LENOIR",37107,692,44,434,214,0,661,31,637,11,17,17,76,14
"652",2020-11-01,"NC","LINCOLN",37109,1116,48,688,380,0,1103,13,956,4,7,8,38,9
"653",2020-11-01,"NC","MACON",37113,213,10,178,25,0,199,14,179,2,2,2,9,2
"654",2020-11-01,"NC","MADISON",37115,287,12,217,58,0,274,13,235,12,7,7,NA,11
"655",2020-11-01,"NC","MARTIN",37117,195,20,117,58,0,191,4,181,3,2,2,29,2
"656",2020-11-01,"NC","MCDOWELL",37111,651,11,537,103,0,640,11,520,2,9,9,21,3
"657",2020-11-01,"NC","MECKLENBURG",37119,10435,188,6787,3460,57,10316,62,9188,63,104,114,574,70
"658",2020-11-01,"NC","MONTGOMERY",37123,248,17,195,36,0,232,16,196,3,0,0,0,1
"659",2020-11-01,"NC","MOORE",37125,876,52,609,215,0,858,18,642,19,29,33,140,8
"660",2020-11-01,"NC","NASH",37127,998,59,596,343,0,977,21,943,28,26,27,77,24
"661",2020-11-01,"NC","NEW HANOVER",37129,1885,43,1254,588,14,1855,16,1598,13,35,38,92,20
"662",2020-11-01,"NC","ONSLOW",37133,2566,74,2226,266,0,2539,27,1888,11,10,10,33,12
"663",2020-11-01,"NC","ORANGE",37135,886,19,698,169,0,880,6,758,3,12,15,109,4
"664",2020-11-01,"NC","PASQUOTANK",37139,277,9,191,77,0,273,4,202,0,3,3,39,0
"665",2020-11-01,"NC","PENDER",37141,454,3,255,196,0,452,2,467,2,0,0,0,2
"666",2020-11-01,"NC","PERSON",37145,341,15,286,40,0,314,27,292,1,2,2,9,3
"667",2020-11-01,"NC","PITT",37147,1791,55,666,1070,0,1761,30,1635,7,35,39,163,16
"668",2020-11-01,"NC","POLK",37149,103,2,90,11,0,102,1,75,2,2,2,0,1
"669",2020-11-01,"NC","RANDOLPH",37151,1800,65,1663,72,37,1755,8,1508,20,13,15,1,23
"670",2020-11-01,"NC","RICHMOND",37153,481,27,402,52,0,472,9,413,8,4,4,NA,6
"671",2020-11-01,"NC","ROBESON",37155,1363,70,887,406,0,1284,79,1273,13,12,12,113,21
"672",2020-11-01,"NC","ROCKINGHAM",37157,1058,65,812,181,0,1021,37,988,3,6,8,19,14
"673",2020-11-01,"NC","ROWAN",37159,1819,73,1250,496,0,1747,72,1518,11,11,14,87,17
"674",2020-11-01,"NC","RUTHERFORD",37161,864,40,560,264,0,841,23,684,13,7,7,31,19
"675",2020-11-01,"NC","SAMPSON",37163,873,45,693,135,0,846,27,843,11,11,11,45,20
"676",2020-11-01,"NC","SCOTLAND",37165,379,33,308,38,0,358,21,299,11,24,25,86,13
"677",2020-11-01,"NC","STANLY",37167,676,18,549,109,0,657,19,537,5,0,0,18,6
"678",2020-11-01,"NC","STOKES",37169,563,23,433,107,0,532,31,463,4,1,1,10,6
"679",2020-11-01,"NC","SURRY",37171,915,29,752,134,0,876,39,848,11,16,18,128,13
"680",2020-11-01,"NC","TRANSYLVANIA",37175,155,4,139,12,0,154,1,129,0,0,0,4,0
"681",2020-11-01,"NC","UNION",37179,2238,79,1649,510,0,2197,41,1860,10,16,17,58,14
"682",2020-11-01,"NC","VANCE",37181,635,30,518,87,0,619,16,541,8,9,11,20,10
"683",2020-11-01,"NC","WAKE",37183,8499,96,4864,3539,45,8413,41,7071,14,65,77,203,35
"684",2020-11-01,"NC","WATAUGA",37189,671,5,499,167,0,670,1,470,2,7,7,59,0
"685",2020-11-01,"NC","WAYNE",37191,1223,63,691,469,11,1176,36,1079,31,28,33,85,32
"686",2020-11-01,"NC","WILKES",37193,961,29,664,268,0,930,31,869,13,12,14,41,18
"687",2020-11-01,"NC","WILSON",37195,1046,91,875,80,0,1021,25,934,17,13,14,0,14
"688",2020-11-01,"NC","YADKIN",37197,551,33,453,65,0,540,11,466,5,0,0,NA,8
"689",2020-12-01,"NC","ALAMANCE",37001,3701,227,3012,462,44,3608,49,3189,20,21,25,172,45
"690",2020-12-01,"NC","ALEXANDER",37003,1172,36,420,716,0,1126,46,1009,13,8,8,NA,20
"691",2020-12-01,"NC","ANSON",37007,548,25,421,102,0,528,20,475,12,5,5,14,12
"692",2020-12-01,"NC","ASHE",37009,521,8,344,169,0,488,33,421,24,13,16,28,20
"693",2020-12-01,"NC","BEAUFORT",37013,1045,34,789,222,0,1011,34,811,7,14,15,50,12
"694",2020-12-01,"NC","BLADEN",37017,588,21,435,132,0,565,23,500,5,0,0,2,5
"695",2020-12-01,"NC","BRUNSWICK",37019,1642,37,1181,424,0,1614,28,1362,13,11,11,51,12
"696",2020-12-01,"NC","BUNCOMBE",37021,4532,119,1766,2647,78,4376,78,3536,28,79,92,420,56
"697",2020-12-01,"NC","BURKE",37023,2387,36,882,1469,0,2302,85,2205,11,19,20,154,20
"698",2020-12-01,"NC","CABARRUS",37025,4690,131,1827,2732,16,4600,74,4125,39,47,54,261,42
"699",2020-12-01,"NC","CALDWELL",37027,2620,47,939,1634,39,2554,27,2251,7,39,41,86,41
"700",2020-12-01,"NC","CARTERET",37031,1154,18,464,672,0,1096,58,979,3,6,6,54,5
"701",2020-12-01,"NC","CASWELL",37033,409,18,267,124,0,402,7,314,3,0,1,NA,1
"702",2020-12-01,"NC","CATAWBA",37035,4683,207,2506,1970,53,4552,78,4109,70,79,88,359,69
"703",2020-12-01,"NC","CHATHAM",37037,617,17,294,306,0,608,9,534,0,3,4,12,2
"704",2020-12-01,"NC","CHEROKEE",37039,449,11,313,125,0,428,21,315,0,1,1,0,0
"705",2020-12-01,"NC","CLEVELAND",37045,2657,107,1274,1276,29,2574,54,2342,30,46,47,127,43
"706",2020-12-01,"NC","COLUMBUS",37047,1115,82,700,333,11,1070,34,872,12,7,8,79,13
"707",2020-12-01,"NC","CRAVEN",37049,2037,112,1104,821,0,1992,45,1987,14,17,20,176,13
"708",2020-12-01,"NC","CUMBERLAND",37051,5274,215,2648,2411,12,5179,83,4405,23,33,39,222,24
"709",2020-12-01,"NC","CURRITUCK",37053,343,5,91,247,0,329,14,317,6,1,1,NA,7
"710",2020-12-01,"NC","DARE",37055,471,14,361,96,0,466,5,372,1,0,0,4,0
"711",2020-12-01,"NC","DAVIDSON",37057,3677,85,1057,2535,15,3585,77,3322,34,48,48,122,38
"712",2020-12-01,"NC","DAVIE",37059,915,24,451,440,0,903,12,853,0,3,5,0,7
"713",2020-12-01,"NC","DUPLIN",37061,980,49,829,102,0,952,28,856,5,11,11,48,20
"714",2020-12-01,"NC","DURHAM",37063,3971,97,2606,1268,0,3926,45,3471,24,44,50,325,27
"715",2020-12-01,"NC","EDGECOMBE",37065,775,36,495,244,0,758,17,672,10,12,12,72,12
"716",2020-12-01,"NC","FORSYTH",37067,7286,340,2083,4863,43,7065,178,7222,55,172,180,985,72
"717",2020-12-01,"NC","FRANKLIN",37069,1242,6,159,1077,0,1224,18,1164,4,0,3,NA,6
"718",2020-12-01,"NC","GASTON",37071,5908,383,2015,3510,62,5727,119,5237,54,63,68,320,70
"719",2020-12-01,"NC","GRANVILLE",37077,1169,34,802,333,0,1154,15,1037,6,9,9,32,9
"720",2020-12-01,"NC","GREENE",37079,400,17,223,160,0,391,9,334,3,1,1,NA,1
"721",2020-12-01,"NC","GUILFORD",37081,8925,319,2501,6105,150,8539,236,7651,73,149,167,825,110
"722",2020-12-01,"NC","HALIFAX",37083,1113,79,344,690,0,1081,32,911,13,16,21,68,19
"723",2020-12-01,"NC","HARNETT",37085,2121,117,1197,807,0,2063,58,1980,17,20,20,109,25
"724",2020-12-01,"NC","HAYWOOD",37087,1051,24,470,557,0,1013,38,929,21,27,30,42,31
"725",2020-12-01,"NC","HENDERSON",37089,2867,60,1233,1574,28,2797,42,2146,17,30,39,88,29
"726",2020-12-01,"NC","HERTFORD",37091,387,18,123,246,0,349,38,357,7,18,20,39,10
"727",2020-12-01,"NC","HOKE",37093,879,14,223,642,0,846,33,788,4,5,6,45,4
"728",2020-12-01,"NC","IREDELL",37097,4348,55,520,3773,16,4250,82,3758,51,55,58,312,48
"729",2020-12-01,"NC","JACKSON",37099,859,30,367,462,14,809,36,859,8,21,23,0,30
"730",2020-12-01,"NC","JOHNSTON",37101,4371,153,1949,2269,39,4271,61,3924,31,31,35,194,43
"731",2020-12-01,"NC","LEE",37105,1180,46,868,266,0,1141,39,1012,11,8,10,56,17
"732",2020-12-01,"NC","LENOIR",37107,1191,64,578,549,0,1133,58,1074,18,22,25,116,22
"733",2020-12-01,"NC","LINCOLN",37109,2144,69,1193,882,0,2105,39,1906,0,15,16,63,11
"734",2020-12-01,"NC","MACON",37113,786,21,596,169,0,778,8,456,0,4,5,25,4
"735",2020-12-01,"NC","MADISON",37115,296,5,215,76,0,286,10,267,2,1,1,NA,3
"736",2020-12-01,"NC","MARTIN",37117,609,29,179,401,0,583,26,483,4,3,3,19,4
"737",2020-12-01,"NC","MCDOWELL",37111,1328,21,882,425,0,1304,24,1182,4,1,1,37,9
"738",2020-12-01,"NC","MECKLENBURG",37119,20341,252,7534,12555,145,20021,175,18793,100,199,216,1014,119
"739",2020-12-01,"NC","MONTGOMERY",37123,607,42,418,147,0,582,25,516,5,1,1,0,9
"740",2020-12-01,"NC","MOORE",37125,2031,108,1077,846,28,1954,49,1925,11,56,62,327,37
"741",2020-12-01,"NC","NASH",37127,1926,64,597,1265,0,1892,34,1622,12,16,19,133,13
"742",2020-12-01,"NC","NEW HANOVER",37129,2870,50,1498,1322,0,2835,35,2589,36,48,50,175,32
"743",2020-12-01,"NC","ONSLOW",37133,3885,125,2941,819,12,3831,42,3326,24,19,20,96,28
"744",2020-12-01,"NC","ORANGE",37135,1298,50,940,308,0,1273,25,1133,3,35,36,215,6
"745",2020-12-01,"NC","PASQUOTANK",37139,851,23,429,399,12,804,35,703,9,31,34,99,19
"746",2020-12-01,"NC","PENDER",37141,968,12,89,867,0,922,46,831,5,2,2,0,7
"747",2020-12-01,"NC","PERSON",37145,718,21,521,176,14,669,35,649,10,5,5,23,9
"748",2020-12-01,"NC","PITT",37147,3851,48,952,2851,0,3803,48,3519,21,55,64,265,14
"749",2020-12-01,"NC","POLK",37149,361,7,242,112,0,357,4,240,0,1,1,15,0
"750",2020-12-01,"NC","RANDOLPH",37151,2907,108,2445,354,21,2864,22,2619,39,28,31,26,40
"751",2020-12-01,"NC","RICHMOND",37153,846,54,697,95,0,823,23,764,9,14,15,NA,13
"752",2020-12-01,"NC","ROBESON",37155,3061,106,1600,1355,0,2981,80,2434,27,35,37,179,48
"753",2020-12-01,"NC","ROCKINGHAM",37157,1661,116,1069,476,30,1600,31,1319,3,26,29,36,36
"754",2020-12-01,"NC","ROWAN",37159,3664,89,860,2715,43,3529,92,3271,38,36,40,129,51
"755",2020-12-01,"NC","RUTHERFORD",37161,2160,37,410,1713,32,2081,47,1866,21,29,32,83,43
"756",2020-12-01,"NC","SAMPSON",37163,1414,79,1089,246,0,1388,26,1223,18,6,6,52,15
"757",2020-12-01,"NC","SCOTLAND",37165,602,30,446,126,0,591,11,560,15,15,17,140,12
"758",2020-12-01,"NC","STANLY",37167,1338,34,411,893,0,1310,28,1339,0,4,4,33,8
"759",2020-12-01,"NC","STOKES",37169,1065,60,736,269,11,1023,31,832,11,6,10,5,23
"760",2020-12-01,"NC","SURRY",37171,1803,65,1292,446,31,1740,32,1621,31,32,36,234,42
"761",2020-12-01,"NC","TRANSYLVANIA",37175,494,18,312,164,0,483,11,358,1,2,2,17,2
"762",2020-12-01,"NC","UNION",37179,5384,120,2013,3251,12,5247,125,4618,23,25,27,116,26
"763",2020-12-01,"NC","VANCE",37181,931,28,612,291,0,921,10,903,13,15,15,29,12
"764",2020-12-01,"NC","WAKE",37183,16384,93,3275,13016,93,16225,66,15301,56,164,182,404,122
"765",2020-12-01,"NC","WATAUGA",37189,817,14,482,321,0,805,12,710,8,11,11,113,3
"766",2020-12-01,"NC","WAYNE",37191,1880,68,906,906,0,1812,68,1623,33,30,33,142,36
"767",2020-12-01,"NC","WILKES",37193,1232,26,621,585,0,1211,21,1162,21,17,26,55,22
"768",2020-12-01,"NC","WILSON",37195,1715,106,1229,380,0,1679,36,1438,22,22,26,22,29
"769",2020-12-01,"NC","YADKIN",37197,916,39,674,203,0,887,29,827,14,5,6,NA,14
"770",2021-01-01,"NC","ALAMANCE",37001,3632,156,2302,1174,33,3571,28,3391,55,43,47,196,69
"771",2021-01-01,"NC","ALEXANDER",37003,761,11,105,645,0,738,23,841,29,13,16,NA,26
"772",2021-01-01,"NC","ANSON",37007,576,23,361,192,0,563,13,624,16,11,11,26,16
"773",2021-01-01,"NC","ASHE",37009,356,4,224,128,0,352,4,470,7,8,9,31,5
"774",2021-01-01,"NC","BEAUFORT",37013,1079,30,772,277,0,1066,13,1254,10,19,22,80,17
"775",2021-01-01,"NC","BLADEN",37017,727,40,468,219,0,701,26,765,10,0,0,3,8
"776",2021-01-01,"NC","BRUNSWICK",37019,2035,51,1399,585,22,1991,22,2169,30,19,20,80,31
"777",2021-01-01,"NC","BUNCOMBE",37021,3871,85,1853,1933,36,3790,45,4114,94,131,152,452,100
"778",2021-01-01,"NC","BURKE",37023,1790,18,646,1126,0,1724,66,2310,31,44,48,137,41
"779",2021-01-01,"NC","CABARRUS",37025,4646,67,815,3764,27,4580,39,4812,48,74,79,318,52
"780",2021-01-01,"NC","CALDWELL",37027,1628,17,722,889,0,1591,37,2029,12,44,50,97,48
"781",2021-01-01,"NC","CARTERET",37031,947,9,219,719,0,914,33,1041,2,10,12,66,12
"782",2021-01-01,"NC","CASWELL",37033,557,28,313,216,0,526,31,585,6,9,9,NA,14
"783",2021-01-01,"NC","CATAWBA",37035,3814,131,1123,2560,27,3715,72,4526,82,110,117,374,80
"784",2021-01-01,"NC","CHATHAM",37037,863,26,181,656,0,847,16,821,5,5,6,27,5
"785",2021-01-01,"NC","CHEROKEE",37039,552,9,305,238,0,547,5,589,2,5,5,0,7
"786",2021-01-01,"NC","CLEVELAND",37045,2276,119,1182,975,0,2242,34,2660,50,46,46,212,36
"787",2021-01-01,"NC","COLUMBUS",37047,1318,68,683,567,0,1272,46,1545,32,20,22,108,34
"788",2021-01-01,"NC","CRAVEN",37049,2023,123,1032,868,0,2001,22,2050,23,30,36,203,23
"789",2021-01-01,"NC","CUMBERLAND",37051,5927,187,2783,2957,22,5822,83,6423,69,101,112,289,98
"790",2021-01-01,"NC","CURRITUCK",37053,454,2,34,418,0,453,1,462,3,1,2,NA,2
"791",2021-01-01,"NC","DARE",37055,571,10,373,188,0,568,3,663,1,1,1,12,4
"792",2021-01-01,"NC","DAVIDSON",37057,3904,80,166,3658,12,3814,78,4299,44,44,48,134,56
"793",2021-01-01,"NC","DAVIE",37059,924,28,422,474,0,913,11,907,7,4,5,0,10
"794",2021-01-01,"NC","DUPLIN",37061,858,44,694,120,0,821,37,1053,48,25,26,62,38
"795",2021-01-01,"NC","DURHAM",37063,4402,73,2332,1997,0,4351,51,4545,34,76,84,466,50
"796",2021-01-01,"NC","EDGECOMBE",37065,823,19,86,718,0,813,10,759,9,13,14,64,8
"797",2021-01-01,"NC","FORSYTH",37067,7035,258,2176,4601,47,6919,69,7152,56,181,196,1115,84
"798",2021-01-01,"NC","FRANKLIN",37069,1367,4,35,1328,0,1358,9,1441,4,4,4,NA,5
"799",2021-01-01,"NC","GASTON",37071,5072,266,1704,3102,34,4971,67,5909,86,101,108,212,98
"800",2021-01-01,"NC","GRANVILLE",37077,979,10,276,693,0,969,10,1123,10,12,13,32,6
"801",2021-01-01,"NC","GREENE",37079,454,10,184,260,0,447,7,426,7,1,1,NA,6
"802",2021-01-01,"NC","GUILFORD",37081,10560,255,3840,6465,126,10245,189,10478,102,221,249,970,189
"803",2021-01-01,"NC","HALIFAX",37083,1381,74,238,1069,0,1332,49,1430,32,30,34,97,34
"804",2021-01-01,"NC","HARNETT",37085,2288,118,1253,917,25,2234,29,2318,23,43,46,145,43
"805",2021-01-01,"NC","HAYWOOD",37087,1056,34,455,567,0,1030,26,1217,15,13,14,95,12
"806",2021-01-01,"NC","HENDERSON",37089,2004,24,724,1256,0,1971,33,2359,38,49,50,102,28
"807",2021-01-01,"NC","HERTFORD",37091,369,12,30,327,0,360,9,447,7,8,9,47,6
"808",2021-01-01,"NC","HOKE",37093,861,10,149,702,0,841,20,922,12,11,11,73,17
"809",2021-01-01,"NC","IREDELL",37097,4117,42,862,3213,27,4071,19,4790,56,79,81,306,59
"810",2021-01-01,"NC","JACKSON",37099,648,20,347,281,0,643,5,745,6,10,11,0,14
"811",2021-01-01,"NC","JOHNSTON",37101,3724,129,1464,2131,16,3672,36,3881,50,39,45,177,58
"812",2021-01-01,"NC","LEE",37105,1182,25,534,623,0,1162,20,1328,15,9,11,66,18
"813",2021-01-01,"NC","LENOIR",37107,1093,65,390,638,0,1049,44,1391,21,29,30,115,24
"814",2021-01-01,"NC","LINCOLN",37109,2179,63,1049,1067,0,2146,33,2507,30,33,35,110,22
"815",2021-01-01,"NC","MACON",37113,898,29,673,196,0,871,27,860,3,21,24,45,17
"816",2021-01-01,"NC","MADISON",37115,373,18,292,63,0,360,13,420,11,12,13,NA,16
"817",2021-01-01,"NC","MARTIN",37117,438,34,137,267,0,418,20,541,4,2,2,38,6
"818",2021-01-01,"NC","MCDOWELL",37111,987,34,612,341,0,965,22,1264,12,7,8,41,18
"819",2021-01-01,"NC","MECKLENBURG",37119,21298,223,6268,14807,86,21098,114,23940,205,323,348,1315,202
"820",2021-01-01,"NC","MONTGOMERY",37123,690,35,456,199,0,652,38,814,22,7,8,9,29
"821",2021-01-01,"NC","MOORE",37125,1931,73,529,1329,24,1874,33,2181,54,96,101,343,62
"822",2021-01-01,"NC","NASH",37127,2161,83,826,1252,0,2108,53,2052,18,21,21,183,21
"823",2021-01-01,"NC","NEW HANOVER",37129,3760,52,1332,2376,26,3720,14,4102,41,74,82,257,41
"824",2021-01-01,"NC","ONSLOW",37133,3576,103,2417,1056,0,3527,49,4346,47,32,35,110,44
"825",2021-01-01,"NC","ORANGE",37135,1590,44,1171,375,0,1574,16,1714,17,59,62,269,21
"826",2021-01-01,"NC","PASQUOTANK",37139,760,16,165,579,0,731,29,889,30,25,33,85,19
"827",2021-01-01,"NC","PENDER",37141,1176,35,109,1032,0,1149,27,1360,25,16,17,0,32
"828",2021-01-01,"NC","PERSON",37145,822,31,507,284,0,805,17,847,29,26,27,35,33
"829",2021-01-01,"NC","PITT",37147,3569,81,1279,2209,0,3542,27,3933,2,67,71,326,6
"830",2021-01-01,"NC","POLK",37149,384,10,249,125,0,366,18,467,6,7,8,19,8
"831",2021-01-01,"NC","RANDOLPH",37151,3220,84,1591,1545,29,3151,40,3423,56,32,35,49,60
"832",2021-01-01,"NC","RICHMOND",37153,995,56,620,319,0,970,25,1037,24,17,18,NA,23
"833",2021-01-01,"NC","ROBESON",37155,3386,95,1392,1899,0,3340,46,3524,43,35,37,246,52
"834",2021-01-01,"NC","ROCKINGHAM",37157,1815,96,946,773,16,1761,38,1800,18,33,37,63,48
"835",2021-01-01,"NC","ROWAN",37159,3498,61,282,3155,32,3439,27,3980,78,82,89,182,85
"836",2021-01-01,"NC","RUTHERFORD",37161,1492,54,778,660,0,1467,25,1904,78,28,34,65,47
"837",2021-01-01,"NC","SAMPSON",37163,1023,43,775,205,0,1006,17,1230,19,5,6,40,17
"838",2021-01-01,"NC","SCOTLAND",37165,551,33,305,213,0,528,23,647,11,31,33,187,13
"839",2021-01-01,"NC","STANLY",37167,1498,30,148,1320,0,1477,21,1654,15,21,25,52,28
"840",2021-01-01,"NC","STOKES",37169,1000,27,551,422,0,977,23,1145,29,5,7,5,24
"841",2021-01-01,"NC","SURRY",37171,1753,27,838,888,0,1715,38,1891,36,39,44,235,33
"842",2021-01-01,"NC","TRANSYLVANIA",37175,600,18,342,240,0,586,14,708,5,6,8,39,11
"843",2021-01-01,"NC","UNION",37179,5251,145,1424,3682,31,5137,83,5779,53,65,70,183,61
"844",2021-01-01,"NC","VANCE",37181,888,13,237,638,0,879,9,1022,7,11,11,47,7
"845",2021-01-01,"NC","WAKE",37183,19537,68,2152,17317,128,19359,50,21069,83,211,248,451,155
"846",2021-01-01,"NC","WATAUGA",37189,780,20,434,326,0,752,28,733,8,17,17,125,7
"847",2021-01-01,"NC","WAYNE",37191,1767,82,843,842,0,1706,61,1859,40,41,42,147,42
"848",2021-01-01,"NC","WILKES",37193,1301,22,508,771,0,1273,28,1495,19,13,15,70,12
"849",2021-01-01,"NC","WILSON",37195,1607,94,877,636,0,1567,40,1880,30,29,32,0,36
"850",2021-01-01,"NC","YADKIN",37197,774,30,569,175,0,768,6,926,11,2,3,NA,10
"851",2021-02-01,"NC","ALAMANCE",37001,1460,41,961,458,0,1430,30,1902,51,17,26,120,30
"852",2021-02-01,"NC","ALEXANDER",37003,341,9,68,264,0,335,6,398,15,2,2,NA,12
"853",2021-02-01,"NC","ANSON",37007,180,9,102,69,0,164,16,249,10,3,6,8,8
"854",2021-02-01,"NC","ASHE",37009,140,1,98,41,0,139,1,187,6,2,2,10,1
"855",2021-02-01,"NC","BEAUFORT",37013,394,18,284,92,0,389,5,456,9,8,8,37,8
"856",2021-02-01,"NC","BLADEN",37017,273,20,194,59,0,260,13,324,6,0,0,3,6
"857",2021-02-01,"NC","BRUNSWICK",37019,1095,31,790,274,0,1080,15,1400,31,16,18,55,30
"858",2021-02-01,"NC","BUNCOMBE",37021,1227,21,791,415,0,1223,4,2173,37,33,37,148,17
"859",2021-02-01,"NC","BURKE",37023,587,10,251,326,0,577,10,704,32,10,14,56,10
"860",2021-02-01,"NC","CABARRUS",37025,1900,15,338,1547,0,1876,24,2490,41,49,54,182,27
"861",2021-02-01,"NC","CALDWELL",37027,566,6,250,310,0,557,9,736,36,18,21,23,23
"862",2021-02-01,"NC","CARTERET",37031,430,2,180,248,0,409,21,686,25,5,7,45,5
"863",2021-02-01,"NC","CASWELL",37033,149,6,100,43,0,148,1,201,8,3,4,NA,4
"864",2021-02-01,"NC","CATAWBA",37035,1430,37,519,874,0,1410,20,1775,38,44,48,154,30
"865",2021-02-01,"NC","CHATHAM",37037,317,10,42,265,0,300,17,401,6,7,9,13,11
"866",2021-02-01,"NC","CHEROKEE",37039,194,6,114,74,0,191,3,257,2,2,2,0,2
"867",2021-02-01,"NC","CLEVELAND",37045,758,32,438,288,0,740,18,908,26,22,26,65,20
"868",2021-02-01,"NC","COLUMBUS",37047,524,19,238,267,0,510,14,651,27,11,13,46,26
"869",2021-02-01,"NC","CRAVEN",37049,957,61,428,468,0,951,6,1093,8,11,13,128,5
"870",2021-02-01,"NC","CUMBERLAND",37051,2715,88,933,1694,0,2694,21,3744,67,41,49,160,34
"871",2021-02-01,"NC","CURRITUCK",37053,156,3,2,151,0,154,2,259,1,1,1,NA,1
"872",2021-02-01,"NC","DARE",37055,113,3,92,18,0,112,1,168,2,3,5,1,2
"873",2021-02-01,"NC","DAVIDSON",37057,1395,35,146,1214,0,1365,30,1594,27,18,23,89,26
"874",2021-02-01,"NC","DAVIE",37059,341,18,182,141,0,337,4,511,8,1,3,0,4
"875",2021-02-01,"NC","DUPLIN",37061,369,14,327,28,0,364,5,394,12,4,4,25,5
"876",2021-02-01,"NC","DURHAM",37063,1703,35,948,720,0,1686,17,2135,28,42,48,251,19
"877",2021-02-01,"NC","EDGECOMBE",37065,490,8,117,365,0,482,8,648,9,5,5,26,9
"878",2021-02-01,"NC","FORSYTH",37067,3166,84,1487,1595,0,3129,37,3944,68,104,121,489,56
"879",2021-02-01,"NC","FRANKLIN",37069,628,2,15,611,0,626,2,760,2,4,4,NA,2
"880",2021-02-01,"NC","GASTON",37071,1925,117,1048,760,0,1895,30,2254,50,33,37,67,35
"881",2021-02-01,"NC","GRANVILLE",37077,462,8,226,228,0,457,5,488,3,3,6,23,3
"882",2021-02-01,"NC","GREENE",37079,159,4,78,77,0,147,12,174,4,0,0,NA,2
"883",2021-02-01,"NC","GUILFORD",37081,3772,123,1898,1751,0,3698,74,4791,138,98,108,634,77
"884",2021-02-01,"NC","HALIFAX",37083,360,31,180,149,0,347,13,667,16,12,13,39,13
"885",2021-02-01,"NC","HARNETT",37085,1085,47,526,512,0,1062,23,1328,34,13,19,86,14
"886",2021-02-01,"NC","HAYWOOD",37087,346,9,179,158,0,330,16,488,10,7,8,35,7
"887",2021-02-01,"NC","HENDERSON",37089,657,21,414,222,0,646,11,1093,14,15,19,40,11
"888",2021-02-01,"NC","HERTFORD",37091,134,0,2,132,0,123,11,149,5,6,6,29,2
"889",2021-02-01,"NC","HOKE",37093,327,1,65,261,0,327,0,431,7,2,2,28,1
"890",2021-02-01,"NC","IREDELL",37097,1601,16,657,928,0,1589,12,2230,33,27,29,114,25
"891",2021-02-01,"NC","JACKSON",37099,241,4,142,95,0,241,0,318,24,2,3,0,1
"892",2021-02-01,"NC","JOHNSTON",37101,1710,45,755,910,0,1681,29,2420,35,25,30,91,33
"893",2021-02-01,"NC","LEE",37105,502,14,244,244,0,499,3,618,10,9,10,36,8
"894",2021-02-01,"NC","LENOIR",37107,582,37,301,244,0,568,14,791,14,9,9,63,9
"895",2021-02-01,"NC","LINCOLN",37109,727,26,363,338,0,724,3,881,21,7,8,52,7
"896",2021-02-01,"NC","MACON",37113,219,8,186,25,0,219,0,301,16,3,6,23,4
"897",2021-02-01,"NC","MADISON",37115,132,2,105,25,0,132,0,123,7,2,2,NA,3
"898",2021-02-01,"NC","MARTIN",37117,161,9,75,77,0,161,0,201,8,3,3,12,7
"899",2021-02-01,"NC","MCDOWELL",37111,415,11,315,89,0,414,1,470,11,6,7,19,8
"900",2021-02-01,"NC","MECKLENBURG",37119,8290,123,3932,4235,0,8198,92,10158,97,153,170,626,81
"901",2021-02-01,"NC","MONTGOMERY",37123,294,15,207,72,0,291,3,323,18,2,3,5,9
"902",2021-02-01,"NC","MOORE",37125,714,28,71,615,0,703,11,895,42,28,31,139,11
"903",2021-02-01,"NC","NASH",37127,952,25,339,588,0,939,13,1575,29,22,22,82,25
"904",2021-02-01,"NC","NEW HANOVER",37129,2096,24,1005,1067,0,2068,28,2382,20,54,58,152,18
"905",2021-02-01,"NC","ONSLOW",37133,1158,23,804,331,0,1138,20,1501,20,11,14,25,17
"906",2021-02-01,"NC","ORANGE",37135,637,24,466,147,0,630,7,942,11,33,34,148,6
"907",2021-02-01,"NC","PASQUOTANK",37139,213,2,17,194,0,213,0,363,3,11,12,45,5
"908",2021-02-01,"NC","PENDER",37141,478,18,64,396,0,454,24,552,8,0,0,0,7
"909",2021-02-01,"NC","PERSON",37145,312,4,215,93,0,310,2,478,14,4,4,17,8
"910",2021-02-01,"NC","PITT",37147,1653,34,858,761,0,1640,13,2079,6,43,48,191,10
"911",2021-02-01,"NC","POLK",37149,118,6,73,39,0,116,2,167,8,3,4,7,4
"912",2021-02-01,"NC","RANDOLPH",37151,1514,48,988,478,0,1484,30,1705,21,8,8,35,20
"913",2021-02-01,"NC","RICHMOND",37153,396,16,282,98,0,379,17,513,18,12,13,NA,13
"914",2021-02-01,"NC","ROBESON",37155,1116,35,557,524,0,1089,27,1803,26,14,18,139,22
"915",2021-02-01,"NC","ROCKINGHAM",37157,502,23,321,158,0,483,19,591,18,11,17,41,18
"916",2021-02-01,"NC","ROWAN",37159,1317,22,226,1069,0,1300,17,1841,36,23,24,68,21
"917",2021-02-01,"NC","RUTHERFORD",37161,348,15,179,154,0,339,9,490,22,8,11,19,16
"918",2021-02-01,"NC","SAMPSON",37163,632,22,522,88,0,623,9,634,12,3,3,28,7
"919",2021-02-01,"NC","SCOTLAND",37165,247,20,155,72,0,228,19,310,10,17,17,77,12
"920",2021-02-01,"NC","STANLY",37167,697,8,67,622,0,683,14,810,18,3,4,31,10
"921",2021-02-01,"NC","STOKES",37169,339,14,217,108,0,337,2,499,10,0,0,4,9
"922",2021-02-01,"NC","SURRY",37171,854,5,142,707,0,837,17,1047,29,23,29,129,28
"923",2021-02-01,"NC","TRANSYLVANIA",37175,211,14,133,64,0,208,3,279,12,3,5,15,6
"924",2021-02-01,"NC","UNION",37179,1994,48,710,1236,0,1936,58,2368,45,35,38,76,35
"925",2021-02-01,"NC","VANCE",37181,536,8,278,250,0,532,4,593,6,7,7,17,5
"926",2021-02-01,"NC","WAKE",37183,7847,35,685,7127,0,7818,29,9122,94,90,113,224,75
"927",2021-02-01,"NC","WATAUGA",37189,400,6,195,199,0,397,3,594,5,7,8,36,6
"928",2021-02-01,"NC","WAYNE",37191,594,26,301,267,0,569,25,948,39,25,32,64,26
"929",2021-02-01,"NC","WILKES",37193,490,2,190,298,0,483,7,610,12,12,13,35,15
"930",2021-02-01,"NC","WILSON",37195,790,56,469,265,0,782,8,993,14,3,4,0,4
"931",2021-02-01,"NC","YADKIN",37197,270,10,213,47,0,267,3,326,7,1,1,NA,6
"932",2021-03-01,"NC","ALAMANCE",37001,1090,37,761,292,0,1076,14,1156,17,2,3,108,7
"933",2021-03-01,"NC","ALEXANDER",37003,149,5,61,83,0,149,0,244,8,0,1,NA,0
"934",2021-03-01,"NC","ANSON",37007,119,4,81,34,0,119,0,145,3,0,0,3,3
"935",2021-03-01,"NC","ASHE",37009,90,3,51,36,0,90,0,101,0,1,1,5,0
"936",2021-03-01,"NC","BEAUFORT",37013,160,12,114,34,0,126,34,223,9,1,2,14,4
"937",2021-03-01,"NC","BLADEN",37017,158,8,108,42,0,158,0,175,1,1,1,1,1
"938",2021-03-01,"NC","BRUNSWICK",37019,560,18,405,137,0,554,6,596,10,3,3,25,9
"939",2021-03-01,"NC","BUNCOMBE",37021,907,29,597,281,0,902,5,950,12,15,20,95,3
"940",2021-03-01,"NC","BURKE",37023,309,9,175,125,0,285,24,331,8,6,8,29,7
"941",2021-03-01,"NC","CABARRUS",37025,1430,46,468,916,0,1414,16,1285,6,17,20,111,8
"942",2021-03-01,"NC","CALDWELL",37027,285,6,181,98,0,281,4,347,25,6,6,12,7
"943",2021-03-01,"NC","CARTERET",37031,312,5,132,175,0,303,9,290,1,5,7,13,7
"944",2021-03-01,"NC","CASWELL",37033,91,5,65,21,0,89,2,121,4,0,1,NA,3
"945",2021-03-01,"NC","CATAWBA",37035,818,15,402,401,0,793,25,816,13,18,19,92,10
"946",2021-03-01,"NC","CHATHAM",37037,223,4,34,185,0,210,13,244,10,3,3,12,3
"947",2021-03-01,"NC","CHEROKEE",37039,129,8,86,35,0,128,1,160,1,1,1,20,1
"948",2021-03-01,"NC","CLEVELAND",37045,567,21,388,158,0,552,15,637,4,5,7,38,4
"949",2021-03-01,"NC","COLUMBUS",37047,266,13,136,117,0,264,2,296,7,1,3,17,3
"950",2021-03-01,"NC","CRAVEN",37049,534,45,257,232,0,524,10,614,5,9,10,82,6
"951",2021-03-01,"NC","CUMBERLAND",37051,1751,56,1336,359,0,1743,8,1786,18,15,17,68,14
"952",2021-03-01,"NC","CURRITUCK",37053,77,1,0,76,0,76,1,91,0,0,0,NA,0
"953",2021-03-01,"NC","DARE",37055,146,5,124,17,0,145,1,133,0,0,0,3,0
"954",2021-03-01,"NC","DAVIDSON",37057,824,14,106,704,0,810,14,752,22,8,11,54,6
"955",2021-03-01,"NC","DAVIE",37059,267,19,141,107,0,265,2,264,8,1,1,0,2
"956",2021-03-01,"NC","DUPLIN",37061,247,11,215,21,0,243,4,292,1,0,0,14,1
"957",2021-03-01,"NC","DURHAM",37063,1690,16,1255,419,0,1658,32,1665,11,20,24,155,7
"958",2021-03-01,"NC","EDGECOMBE",37065,398,10,53,335,0,381,17,398,3,6,7,26,4
"959",2021-03-01,"NC","FORSYTH",37067,1460,59,699,702,0,1446,14,1619,16,41,48,247,14
"960",2021-03-01,"NC","FRANKLIN",37069,588,2,67,519,0,585,3,611,4,0,1,NA,4
"961",2021-03-01,"NC","GASTON",37071,1147,97,676,374,0,1119,28,1196,26,11,16,46,10
"962",2021-03-01,"NC","GRANVILLE",37077,300,4,192,104,0,288,12,381,3,3,3,17,3
"963",2021-03-01,"NC","GREENE",37079,64,2,32,30,0,62,2,56,3,0,0,NA,1
"964",2021-03-01,"NC","GUILFORD",37081,2715,72,1385,1258,0,2652,63,3093,65,43,54,381,32
"965",2021-03-01,"NC","HALIFAX",37083,257,18,140,99,0,232,25,206,7,4,4,10,4
"966",2021-03-01,"NC","HARNETT",37085,844,38,459,347,0,822,22,904,12,6,6,43,8
"967",2021-03-01,"NC","HAYWOOD",37087,186,6,90,90,0,173,13,197,5,2,3,16,3
"968",2021-03-01,"NC","HENDERSON",37089,623,22,461,140,0,618,5,716,12,3,7,22,3
"969",2021-03-01,"NC","HERTFORD",37091,52,0,0,52,0,52,0,56,3,2,2,31,3
"970",2021-03-01,"NC","HOKE",37093,228,0,34,194,0,228,0,246,1,1,2,22,0
"971",2021-03-01,"NC","IREDELL",37097,998,22,519,457,0,989,9,1062,13,11,14,73,9
"972",2021-03-01,"NC","JACKSON",37099,131,4,68,59,0,119,12,163,7,2,2,0,1
"973",2021-03-01,"NC","JOHNSTON",37101,1269,32,604,633,0,1263,6,1494,14,4,7,53,9
"974",2021-03-01,"NC","LEE",37105,229,10,144,75,0,227,2,231,8,2,3,15,2
"975",2021-03-01,"NC","LENOIR",37107,175,11,95,69,0,172,3,230,4,2,2,17,2
"976",2021-03-01,"NC","LINCOLN",37109,428,17,261,150,0,423,5,537,9,4,4,22,1
"977",2021-03-01,"NC","MACON",37113,98,6,83,9,0,97,1,145,3,2,2,4,2
"978",2021-03-01,"NC","MADISON",37115,83,1,63,19,0,83,0,117,3,0,0,NA,0
"979",2021-03-01,"NC","MARTIN",37117,71,6,39,26,0,59,12,78,1,0,0,5,1
"980",2021-03-01,"NC","MCDOWELL",37111,151,6,109,36,0,151,0,234,2,0,1,14,1
"981",2021-03-01,"NC","MECKLENBURG",37119,6070,81,3959,2030,0,6043,27,6173,53,60,71,364,40
"982",2021-03-01,"NC","MONTGOMERY",37123,112,13,63,36,0,109,3,147,5,0,0,1,2
"983",2021-03-01,"NC","MOORE",37125,384,16,110,258,0,381,3,448,10,10,13,68,4
"984",2021-03-01,"NC","NASH",37127,814,30,284,500,0,804,10,833,7,12,12,92,7
"985",2021-03-01,"NC","NEW HANOVER",37129,1421,18,774,629,0,1418,3,1515,11,18,21,82,9
"986",2021-03-01,"NC","ONSLOW",37133,634,20,538,76,0,626,8,790,7,2,4,14,8
"987",2021-03-01,"NC","ORANGE",37135,413,7,320,86,0,410,3,375,7,19,21,95,4
"988",2021-03-01,"NC","PASQUOTANK",37139,112,3,3,106,0,111,1,129,2,0,1,21,1
"989",2021-03-01,"NC","PENDER",37141,319,14,33,272,0,311,8,374,14,0,0,0,4
"990",2021-03-01,"NC","PERSON",37145,190,6,139,45,0,177,13,242,3,2,2,14,4
"991",2021-03-01,"NC","PITT",37147,695,16,414,265,0,690,5,726,9,22,25,122,3
"992",2021-03-01,"NC","POLK",37149,55,2,43,10,0,54,1,55,0,0,0,4,1
"993",2021-03-01,"NC","RANDOLPH",37151,934,40,637,257,0,922,12,1051,15,6,7,33,12
"994",2021-03-01,"NC","RICHMOND",37153,193,9,141,43,0,193,0,183,3,1,1,NA,3
"995",2021-03-01,"NC","ROBESON",37155,455,18,273,164,0,454,1,532,18,6,6,98,5
"996",2021-03-01,"NC","ROCKINGHAM",37157,261,9,155,97,0,259,2,275,20,4,5,17,3
"997",2021-03-01,"NC","ROWAN",37159,838,27,511,300,0,832,6,846,15,10,10,42,4
"998",2021-03-01,"NC","RUTHERFORD",37161,206,8,89,109,0,194,12,224,9,2,3,13,4
"999",2021-03-01,"NC","SAMPSON",37163,543,28,442,73,0,538,5,618,7,3,3,23,13
"1000",2021-03-01,"NC","SCOTLAND",37165,81,2,60,19,0,81,0,94,5,2,2,41,2
"1001",2021-03-01,"NC","STANLY",37167,419,21,45,353,0,412,7,498,1,2,3,11,5
"1002",2021-03-01,"NC","STOKES",37169,115,2,67,46,0,114,1,123,12,3,3,2,4
"1003",2021-03-01,"NC","SURRY",37171,277,7,145,125,0,273,4,297,15,2,3,55,4
"1004",2021-03-01,"NC","TRANSYLVANIA",37175,171,2,106,63,0,170,1,163,1,1,1,5,3
"1005",2021-03-01,"NC","UNION",37179,1476,58,589,829,0,1423,53,1729,13,8,8,51,9
"1006",2021-03-01,"NC","VANCE",37181,299,13,182,104,0,287,12,351,4,5,5,17,3
"1007",2021-03-01,"NC","WAKE",37183,6244,43,2067,4134,0,6221,23,6260,162,36,44,190,20
"1008",2021-03-01,"NC","WATAUGA",37189,325,0,194,131,0,324,1,344,1,0,0,17,0
"1009",2021-03-01,"NC","WAYNE",37191,334,12,151,171,0,315,19,328,10,5,7,36,5
"1010",2021-03-01,"NC","WILKES",37193,310,6,141,163,0,295,15,315,2,3,6,18,1
"1011",2021-03-01,"NC","WILSON",37195,609,80,304,225,0,578,31,641,11,4,6,70,11
"1012",2021-03-01,"NC","YADKIN",37197,144,10,105,29,0,142,2,171,1,0,0,NA,2
"1013",2021-04-01,"NC","ALAMANCE",37001,926,44,667,215,0,911,15,948,24,6,8,89,11
"1014",2021-04-01,"NC","ALEXANDER",37003,119,9,55,55,0,118,1,206,1,0,0,NA,1
"1015",2021-04-01,"NC","ANSON",37007,110,1,78,31,0,110,0,102,0,1,1,2,0
"1016",2021-04-01,"NC","ASHE",37009,75,0,49,26,0,75,0,111,1,1,1,8,0
"1017",2021-04-01,"NC","BEAUFORT",37013,120,7,96,17,0,109,11,59,6,1,2,17,3
"1018",2021-04-01,"NC","BLADEN",37017,132,7,96,29,0,121,11,123,0,0,0,1,0
"1019",2021-04-01,"NC","BRUNSWICK",37019,449,13,341,95,0,445,4,445,9,2,3,18,5
"1020",2021-04-01,"NC","BUNCOMBE",37021,981,29,622,330,0,973,8,997,11,14,18,117,4
"1021",2021-04-01,"NC","BURKE",37023,307,9,157,141,0,301,6,316,7,8,8,36,7
"1022",2021-04-01,"NC","CABARRUS",37025,1656,90,667,899,0,1645,11,1714,10,14,16,144,7
"1023",2021-04-01,"NC","CALDWELL",37027,272,6,140,126,0,258,14,280,3,4,4,11,3
"1024",2021-04-01,"NC","CARTERET",37031,290,0,121,169,0,287,3,331,6,2,2,5,2
"1025",2021-04-01,"NC","CASWELL",37033,85,3,64,18,0,82,3,77,0,0,0,NA,0
"1026",2021-04-01,"NC","CATAWBA",37035,768,18,346,404,0,747,21,938,7,8,9,95,6
"1027",2021-04-01,"NC","CHATHAM",37037,177,4,26,147,0,177,0,223,1,2,2,10,2
"1028",2021-04-01,"NC","CHEROKEE",37039,230,24,146,60,0,223,7,237,0,3,3,45,4
"1029",2021-04-01,"NC","CLEVELAND",37045,426,32,287,107,0,415,11,437,5,3,5,36,3
"1030",2021-04-01,"NC","COLUMBUS",37047,156,6,85,65,0,143,13,164,1,1,1,18,2
"1031",2021-04-01,"NC","CRAVEN",37049,306,19,148,139,0,301,5,302,4,3,6,39,3
"1032",2021-04-01,"NC","CUMBERLAND",37051,2201,68,1692,441,0,2187,14,2054,7,14,14,69,7
"1033",2021-04-01,"NC","CURRITUCK",37053,67,0,0,67,0,67,0,61,1,0,0,NA,1
"1034",2021-04-01,"NC","DARE",37055,88,1,79,8,0,88,0,94,2,0,0,3,1
"1035",2021-04-01,"NC","DAVIDSON",37057,856,17,108,731,0,847,9,850,7,8,9,45,6
"1036",2021-04-01,"NC","DAVIE",37059,199,8,107,84,0,198,1,217,1,0,0,0,1
"1037",2021-04-01,"NC","DUPLIN",37061,218,6,202,10,0,204,14,238,4,3,3,14,5
"1038",2021-04-01,"NC","DURHAM",37063,1325,18,914,393,0,1319,6,1618,4,9,13,193,3
"1039",2021-04-01,"NC","EDGECOMBE",37065,421,13,170,238,0,414,7,430,9,3,5,32,7
"1040",2021-04-01,"NC","FORSYTH",37067,1854,92,858,904,0,1828,26,1905,13,29,35,265,11
"1041",2021-04-01,"NC","FRANKLIN",37069,533,2,149,382,0,509,24,670,2,1,1,NA,1
"1042",2021-04-01,"NC","GASTON",37071,1312,85,813,414,0,1292,20,1305,19,19,22,45,18
"1043",2021-04-01,"NC","GRANVILLE",37077,264,11,170,83,0,262,2,316,1,0,0,12,2
"1044",2021-04-01,"NC","GREENE",37079,98,7,60,31,0,95,3,97,2,0,0,NA,2
"1045",2021-04-01,"NC","GUILFORD",37081,2841,74,1486,1281,0,2808,33,3598,76,25,27,305,17
"1046",2021-04-01,"NC","HALIFAX",37083,273,12,142,119,0,272,1,318,5,2,3,21,4
"1047",2021-04-01,"NC","HARNETT",37085,750,42,523,185,0,740,10,816,6,3,3,50,4
"1048",2021-04-01,"NC","HAYWOOD",37087,218,2,100,116,0,212,6,265,4,2,3,17,3
"1049",2021-04-01,"NC","HENDERSON",37089,519,14,401,104,0,513,6,529,5,3,3,34,1
"1050",2021-04-01,"NC","HERTFORD",37091,61,0,2,59,0,61,0,79,0,1,1,7,0
"1051",2021-04-01,"NC","HOKE",37093,244,4,42,198,0,244,0,237,0,1,1,23,0
"1052",2021-04-01,"NC","IREDELL",37097,983,20,475,488,0,963,20,956,3,5,6,75,7
"1053",2021-04-01,"NC","JACKSON",37099,86,0,38,48,0,86,0,94,1,1,1,5,1
"1054",2021-04-01,"NC","JOHNSTON",37101,1351,36,653,662,0,1320,31,1710,8,3,4,57,6
"1055",2021-04-01,"NC","LEE",37105,226,16,146,64,0,214,12,218,2,2,3,18,1
"1056",2021-04-01,"NC","LENOIR",37107,292,32,123,137,0,272,20,222,3,2,2,40,5
"1057",2021-04-01,"NC","LINCOLN",37109,551,25,366,160,0,543,8,549,5,1,1,36,1
"1058",2021-04-01,"NC","MACON",37113,87,10,67,10,0,84,3,349,5,3,3,7,3
"1059",2021-04-01,"NC","MADISON",37115,78,2,59,17,0,65,13,89,1,0,0,NA,2
"1060",2021-04-01,"NC","MARTIN",37117,69,8,41,20,0,65,4,83,1,1,1,3,2
"1061",2021-04-01,"NC","MCDOWELL",37111,163,8,108,47,0,163,0,158,0,0,1,11,1
"1062",2021-04-01,"NC","MECKLENBURG",37119,6960,108,3931,2921,0,6910,50,7223,31,49,63,504,33
"1063",2021-04-01,"NC","MONTGOMERY",37123,85,10,49,26,0,84,1,91,2,0,0,2,2
"1064",2021-04-01,"NC","MOORE",37125,380,27,242,111,0,375,5,373,5,6,6,85,1
"1065",2021-04-01,"NC","NASH",37127,723,31,228,464,0,711,12,771,7,11,14,85,10
"1066",2021-04-01,"NC","NEW HANOVER",37129,1175,17,598,560,0,1169,6,1250,3,7,7,72,2
"1067",2021-04-01,"NC","ONSLOW",37133,1290,23,1081,186,0,1258,32,1221,2,1,4,13,1
"1068",2021-04-01,"NC","ORANGE",37135,333,11,240,82,0,331,2,406,1,11,12,79,0
"1069",2021-04-01,"NC","PASQUOTANK",37139,137,2,41,94,0,135,2,117,1,3,3,39,1
"1070",2021-04-01,"NC","PENDER",37141,311,17,39,255,0,307,4,285,0,0,0,0,0
"1071",2021-04-01,"NC","PERSON",37145,118,5,69,44,0,116,2,105,0,1,1,4,0
"1072",2021-04-01,"NC","PITT",37147,1083,21,580,482,0,1076,7,1077,0,13,15,121,4
"1073",2021-04-01,"NC","POLK",37149,46,3,29,14,0,44,2,48,2,1,1,1,1
"1074",2021-04-01,"NC","RANDOLPH",37151,570,25,368,177,0,566,4,617,9,2,3,24,6
"1075",2021-04-01,"NC","RICHMOND",37153,228,13,142,73,0,214,14,237,0,2,2,NA,1
"1076",2021-04-01,"NC","ROBESON",37155,570,21,296,253,0,527,43,546,6,3,3,132,7
"1077",2021-04-01,"NC","ROCKINGHAM",37157,356,20,217,119,0,338,18,300,25,1,3,15,2
"1078",2021-04-01,"NC","ROWAN",37159,864,20,515,329,0,857,7,902,3,5,5,43,6
"1079",2021-04-01,"NC","RUTHERFORD",37161,247,7,135,105,0,220,27,261,2,1,2,4,5
"1080",2021-04-01,"NC","SAMPSON",37163,412,25,313,74,0,398,14,433,9,1,2,29,3
"1081",2021-04-01,"NC","SCOTLAND",37165,169,11,120,38,0,157,12,151,4,5,5,57,3
"1082",2021-04-01,"NC","STANLY",37167,406,18,117,271,0,401,5,408,19,4,4,31,7
"1083",2021-04-01,"NC","STOKES",37169,203,5,118,80,0,203,0,195,2,0,2,0,0
"1084",2021-04-01,"NC","SURRY",37171,347,8,180,159,0,329,18,425,3,5,5,70,2
"1085",2021-04-01,"NC","TRANSYLVANIA",37175,216,1,146,69,0,214,2,250,4,1,1,7,1
"1086",2021-04-01,"NC","UNION",37179,1549,65,673,811,0,1515,34,1594,6,8,9,60,7
"1087",2021-04-01,"NC","VANCE",37181,227,14,146,67,0,214,13,241,1,6,6,22,2
"1088",2021-04-01,"NC","WAKE",37183,5767,43,2164,3560,0,5746,21,5401,37,27,36,171,18
"1089",2021-04-01,"NC","WATAUGA",37189,147,0,95,52,0,146,1,249,1,1,2,28,0
"1090",2021-04-01,"NC","WAYNE",37191,453,17,214,222,0,442,11,432,9,8,10,51,9
"1091",2021-04-01,"NC","WILKES",37193,245,6,109,130,0,241,4,253,6,2,2,25,5
"1092",2021-04-01,"NC","WILSON",37195,470,39,247,184,0,465,5,524,14,9,11,50,11
"1093",2021-04-01,"NC","YADKIN",37197,145,10,111,24,0,143,2,139,0,0,0,NA,1
"1094",2021-05-01,"NC","ALAMANCE",37001,342,23,211,108,0,326,16,931,23,5,8,78,8
"1095",2021-05-01,"NC","ALEXANDER",37003,58,5,21,32,0,57,1,63,1,0,0,NA,0
"1096",2021-05-01,"NC","ANSON",37007,59,1,43,15,0,59,0,80,0,0,0,5,0
"1097",2021-05-01,"NC","ASHE",37009,45,1,33,11,0,44,1,87,0,0,0,9,0
"1098",2021-05-01,"NC","BEAUFORT",37013,138,8,113,17,0,126,12,168,0,3,3,15,2
"1099",2021-05-01,"NC","BLADEN",37017,123,8,78,37,0,121,2,102,1,0,0,5,1
"1100",2021-05-01,"NC","BRUNSWICK",37019,207,9,159,39,0,203,4,238,1,3,3,13,2
"1101",2021-05-01,"NC","BUNCOMBE",37021,445,11,259,175,0,440,5,508,9,14,14,81,7
"1102",2021-05-01,"NC","BURKE",37023,195,6,102,87,0,170,25,201,6,4,5,44,5
"1103",2021-05-01,"NC","CABARRUS",37025,641,36,291,314,0,634,7,655,9,11,13,81,6
"1104",2021-05-01,"NC","CALDWELL",37027,179,8,114,57,0,165,14,200,6,5,5,12,4
"1105",2021-05-01,"NC","CARTERET",37031,144,2,32,110,0,125,19,145,3,5,5,18,4
"1106",2021-05-01,"NC","CASWELL",37033,29,1,17,11,0,29,0,42,2,0,1,NA,0
"1107",2021-05-01,"NC","CATAWBA",37035,478,12,251,215,0,465,13,489,7,10,11,59,7
"1108",2021-05-01,"NC","CHATHAM",37037,120,5,19,96,0,109,11,128,3,1,1,0,1
"1109",2021-05-01,"NC","CHEROKEE",37039,73,8,30,35,0,70,3,111,14,0,0,17,1
"1110",2021-05-01,"NC","CLEVELAND",37045,221,9,142,70,0,218,3,253,3,3,3,25,3
"1111",2021-05-01,"NC","COLUMBUS",37047,94,4,41,49,0,82,12,87,1,0,0,13,0
"1112",2021-05-01,"NC","CRAVEN",37049,218,16,96,106,0,215,3,221,5,6,6,35,4
"1113",2021-05-01,"NC","CUMBERLAND",37051,1449,55,1115,279,0,1432,17,1675,10,19,21,72,14
"1114",2021-05-01,"NC","CURRITUCK",37053,41,0,2,39,0,41,0,52,0,0,0,NA,0
"1115",2021-05-01,"NC","DARE",37055,36,0,30,6,0,36,0,57,0,1,3,4,0
"1116",2021-05-01,"NC","DAVIDSON",37057,647,23,50,574,0,637,10,654,8,6,8,60,7
"1117",2021-05-01,"NC","DAVIE",37059,114,6,44,64,0,112,2,131,1,2,2,0,2
"1118",2021-05-01,"NC","DUPLIN",37061,99,6,87,6,0,88,11,116,5,3,3,13,6
"1119",2021-05-01,"NC","DURHAM",37063,466,6,311,149,0,459,7,759,6,21,21,91,6
"1120",2021-05-01,"NC","EDGECOMBE",37065,181,6,74,101,0,179,2,187,2,6,6,14,2
"1121",2021-05-01,"NC","FORSYTH",37067,911,47,380,484,0,902,9,1220,8,29,33,221,11
"1122",2021-05-01,"NC","FRANKLIN",37069,275,7,80,188,0,274,1,345,2,0,0,NA,4
"1123",2021-05-01,"NC","GASTON",37071,744,63,503,178,0,726,18,706,17,18,21,26,16
"1124",2021-05-01,"NC","GRANVILLE",37077,83,2,60,21,0,83,0,119,3,1,1,11,2
"1125",2021-05-01,"NC","GREENE",37079,93,1,46,46,0,92,1,85,0,1,1,NA,1
"1126",2021-05-01,"NC","GUILFORD",37081,1219,59,741,419,0,1199,20,1697,18,27,31,216,20
"1127",2021-05-01,"NC","HALIFAX",37083,126,6,66,54,0,114,12,123,3,1,1,9,2
"1128",2021-05-01,"NC","HARNETT",37085,470,36,357,77,0,456,14,511,7,3,3,26,5
"1129",2021-05-01,"NC","HAYWOOD",37087,136,5,58,73,0,123,13,147,1,0,0,17,0
"1130",2021-05-01,"NC","HENDERSON",37089,210,4,152,54,0,208,2,234,3,3,5,11,5
"1131",2021-05-01,"NC","HERTFORD",37091,33,0,1,32,0,33,0,29,1,1,1,8,1
"1132",2021-05-01,"NC","HOKE",37093,188,2,46,140,0,188,0,205,1,1,1,24,0
"1133",2021-05-01,"NC","IREDELL",37097,608,15,325,268,0,591,17,646,11,11,13,62,9
"1134",2021-05-01,"NC","JACKSON",37099,52,1,27,24,0,52,0,43,0,0,1,1,0
"1135",2021-05-01,"NC","JOHNSTON",37101,689,28,339,322,0,686,3,890,13,6,8,41,9
"1136",2021-05-01,"NC","LEE",37105,163,12,89,62,0,159,4,180,3,2,2,17,4
"1137",2021-05-01,"NC","LENOIR",37107,277,28,117,132,0,258,19,292,5,5,7,35,8
"1138",2021-05-01,"NC","LINCOLN",37109,308,7,204,97,0,308,0,363,1,2,2,38,1
"1139",2021-05-01,"NC","MACON",37113,31,4,20,7,0,31,0,98,4,0,0,5,1
"1140",2021-05-01,"NC","MADISON",37115,30,3,20,7,0,30,0,59,1,0,0,NA,1
"1141",2021-05-01,"NC","MARTIN",37117,51,6,25,20,0,39,12,37,5,1,1,0,5
"1142",2021-05-01,"NC","MCDOWELL",37111,88,0,66,22,0,88,0,97,0,0,2,2,0
"1143",2021-05-01,"NC","MECKLENBURG",37119,2905,66,1878,961,0,2882,23,3289,29,50,53,319,29
"1144",2021-05-01,"NC","MONTGOMERY",37123,46,3,38,5,0,45,1,50,3,0,0,2,3
"1145",2021-05-01,"NC","MOORE",37125,167,7,146,14,0,156,11,200,3,11,12,68,4
"1146",2021-05-01,"NC","NASH",37127,310,22,143,145,0,302,8,301,13,7,7,56,5
"1147",2021-05-01,"NC","NEW HANOVER",37129,480,15,202,263,0,473,7,537,3,12,14,61,7
"1148",2021-05-01,"NC","ONSLOW",37133,705,25,553,127,0,687,18,861,6,5,5,16,6
"1149",2021-05-01,"NC","ORANGE",37135,79,0,50,29,0,79,0,85,0,13,14,73,0
"1150",2021-05-01,"NC","PASQUOTANK",37139,95,9,37,49,0,70,25,108,3,3,4,55,4
"1151",2021-05-01,"NC","PENDER",37141,157,9,31,117,0,155,2,202,0,0,0,0,1
"1152",2021-05-01,"NC","PERSON",37145,121,2,75,44,0,121,0,122,4,1,1,7,3
"1153",2021-05-01,"NC","PITT",37147,856,18,436,402,0,850,6,895,10,21,24,98,1
"1154",2021-05-01,"NC","POLK",37149,36,1,18,17,0,36,0,37,0,0,0,8,1
"1155",2021-05-01,"NC","RANDOLPH",37151,278,14,163,101,0,265,13,324,6,2,3,13,4
"1156",2021-05-01,"NC","RICHMOND",37153,133,8,113,12,0,130,3,121,5,4,5,NA,4
"1157",2021-05-01,"NC","ROBESON",37155,394,21,228,145,0,368,26,374,14,7,7,122,11
"1158",2021-05-01,"NC","ROCKINGHAM",37157,220,11,154,55,0,219,1,360,14,0,2,12,2
"1159",2021-05-01,"NC","ROWAN",37159,411,19,244,148,0,410,1,448,6,6,7,28,5
"1160",2021-05-01,"NC","RUTHERFORD",37161,165,5,97,63,0,161,4,187,7,6,8,10,8
"1161",2021-05-01,"NC","SAMPSON",37163,144,10,115,19,0,133,11,165,5,2,4,15,4
"1162",2021-05-01,"NC","SCOTLAND",37165,99,15,76,8,0,97,2,114,2,5,5,42,2
"1163",2021-05-01,"NC","STANLY",37167,167,6,72,89,0,156,11,195,3,3,3,6,2
"1164",2021-05-01,"NC","STOKES",37169,184,9,112,63,0,181,3,195,0,0,0,2,0
"1165",2021-05-01,"NC","SURRY",37171,243,12,134,97,0,218,25,249,8,8,8,67,8
"1166",2021-05-01,"NC","TRANSYLVANIA",37175,57,2,34,21,0,57,0,91,1,1,1,1,2
"1167",2021-05-01,"NC","UNION",37179,666,24,261,381,0,653,13,684,8,7,10,27,8
"1168",2021-05-01,"NC","VANCE",37181,78,5,44,29,0,77,1,97,1,4,4,11,2
"1169",2021-05-01,"NC","WAKE",37183,3023,33,1231,1759,0,3009,14,2836,7,21,22,125,9
"1170",2021-05-01,"NC","WATAUGA",37189,73,0,43,30,0,73,0,237,0,0,0,10,0
"1171",2021-05-01,"NC","WAYNE",37191,338,6,175,157,0,330,8,338,3,7,10,40,3
"1172",2021-05-01,"NC","WILKES",37193,233,5,103,125,0,218,15,228,2,3,3,15,4
"1173",2021-05-01,"NC","WILSON",37195,173,17,89,67,0,160,13,205,7,2,2,21,5
"1174",2021-05-01,"NC","YADKIN",37197,131,21,89,21,0,126,5,158,4,0,1,NA,5
"1175",2021-06-01,"NC","ALAMANCE",37001,214,17,122,75,0,212,2,303,3,4,5,56,1
"1176",2021-06-01,"NC","ALEXANDER",37003,42,6,17,19,0,41,1,40,1,0,0,NA,1
"1177",2021-06-01,"NC","ANSON",37007,35,2,26,7,0,34,1,29,1,0,0,0,1
"1178",2021-06-01,"NC","ASHE",37009,13,0,7,6,0,12,1,81,4,1,1,5,2
"1179",2021-06-01,"NC","BEAUFORT",37013,88,5,74,9,0,88,0,87,7,1,1,7,2
"1180",2021-06-01,"NC","BLADEN",37017,177,25,112,40,0,148,29,178,4,0,0,7,5
"1181",2021-06-01,"NC","BRUNSWICK",37019,93,3,72,18,0,92,1,86,3,1,1,2,2
"1182",2021-06-01,"NC","BUNCOMBE",37021,164,6,94,64,0,152,12,153,3,6,6,32,2
"1183",2021-06-01,"NC","BURKE",37023,125,2,60,63,0,124,1,105,4,5,6,11,3
"1184",2021-06-01,"NC","CABARRUS",37025,336,29,190,117,0,332,4,251,2,4,4,38,3
"1185",2021-06-01,"NC","CALDWELL",37027,100,8,55,37,0,97,3,95,0,1,1,9,3
"1186",2021-06-01,"NC","CARTERET",37031,86,2,15,69,0,62,24,44,3,2,2,11,1
"1187",2021-06-01,"NC","CASWELL",37033,23,1,17,5,0,12,11,14,1,0,0,NA,0
"1188",2021-06-01,"NC","CATAWBA",37035,219,19,126,74,0,202,17,177,7,3,8,49,5
"1189",2021-06-01,"NC","CHATHAM",37037,50,1,12,37,0,49,1,30,-1,0,0,4,0
"1190",2021-06-01,"NC","CHEROKEE",37039,48,1,35,12,0,47,1,20,4,1,1,6,4
"1191",2021-06-01,"NC","CLEVELAND",37045,161,7,122,32,0,158,3,132,1,0,1,12,1
"1192",2021-06-01,"NC","COLUMBUS",37047,95,6,44,45,0,82,13,87,1,4,4,17,2
"1193",2021-06-01,"NC","CRAVEN",37049,69,9,23,37,0,58,11,66,0,0,0,30,0
"1194",2021-06-01,"NC","CUMBERLAND",37051,694,26,519,149,0,687,7,703,12,7,7,34,8
"1195",2021-06-01,"NC","DARE",37055,55,5,46,4,0,55,0,49,0,0,0,5,0
"1196",2021-06-01,"NC","DAVIDSON",37057,184,8,43,133,0,182,2,178,5,6,10,22,4
"1197",2021-06-01,"NC","DAVIE",37059,34,3,9,22,0,22,12,37,2,0,0,0,1
"1198",2021-06-01,"NC","DUPLIN",37061,83,4,70,9,0,83,0,58,5,1,2,3,4
"1199",2021-06-01,"NC","DURHAM",37063,239,10,181,48,0,236,3,236,8,10,11,64,1
"1200",2021-06-01,"NC","EDGECOMBE",37065,58,0,17,41,0,57,1,55,0,0,0,5,0
"1201",2021-06-01,"NC","FORSYTH",37067,301,18,113,170,0,298,3,545,39,23,25,94,5
"1202",2021-06-01,"NC","FRANKLIN",37069,71,1,30,40,0,71,0,36,3,0,0,NA,1
"1203",2021-06-01,"NC","GASTON",37071,348,26,237,85,0,347,1,321,9,9,13,11,7
"1204",2021-06-01,"NC","GRANVILLE",37077,33,1,22,10,0,33,0,-6,0,0,0,2,0
"1205",2021-06-01,"NC","GREENE",37079,51,3,20,28,0,50,1,48,3,0,0,NA,0
"1206",2021-06-01,"NC","GUILFORD",37081,443,17,242,184,0,419,24,563,11,11,14,142,6
"1207",2021-06-01,"NC","HALIFAX",37083,49,5,25,19,0,47,2,42,2,1,1,10,2
"1208",2021-06-01,"NC","HARNETT",37085,186,13,157,16,0,185,1,216,5,1,2,16,4
"1209",2021-06-01,"NC","HAYWOOD",37087,39,2,20,17,0,39,0,48,3,1,1,4,1
"1210",2021-06-01,"NC","HENDERSON",37089,80,1,47,32,0,80,0,44,4,1,2,6,0
"1211",2021-06-01,"NC","HERTFORD",37091,12,0,5,7,0,12,0,6,0,0,0,2,0
"1212",2021-06-01,"NC","HOKE",37093,86,2,15,69,0,86,0,101,0,0,0,20,0
"1213",2021-06-01,"NC","IREDELL",37097,247,10,142,95,0,245,2,225,19,5,5,37,5
"1214",2021-06-01,"NC","JACKSON",37099,12,0,3,9,0,12,0,45,0,1,1,0,0
"1215",2021-06-01,"NC","JOHNSTON",37101,327,16,166,145,0,326,1,306,13,1,1,29,1
"1216",2021-06-01,"NC","LEE",37105,74,6,44,24,0,72,2,69,4,1,2,8,1
"1217",2021-06-01,"NC","LENOIR",37107,96,8,32,56,0,71,25,103,7,3,3,8,3
"1218",2021-06-01,"NC","LINCOLN",37109,98,5,58,35,0,97,1,70,0,3,3,8,0
"1219",2021-06-01,"NC","MACON",37113,31,2,22,7,0,31,0,10,1,0,0,4,1
"1220",2021-06-01,"NC","MARTIN",37117,54,6,24,24,0,53,1,57,1,0,0,14,0
"1221",2021-06-01,"NC","MCDOWELL",37111,42,1,33,8,0,42,0,14,0,1,1,2,0
"1222",2021-06-01,"NC","MECKLENBURG",37119,1382,30,846,506,0,1374,8,1404,7,17,21,143,6
"1223",2021-06-01,"NC","MONTGOMERY",37123,40,5,33,2,0,39,1,37,1,0,0,0,1
"1224",2021-06-01,"NC","MOORE",37125,106,6,87,13,0,105,1,87,4,2,2,31,2
"1225",2021-06-01,"NC","NASH",37127,123,6,65,52,0,121,2,100,3,3,3,30,3
"1226",2021-06-01,"NC","NEW HANOVER",37129,185,3,105,77,0,185,0,172,8,7,8,31,4
"1227",2021-06-01,"NC","ONSLOW",37133,308,10,245,53,0,294,14,429,6,5,5,17,6
"1228",2021-06-01,"NC","ORANGE",37135,65,3,43,19,0,63,2,27,0,5,6,46,0
"1229",2021-06-01,"NC","PASQUOTANK",37139,35,6,13,16,0,33,2,32,2,1,1,62,2
"1230",2021-06-01,"NC","PENDER",37141,65,5,8,52,0,53,12,50,2,0,0,0,0
"1231",2021-06-01,"NC","PERSON",37145,73,2,36,35,0,62,11,71,0,0,0,0,0
"1232",2021-06-01,"NC","PITT",37147,336,10,177,149,0,333,3,335,0,9,9,75,0
"1233",2021-06-01,"NC","RANDOLPH",37151,170,5,104,61,0,170,0,175,2,0,1,5,1
"1234",2021-06-01,"NC","RICHMOND",37153,98,10,79,9,0,96,2,91,1,2,2,NA,1
"1235",2021-06-01,"NC","ROBESON",37155,338,11,187,140,0,325,13,245,29,4,4,122,4
"1236",2021-06-01,"NC","ROCKINGHAM",37157,43,3,28,12,0,41,2,343,35,0,0,3,2
"1237",2021-06-01,"NC","ROWAN",37159,242,20,150,72,0,238,4,207,5,3,5,25,3
"1238",2021-06-01,"NC","RUTHERFORD",37161,45,4,15,26,0,43,2,42,4,3,5,2,4
"1239",2021-06-01,"NC","SAMPSON",37163,154,17,118,19,0,152,2,163,1,2,3,19,1
"1240",2021-06-01,"NC","SCOTLAND",37165,62,3,47,12,0,62,0,67,2,5,5,38,2
"1241",2021-06-01,"NC","STANLY",37167,55,6,4,45,0,53,2,42,4,2,2,7,2
"1242",2021-06-01,"NC","STOKES",37169,62,4,27,31,0,60,2,75,2,0,1,4,3
"1243",2021-06-01,"NC","SURRY",37171,49,1,24,24,0,48,1,66,4,4,5,24,3
"1244",2021-06-01,"NC","TRANSYLVANIA",37175,12,1,7,4,0,12,0,-6,0,0,0,0,0
"1245",2021-06-01,"NC","UNION",37179,310,17,160,133,0,308,2,258,3,1,1,18,1
"1246",2021-06-01,"NC","VANCE",37181,24,2,14,8,0,23,1,11,2,0,0,6,1
"1247",2021-06-01,"NC","WAKE",37183,921,15,554,352,0,918,3,791,9,15,20,52,10
"1248",2021-06-01,"NC","WATAUGA",37189,44,1,15,28,0,43,1,266,2,0,0,17,0
"1249",2021-06-01,"NC","WAYNE",37191,188,8,82,98,0,174,14,158,0,7,8,30,6
"1250",2021-06-01,"NC","WILKES",37193,130,6,55,69,0,126,4,171,5,1,1,18,3
"1251",2021-06-01,"NC","WILSON",37195,149,10,74,65,0,149,0,160,2,0,0,13,1
"1252",2021-06-01,"NC","YADKIN",37197,11,0,10,1,0,11,0,39,4,0,0,NA,0
"1253",2021-07-01,"NC","ALAMANCE",37001,673,29,400,244,0,668,5,385,-1,0,0,60,1
"1254",2021-07-01,"NC","ALEXANDER",37003,198,16,99,83,0,184,14,114,0,0,0,NA,1
"1255",2021-07-01,"NC","ANSON",37007,90,5,71,14,0,87,3,54,1,0,0,1,0
"1256",2021-07-01,"NC","ASHE",37009,103,2,78,23,0,103,0,60,0,2,3,5,0
"1257",2021-07-01,"NC","BEAUFORT",37013,111,5,86,20,0,110,1,101,1,0,0,9,0
"1258",2021-07-01,"NC","BLADEN",37017,390,29,271,90,0,364,26,259,10,3,4,6,11
"1259",2021-07-01,"NC","BRUNSWICK",37019,885,22,470,393,0,863,22,521,3,4,4,22,6
"1260",2021-07-01,"NC","BUNCOMBE",37021,1159,27,423,709,0,1146,13,659,3,5,6,86,4
"1261",2021-07-01,"NC","BURKE",37023,419,6,153,260,0,407,12,255,1,2,2,28,3
"1262",2021-07-01,"NC","CABARRUS",37025,1366,86,522,758,0,1352,14,872,4,8,11,116,8
"1263",2021-07-01,"NC","CALDWELL",37027,264,8,86,170,0,257,7,165,1,1,1,12,2
"1264",2021-07-01,"NC","CARTERET",37031,225,0,34,191,0,218,7,139,0,1,1,13,2
"1265",2021-07-01,"NC","CASWELL",37033,66,2,37,27,0,65,1,45,0,0,0,NA,0
"1266",2021-07-01,"NC","CATAWBA",37035,807,25,371,411,0,796,11,501,-1,3,3,70,0
"1267",2021-07-01,"NC","CHATHAM",37037,368,8,78,282,0,366,2,173,0,0,0,10,0
"1268",2021-07-01,"NC","CHEROKEE",37039,188,4,125,59,0,187,1,111,1,0,0,13,1
"1269",2021-07-01,"NC","CLEVELAND",37045,669,46,315,308,0,646,23,448,1,4,6,31,2
"1270",2021-07-01,"NC","COLUMBUS",37047,601,19,245,337,0,564,37,444,5,3,4,44,7
"1271",2021-07-01,"NC","CRAVEN",37049,342,17,98,227,0,328,14,187,1,2,4,27,2
"1272",2021-07-01,"NC","CUMBERLAND",37051,2970,137,1971,862,0,2921,49,2112,9,23,25,138,16
"1273",2021-07-01,"NC","CURRITUCK",37053,91,1,8,82,0,90,1,59,0,0,0,NA,0
"1274",2021-07-01,"NC","DARE",37055,262,4,214,44,0,261,1,175,0,0,0,2,0
"1275",2021-07-01,"NC","DAVIDSON",37057,614,19,256,339,0,607,7,396,7,4,5,18,4
"1276",2021-07-01,"NC","DAVIE",37059,205,11,56,138,0,183,22,129,3,0,0,0,3
"1277",2021-07-01,"NC","DUPLIN",37061,563,20,482,61,0,555,8,351,0,0,0,15,2
"1278",2021-07-01,"NC","DURHAM",37063,970,22,610,338,0,955,15,613,7,8,8,86,2
"1279",2021-07-01,"NC","EDGECOMBE",37065,216,4,102,110,0,213,3,145,2,0,0,13,3
"1280",2021-07-01,"NC","FORSYTH",37067,1350,55,394,901,0,1338,12,852,11,11,11,150,4
"1281",2021-07-01,"NC","FRANKLIN",37069,262,5,85,172,0,262,0,143,1,1,1,NA,0
"1282",2021-07-01,"NC","GASTON",37071,1137,93,615,429,0,1111,26,664,0,4,5,30,5
"1283",2021-07-01,"NC","GRANVILLE",37077,178,6,102,70,0,174,4,111,0,0,1,4,0
"1284",2021-07-01,"NC","GREENE",37079,122,3,78,41,0,122,0,82,1,0,0,NA,1
"1285",2021-07-01,"NC","GUILFORD",37081,1868,72,943,853,0,1827,41,1106,9,16,19,161,12
"1286",2021-07-01,"NC","HALIFAX",37083,195,6,94,95,0,194,1,133,2,3,3,10,2
"1287",2021-07-01,"NC","HARNETT",37085,1041,66,776,199,0,1018,23,608,2,3,3,52,3
"1288",2021-07-01,"NC","HAYWOOD",37087,282,16,143,123,0,255,27,188,0,1,1,18,1
"1289",2021-07-01,"NC","HENDERSON",37089,570,12,253,305,0,561,9,375,0,2,2,13,1
"1290",2021-07-01,"NC","HERTFORD",37091,25,0,12,13,0,14,11,18,0,1,1,6,0
"1291",2021-07-01,"NC","HOKE",37093,413,17,144,252,0,398,15,306,0,0,1,37,0
"1292",2021-07-01,"NC","IREDELL",37097,819,9,283,527,0,812,7,561,1,2,2,49,2
"1293",2021-07-01,"NC","JACKSON",37099,174,3,83,88,0,163,11,90,0,1,3,6,0
"1294",2021-07-01,"NC","JOHNSTON",37101,1404,72,694,638,0,1390,14,990,5,3,5,65,6
"1295",2021-07-01,"NC","LEE",37105,416,20,200,196,0,402,14,260,0,1,1,23,3
"1296",2021-07-01,"NC","LENOIR",37107,236,10,91,135,0,230,6,124,4,5,6,10,4
"1297",2021-07-01,"NC","LINCOLN",37109,544,9,268,267,0,540,4,362,0,3,3,28,1
"1298",2021-07-01,"NC","MACON",37113,128,11,101,16,0,117,11,41,0,0,0,6,0
"1299",2021-07-01,"NC","MADISON",37115,86,4,52,30,0,84,2,55,0,0,0,NA,0
"1300",2021-07-01,"NC","MARTIN",37117,127,13,72,42,0,111,16,87,1,0,1,5,1
"1301",2021-07-01,"NC","MCDOWELL",37111,224,10,173,41,0,209,15,94,0,0,0,5,1
"1302",2021-07-01,"NC","MECKLENBURG",37119,6449,60,2430,3959,0,6411,38,4478,15,26,28,327,17
"1303",2021-07-01,"NC","MONTGOMERY",37123,102,6,75,21,0,101,1,65,0,0,0,0,0
"1304",2021-07-01,"NC","MOORE",37125,531,24,339,168,0,513,18,366,2,8,11,100,2
"1305",2021-07-01,"NC","NASH",37127,285,11,146,128,0,280,5,145,5,4,5,31,2
"1306",2021-07-01,"NC","NEW HANOVER",37129,1004,22,547,435,0,988,16,557,3,9,9,87,4
"1307",2021-07-01,"NC","ONSLOW",37133,1529,40,1038,451,0,1506,23,889,5,8,10,40,8
"1308",2021-07-01,"NC","ORANGE",37135,308,9,193,106,0,296,12,201,0,5,6,70,0
"1309",2021-07-01,"NC","PASQUOTANK",37139,97,2,24,71,0,96,1,51,2,2,6,22,2
"1310",2021-07-01,"NC","PENDER",37141,410,39,65,306,0,390,20,267,0,2,3,0,0
"1311",2021-07-01,"NC","PERSON",37145,192,6,89,97,0,176,16,124,2,0,0,12,3
"1312",2021-07-01,"NC","PITT",37147,1080,22,483,575,0,1068,12,804,0,13,14,82,4
"1313",2021-07-01,"NC","POLK",37149,70,7,43,20,0,58,12,44,1,0,1,3,1
"1314",2021-07-01,"NC","RANDOLPH",37151,553,34,289,230,0,545,8,351,2,2,2,14,4
"1315",2021-07-01,"NC","RICHMOND",37153,423,32,309,82,0,389,34,345,2,3,3,NA,6
"1316",2021-07-01,"NC","ROBESON",37155,1422,61,562,799,0,1371,51,1071,9,9,9,106,7
"1317",2021-07-01,"NC","ROCKINGHAM",37157,312,19,172,121,0,306,6,228,17,2,2,7,3
"1318",2021-07-01,"NC","ROWAN",37159,849,36,468,345,0,834,15,545,5,3,5,33,3
"1319",2021-07-01,"NC","RUTHERFORD",37161,377,22,171,184,0,359,18,262,5,2,2,18,6
"1320",2021-07-01,"NC","SAMPSON",37163,401,17,309,75,0,401,0,258,1,0,0,15,1
"1321",2021-07-01,"NC","SCOTLAND",37165,276,9,229,38,0,250,26,199,1,4,4,54,2
"1322",2021-07-01,"NC","STANLY",37167,309,19,41,249,0,302,7,209,0,2,2,16,2
"1323",2021-07-01,"NC","STOKES",37169,231,13,140,78,0,231,0,140,0,0,0,0,0
"1324",2021-07-01,"NC","SURRY",37171,386,17,194,175,0,378,8,293,3,7,7,72,4
"1325",2021-07-01,"NC","TRANSYLVANIA",37175,211,9,117,85,0,208,3,110,0,0,0,11,0
"1326",2021-07-01,"NC","UNION",37179,1283,67,623,593,0,1266,17,921,2,1,2,44,2
"1327",2021-07-01,"NC","VANCE",37181,102,3,57,42,0,102,0,56,1,0,0,6,0
"1328",2021-07-01,"NC","WAKE",37183,4599,41,1775,2783,0,4573,26,3097,7,16,22,90,6
"1329",2021-07-01,"NC","WATAUGA",37189,123,2,86,35,0,121,2,50,0,1,1,15,1
"1330",2021-07-01,"NC","WAYNE",37191,630,23,172,435,0,618,12,396,-1,5,7,54,6
"1331",2021-07-01,"NC","WILKES",37193,364,7,179,178,0,360,4,229,0,0,0,19,1
"1332",2021-07-01,"NC","WILSON",37195,279,28,139,112,0,255,24,191,0,0,1,23,0
"1333",2021-07-01,"NC","YADKIN",37197,198,11,142,45,0,185,13,151,1,0,0,NA,1
"1334",2021-08-01,"NC","ALAMANCE",37001,2681,120,893,1668,0,2617,64,2320,5,12,12,96,11
"1335",2021-08-01,"NC","ALEXANDER",37003,781,28,160,593,0,760,21,704,11,0,0,NA,11
"1336",2021-08-01,"NC","ANSON",37007,442,25,316,101,0,421,21,381,3,1,1,22,7
"1337",2021-08-01,"NC","ASHE",37009,512,7,224,281,0,510,2,388,0,5,5,31,2
"1338",2021-08-01,"NC","BEAUFORT",37013,827,18,547,262,0,813,14,568,3,9,9,41,8
"1339",2021-08-01,"NC","BLADEN",37017,976,55,525,396,0,938,38,964,17,6,6,16,22
"1340",2021-08-01,"NC","BRUNSWICK",37019,3061,56,889,2116,0,2998,63,2923,22,17,21,109,27
"1341",2021-08-01,"NC","BUNCOMBE",37021,3878,85,954,2839,17,3825,36,3297,15,58,61,351,28
"1342",2021-08-01,"NC","BURKE",37023,2141,41,276,1824,0,2094,47,1886,0,28,28,123,21
"1343",2021-08-01,"NC","CABARRUS",37025,4472,59,665,3748,0,4426,46,4205,13,24,25,356,11
"1344",2021-08-01,"NC","CALDWELL",37027,1347,5,143,1199,0,1324,23,1215,0,6,6,64,15
"1345",2021-08-01,"NC","CARTERET",37031,1209,4,62,1143,0,1189,20,1109,1,13,14,76,11
"1346",2021-08-01,"NC","CASWELL",37033,341,14,130,197,0,335,6,259,1,0,0,NA,2
"1347",2021-08-01,"NC","CATAWBA",37035,3337,72,388,2877,11,3221,105,2983,19,34,35,329,22
"1348",2021-08-01,"NC","CHATHAM",37037,860,16,203,641,0,846,14,882,2,4,4,15,3
"1349",2021-08-01,"NC","CHEROKEE",37039,922,29,425,468,0,885,37,860,6,13,15,59,14
"1350",2021-08-01,"NC","CLEVELAND",37045,2408,133,282,1993,0,2353,55,2240,17,34,35,188,20
"1351",2021-08-01,"NC","COLUMBUS",37047,1954,84,845,1025,0,1890,64,1703,17,19,20,129,20
"1352",2021-08-01,"NC","CRAVEN",37049,1831,97,274,1460,0,1739,92,1497,5,12,12,177,5
"1353",2021-08-01,"NC","CUMBERLAND",37051,6055,136,2226,3693,12,5974,69,5076,48,90,95,324,64
"1354",2021-08-01,"NC","CURRITUCK",37053,423,10,42,371,0,412,11,332,1,1,1,NA,4
"1355",2021-08-01,"NC","DARE",37055,673,15,525,133,0,668,5,649,0,0,0,13,2
"1356",2021-08-01,"NC","DAVIDSON",37057,3733,95,349,3289,0,3635,98,2976,8,16,16,102,19
"1357",2021-08-01,"NC","DAVIE",37059,780,36,154,590,0,749,31,735,6,3,3,0,8
"1358",2021-08-01,"NC","DUPLIN",37061,1617,50,1033,534,0,1583,34,1453,10,4,4,61,11
"1359",2021-08-01,"NC","DURHAM",37063,4033,41,1360,2632,0,4007,26,3537,4,32,38,238,4
"1360",2021-08-01,"NC","EDGECOMBE",37065,748,8,327,413,0,743,5,639,1,2,4,43,1
"1361",2021-08-01,"NC","FORSYTH",37067,5605,196,1018,4391,26,5487,92,5179,25,78,79,803,35
"1362",2021-08-01,"NC","FRANKLIN",37069,1097,6,275,816,0,1084,13,921,0,1,3,NA,1
"1363",2021-08-01,"NC","GASTON",37071,4735,395,858,3482,25,4638,72,4420,28,49,51,154,46
"1364",2021-08-01,"NC","GRANVILLE",37077,771,10,308,453,0,752,19,679,8,5,6,30,8
"1365",2021-08-01,"NC","GREENE",37079,433,13,250,170,0,393,40,372,2,0,1,NA,3
"1366",2021-08-01,"NC","GUILFORD",37081,6836,166,1839,4831,24,6684,128,6192,41,67,69,262,43
"1367",2021-08-01,"NC","HALIFAX",37083,825,35,255,535,0,805,20,718,2,7,8,48,7
"1368",2021-08-01,"NC","HARNETT",37085,2588,135,1355,1098,0,2552,36,2316,16,15,16,141,19
"1369",2021-08-01,"NC","HAYWOOD",37087,1058,33,366,659,0,1026,32,957,9,9,9,89,16
"1370",2021-08-01,"NC","HENDERSON",37089,1962,24,420,1518,0,1918,44,1807,1,16,17,77,14
"1371",2021-08-01,"NC","HERTFORD",37091,248,4,18,226,0,243,5,214,1,3,3,25,1
"1372",2021-08-01,"NC","HOKE",37093,906,38,265,603,0,891,15,829,3,6,6,79,10
"1373",2021-08-01,"NC","IREDELL",37097,3810,11,303,3496,12,3719,79,3422,11,32,34,285,24
"1374",2021-08-01,"NC","JACKSON",37099,778,9,310,459,0,768,10,664,2,7,7,2,6
"1375",2021-08-01,"NC","JOHNSTON",37101,4449,210,1304,2935,12,4364,73,3980,13,21,23,185,29
"1376",2021-08-01,"NC","LEE",37105,1286,56,369,861,0,1271,15,1278,6,8,8,74,6
"1377",2021-08-01,"NC","LENOIR",37107,1220,44,266,910,0,1191,29,1057,3,11,11,61,7
"1378",2021-08-01,"NC","LINCOLN",37109,1653,18,225,1410,0,1634,19,1576,3,13,13,121,6
"1379",2021-08-01,"NC","MACON",37113,800,28,599,173,0,781,19,578,2,6,6,43,8
"1380",2021-08-01,"NC","MADISON",37115,475,16,283,176,0,452,23,344,0,0,0,NA,3
"1381",2021-08-01,"NC","MARTIN",37117,515,32,183,300,0,493,22,450,4,1,1,13,8
"1382",2021-08-01,"NC","MCDOWELL",37111,1411,26,510,875,0,1351,60,1143,3,7,7,46,16
"1383",2021-08-01,"NC","MECKLENBURG",37119,17159,178,3708,13273,39,16967,153,16812,59,154,165,1238,82
"1384",2021-08-01,"NC","MONTGOMERY",37123,425,19,297,109,0,419,6,364,2,0,0,5,2
"1385",2021-08-01,"NC","MOORE",37125,1769,90,426,1253,13,1709,47,1755,13,41,43,343,23
"1386",2021-08-01,"NC","NASH",37127,1172,56,557,559,0,1148,24,1095,0,9,11,82,8
"1387",2021-08-01,"NC","NEW HANOVER",37129,4735,93,1034,3608,31,4641,63,3929,21,62,63,365,29
"1388",2021-08-01,"NC","ONSLOW",37133,5234,152,2965,2117,0,5145,89,3376,17,23,26,144,29
"1389",2021-08-01,"NC","ORANGE",37135,1190,12,509,669,0,1173,17,1168,1,16,16,188,3
"1390",2021-08-01,"NC","PASQUOTANK",37139,505,5,12,488,0,484,21,424,2,11,11,61,6
"1391",2021-08-01,"NC","PENDER",37141,1392,19,183,1190,0,1360,32,1330,7,1,1,0,12
"1392",2021-08-01,"NC","PERSON",37145,500,11,245,244,0,479,21,499,4,5,5,18,3
"1393",2021-08-01,"NC","PITT",37147,3199,52,700,2447,0,3157,42,3116,18,40,43,206,21
"1394",2021-08-01,"NC","POLK",37149,308,10,148,150,0,297,11,241,2,4,4,21,5
"1395",2021-08-01,"NC","RANDOLPH",37151,2037,49,603,1385,11,1977,49,1838,22,16,17,16,24
"1396",2021-08-01,"NC","RICHMOND",37153,834,44,561,229,0,818,16,792,16,20,20,NA,19
"1397",2021-08-01,"NC","ROBESON",37155,3764,96,386,3282,0,3678,86,3628,34,43,44,214,52
"1398",2021-08-01,"NC","ROCKINGHAM",37157,1349,56,530,763,0,1333,16,1149,18,6,6,49,7
"1399",2021-08-01,"NC","ROWAN",37159,4418,80,846,3492,22,4305,91,3944,25,37,40,176,33
"1400",2021-08-01,"NC","RUTHERFORD",37161,1552,82,869,601,23,1484,45,1218,21,14,14,83,25
"1401",2021-08-01,"NC","SAMPSON",37163,1362,44,821,497,0,1343,19,1236,2,8,8,67,6
"1402",2021-08-01,"NC","SCOTLAND",37165,666,23,415,228,0,657,9,606,7,20,20,219,7
"1403",2021-08-01,"NC","STANLY",37167,1440,72,167,1201,0,1395,45,1303,12,5,5,58,12
"1404",2021-08-01,"NC","STOKES",37169,630,28,397,205,0,620,10,559,1,1,1,1,2
"1405",2021-08-01,"NC","SURRY",37171,1275,18,263,994,0,1230,45,1097,10,26,27,186,19
"1406",2021-08-01,"NC","TRANSYLVANIA",37175,593,17,248,328,0,571,22,540,3,1,1,32,3
"1407",2021-08-01,"NC","UNION",37179,4235,169,1983,2083,0,4143,92,3862,23,36,36,182,35
"1408",2021-08-01,"NC","VANCE",37181,523,11,207,305,0,518,5,436,2,5,5,23,2
"1409",2021-08-01,"NC","WAKE",37183,17201,64,1878,15259,13,17091,97,16257,29,78,85,309,38
"1410",2021-08-01,"NC","WATAUGA",37189,595,6,297,292,0,582,13,454,0,6,6,43,1
"1411",2021-08-01,"NC","WAYNE",37191,2049,54,297,1698,0,1985,64,1456,2,15,21,105,18
"1412",2021-08-01,"NC","WILKES",37193,1471,46,436,989,14,1433,24,1356,12,19,20,69,22
"1413",2021-08-01,"NC","WILSON",37195,1222,71,681,470,0,1175,47,963,12,9,12,90,14
"1414",2021-08-01,"NC","YADKIN",37197,714,19,221,474,0,692,22,599,1,0,0,NA,4
"1415",2021-09-01,"NC","ALAMANCE",37001,3147,150,987,2010,0,3093,54,3174,16,25,27,99,34
"1416",2021-09-01,"NC","ALEXANDER",37003,828,26,331,471,0,812,16,818,15,4,4,NA,15
"1417",2021-09-01,"NC","ANSON",37007,525,18,319,188,0,494,31,565,14,3,3,24,10
"1418",2021-09-01,"NC","ASHE",37009,432,5,202,225,0,428,4,518,1,5,6,39,2
"1419",2021-09-01,"NC","BEAUFORT",37013,1252,19,750,483,0,1241,11,1194,14,17,18,50,13
"1420",2021-09-01,"NC","BLADEN",37017,540,24,298,218,0,532,8,552,19,5,5,17,12
"1421",2021-09-01,"NC","BRUNSWICK",37019,2245,47,807,1391,0,2224,21,2530,33,17,19,95,34
"1422",2021-09-01,"NC","BUNCOMBE",37021,3650,72,840,2738,0,3611,39,3890,52,91,94,400,40
"1423",2021-09-01,"NC","BURKE",37023,2334,30,291,2013,0,2298,36,2502,36,43,48,152,34
"1424",2021-09-01,"NC","CABARRUS",37025,3619,37,584,2998,0,3583,36,3809,33,74,80,280,35
"1425",2021-09-01,"NC","CALDWELL",37027,1586,18,251,1317,0,1570,16,1670,0,15,18,79,16
"1426",2021-09-01,"NC","CARTERET",37031,1210,8,96,1106,0,1196,14,1294,0,16,17,76,9
"1427",2021-09-01,"NC","CASWELL",37033,487,17,194,276,0,472,15,492,3,0,0,NA,4
"1428",2021-09-01,"NC","CATAWBA",37035,3448,58,665,2725,16,3362,70,3585,53,84,87,340,65
"1429",2021-09-01,"NC","CHATHAM",37037,659,13,162,484,0,652,7,635,0,6,6,31,0
"1430",2021-09-01,"NC","CHEROKEE",37039,679,19,277,383,0,649,30,857,23,26,26,45,33
"1431",2021-09-01,"NC","CLEVELAND",37045,2729,121,452,2156,0,2702,27,2814,41,68,69,232,38
"1432",2021-09-01,"NC","COLUMBUS",37047,791,24,365,402,0,763,28,1134,38,31,33,41,35
"1433",2021-09-01,"NC","CRAVEN",37049,2164,114,347,1703,0,2114,50,2376,13,31,32,222,15
"1434",2021-09-01,"NC","CUMBERLAND",37051,4733,80,2015,2638,0,4674,59,4661,52,87,91,255,47
"1435",2021-09-01,"NC","CURRITUCK",37053,479,6,38,435,0,459,20,539,7,2,2,NA,5
"1436",2021-09-01,"NC","DARE",37055,453,9,345,99,0,452,1,545,2,0,0,24,3
"1437",2021-09-01,"NC","DAVIDSON",37057,3648,90,206,3352,14,3575,59,4101,54,40,43,124,51
"1438",2021-09-01,"NC","DAVIE",37059,903,24,167,712,0,870,33,904,16,5,5,12,14
"1439",2021-09-01,"NC","DUPLIN",37061,1091,39,747,305,0,1064,27,1245,16,13,13,68,20
"1440",2021-09-01,"NC","DURHAM",37063,2784,17,1011,1756,0,2759,25,3092,7,33,34,285,9
"1441",2021-09-01,"NC","EDGECOMBE",37065,1070,15,394,661,0,1049,21,1031,1,9,11,57,4
"1442",2021-09-01,"NC","FORSYTH",37067,5533,174,1326,4033,12,5445,76,5925,51,145,150,811,53
"1443",2021-09-01,"NC","FRANKLIN",37069,1079,8,275,796,0,1061,18,1176,5,3,3,NA,3
"1444",2021-09-01,"NC","GASTON",37071,5123,356,869,3898,44,5006,73,5404,87,116,120,218,94
"1445",2021-09-01,"NC","GRANVILLE",37077,710,8,275,427,0,690,20,748,5,9,9,33,7
"1446",2021-09-01,"NC","GREENE",37079,297,6,143,148,0,293,4,295,3,1,1,NA,4
"1447",2021-09-01,"NC","GUILFORD",37081,7356,125,1984,5247,15,7193,148,7698,62,86,95,349,63
"1448",2021-09-01,"NC","HALIFAX",37083,858,23,235,600,0,839,19,905,13,7,8,61,8
"1449",2021-09-01,"NC","HARNETT",37085,2292,112,1324,856,0,2217,75,2336,35,29,29,129,44
"1450",2021-09-01,"NC","HAYWOOD",37087,1164,44,453,667,0,1130,34,1253,24,14,14,83,19
"1451",2021-09-01,"NC","HENDERSON",37089,1722,26,422,1274,0,1695,27,1837,20,25,28,86,21
"1452",2021-09-01,"NC","HERTFORD",37091,318,5,6,307,0,314,4,320,4,9,9,31,4
"1453",2021-09-01,"NC","HOKE",37093,691,19,231,441,0,672,19,767,15,6,6,72,8
"1454",2021-09-01,"NC","IREDELL",37097,3625,14,476,3135,0,3573,52,4135,46,61,61,306,47
"1455",2021-09-01,"NC","JACKSON",37099,952,10,293,649,0,942,10,828,10,12,12,0,8
"1456",2021-09-01,"NC","JOHNSTON",37101,3196,128,1172,1896,0,3160,36,3636,44,23,26,150,46
"1457",2021-09-01,"NC","LEE",37105,1173,49,351,773,0,1158,15,1282,11,11,12,45,9
"1458",2021-09-01,"NC","LENOIR",37107,1484,60,278,1146,0,1427,57,1632,12,26,26,69,21
"1459",2021-09-01,"NC","LINCOLN",37109,1795,38,376,1381,0,1775,20,1913,2,12,13,125,12
"1460",2021-09-01,"NC","MACON",37113,1008,29,650,329,0,993,15,846,11,8,8,35,15
"1461",2021-09-01,"NC","MADISON",37115,498,13,253,232,0,485,13,576,12,3,3,NA,11
"1462",2021-09-01,"NC","MARTIN",37117,485,32,153,300,0,464,21,566,11,9,9,17,9
"1463",2021-09-01,"NC","MCDOWELL",37111,1447,46,697,704,0,1389,58,1512,46,13,15,36,26
"1464",2021-09-01,"NC","MECKLENBURG",37119,13767,111,3294,10362,16,13665,86,14559,112,200,208,1028,105
"1465",2021-09-01,"NC","MONTGOMERY",37123,431,15,269,147,0,426,5,492,8,1,1,8,9
"1466",2021-09-01,"NC","MOORE",37125,1670,66,448,1156,0,1649,21,1790,26,52,54,267,19
"1467",2021-09-01,"NC","NASH",37127,1620,41,626,953,0,1592,28,1703,19,13,14,132,12
"1468",2021-09-01,"NC","NEW HANOVER",37129,2887,51,787,2049,0,2851,36,3505,66,109,115,375,64
"1469",2021-09-01,"NC","ONSLOW",37133,4433,108,2556,1769,0,4382,51,4300,53,35,38,120,45
"1470",2021-09-01,"NC","ORANGE",37135,1042,9,413,620,0,1035,7,1218,6,31,31,192,5
"1471",2021-09-01,"NC","PASQUOTANK",37139,758,3,8,747,0,737,21,739,6,13,16,80,7
"1472",2021-09-01,"NC","PENDER",37141,1128,16,377,735,0,1117,11,1318,15,1,2,5,15
"1473",2021-09-01,"NC","PERSON",37145,670,8,332,330,0,645,25,732,8,7,7,24,9
"1474",2021-09-01,"NC","PITT",37147,3612,36,914,2662,0,3585,27,3903,25,50,50,249,28
"1475",2021-09-01,"NC","POLK",37149,389,6,207,176,0,385,4,415,9,8,8,18,8
"1476",2021-09-01,"NC","RANDOLPH",37151,2763,61,945,1757,0,2725,38,2837,27,22,25,38,29
"1477",2021-09-01,"NC","RICHMOND",37153,789,37,561,191,0,784,5,872,18,10,10,NA,12
"1478",2021-09-01,"NC","ROBESON",37155,2387,49,453,1885,0,2332,55,2650,83,44,48,170,74
"1479",2021-09-01,"NC","ROCKINGHAM",37157,1671,43,735,893,0,1657,14,1598,2,16,17,57,3
"1480",2021-09-01,"NC","ROWAN",37159,2848,74,438,2336,26,2739,83,3406,69,67,70,191,78
"1481",2021-09-01,"NC","RUTHERFORD",37161,1638,56,824,758,0,1609,29,1701,47,32,37,77,49
"1482",2021-09-01,"NC","SAMPSON",37163,899,40,545,314,0,882,17,1058,10,10,10,48,9
"1483",2021-09-01,"NC","SCOTLAND",37165,608,13,382,213,0,606,2,752,5,21,21,143,6
"1484",2021-09-01,"NC","STANLY",37167,1483,42,254,1187,0,1453,30,1562,14,15,15,58,21
"1485",2021-09-01,"NC","STOKES",37169,789,50,441,298,0,766,23,844,13,2,2,6,16
"1486",2021-09-01,"NC","SURRY",37171,1584,13,251,1320,0,1539,45,1699,33,38,39,233,26
"1487",2021-09-01,"NC","TRANSYLVANIA",37175,566,16,230,320,0,554,12,632,7,7,7,35,11
"1488",2021-09-01,"NC","UNION",37179,4414,130,2216,2068,0,4361,53,4746,39,52,52,169,46
"1489",2021-09-01,"NC","VANCE",37181,767,17,251,499,0,748,19,831,1,13,13,57,3
"1490",2021-09-01,"NC","WAKE",37183,12438,71,1405,10962,11,12349,78,14051,69,127,138,508,68
"1491",2021-09-01,"NC","WATAUGA",37189,606,2,297,307,0,599,7,731,1,15,15,47,1
"1492",2021-09-01,"NC","WAYNE",37191,2377,35,337,2005,0,2341,36,1784,47,41,42,125,30
"1493",2021-09-01,"NC","WILKES",37193,1389,27,365,997,0,1355,34,1600,36,20,20,50,27
"1494",2021-09-01,"NC","WILSON",37195,1352,70,746,536,0,1310,42,1539,21,27,33,107,29
"1495",2021-09-01,"NC","YADKIN",37197,692,9,296,387,0,682,10,790,12,2,2,NA,9
"1496",2021-10-01,"NC","ALAMANCE",37001,1317,53,593,671,0,1310,7,1486,32,17,19,80,24
"1497",2021-10-01,"NC","ALEXANDER",37003,295,9,114,172,0,282,13,379,6,1,1,NA,6
"1498",2021-10-01,"NC","ANSON",37007,199,7,119,73,0,186,13,220,6,2,2,9,5
"1499",2021-10-01,"NC","ASHE",37009,177,3,97,77,0,174,3,228,3,2,2,14,0
"1500",2021-10-01,"NC","BEAUFORT",37013,432,8,260,164,0,424,8,535,6,9,10,38,10
"1501",2021-10-01,"NC","BLADEN",37017,188,4,108,76,0,188,0,191,3,0,0,1,2
"1502",2021-10-01,"NC","BRUNSWICK",37019,847,25,502,320,0,833,14,988,24,14,17,46,21
"1503",2021-10-01,"NC","BUNCOMBE",37021,1846,29,653,1164,0,1834,12,2255,28,59,67,180,31
"1504",2021-10-01,"NC","BURKE",37023,834,5,217,612,0,828,6,940,39,23,23,87,21
"1505",2021-10-01,"NC","CABARRUS",37025,1583,28,738,817,0,1571,12,1599,26,43,45,145,27
"1506",2021-10-01,"NC","CALDWELL",37027,814,14,273,527,0,783,31,839,103,19,21,49,20
"1507",2021-10-01,"NC","CARTERET",37031,529,5,167,357,0,524,5,575,25,10,11,44,12
"1508",2021-10-01,"NC","CASWELL",37033,141,4,65,72,0,140,1,199,3,1,1,NA,1
"1509",2021-10-01,"NC","CATAWBA",37035,1328,33,503,792,0,1302,26,1456,45,47,50,154,32
"1510",2021-10-01,"NC","CHATHAM",37037,327,9,98,220,0,324,3,329,0,2,2,4,4
"1511",2021-10-01,"NC","CHEROKEE",37039,143,5,78,60,0,118,25,184,7,3,3,19,6
"1512",2021-10-01,"NC","CLEVELAND",37045,971,54,386,531,0,958,13,1163,23,45,46,109,25
"1513",2021-10-01,"NC","COLUMBUS",37047,328,7,190,131,0,322,6,346,14,5,5,20,9
"1514",2021-10-01,"NC","CRAVEN",37049,621,17,269,335,0,617,4,753,10,19,20,117,9
"1515",2021-10-01,"NC","CUMBERLAND",37051,2281,41,1186,1054,0,2261,20,3489,43,46,51,122,38
"1516",2021-10-01,"NC","CURRITUCK",37053,192,1,5,186,0,191,1,241,3,0,1,NA,2
"1517",2021-10-01,"NC","DARE",37055,301,9,230,62,0,298,3,293,1,0,0,8,1
"1518",2021-10-01,"NC","DAVIDSON",37057,1249,33,272,944,0,1227,22,1286,41,20,21,56,38
"1519",2021-10-01,"NC","DAVIE",37059,408,8,98,302,0,400,8,488,11,2,2,22,14
"1520",2021-10-01,"NC","DUPLIN",37061,342,14,273,55,0,334,8,545,17,8,9,23,14
"1521",2021-10-01,"NC","DURHAM",37063,1360,8,503,849,0,1355,5,1619,9,28,30,163,8
"1522",2021-10-01,"NC","EDGECOMBE",37065,336,5,110,221,0,314,22,430,8,3,3,17,6
"1523",2021-10-01,"NC","FORSYTH",37067,2516,74,961,1481,0,2496,20,2801,55,117,122,420,47
"1524",2021-10-01,"NC","FRANKLIN",37069,540,5,219,316,0,538,2,618,1,0,0,NA,3
"1525",2021-10-01,"NC","GASTON",37071,1971,123,891,957,0,1942,29,2335,60,45,48,92,45
"1526",2021-10-01,"NC","GRANVILLE",37077,438,7,201,230,0,434,4,423,3,7,7,27,4
"1527",2021-10-01,"NC","GREENE",37079,139,1,58,80,0,139,0,149,3,0,0,NA,2
"1528",2021-10-01,"NC","GUILFORD",37081,3502,78,1299,2125,0,3459,43,4197,37,77,83,323,52
"1529",2021-10-01,"NC","HALIFAX",37083,440,11,193,236,0,414,26,477,8,10,11,42,11
"1530",2021-10-01,"NC","HARNETT",37085,807,43,608,156,0,795,12,1159,19,9,9,57,17
"1531",2021-10-01,"NC","HAYWOOD",37087,496,20,261,215,0,488,8,568,11,10,12,41,15
"1532",2021-10-01,"NC","HENDERSON",37089,809,14,276,519,0,789,20,896,20,20,20,45,16
"1533",2021-10-01,"NC","HERTFORD",37091,157,0,7,150,0,156,1,189,2,4,6,16,4
"1534",2021-10-01,"NC","HOKE",37093,260,12,121,127,0,243,17,341,9,0,1,38,10
"1535",2021-10-01,"NC","IREDELL",37097,1400,13,511,876,0,1390,10,1489,30,33,35,139,20
"1536",2021-10-01,"NC","JACKSON",37099,350,9,194,147,0,349,1,403,3,5,5,0,1
"1537",2021-10-01,"NC","JOHNSTON",37101,1330,64,699,567,0,1321,9,1539,30,11,13,82,18
"1538",2021-10-01,"NC","LEE",37105,398,17,206,175,0,397,1,460,9,8,10,14,9
"1539",2021-10-01,"NC","LENOIR",37107,322,24,132,166,0,313,9,402,14,14,14,25,13
"1540",2021-10-01,"NC","LINCOLN",37109,807,28,306,473,0,802,5,863,16,14,14,46,9
"1541",2021-10-01,"NC","MACON",37113,291,6,208,77,0,274,17,342,15,6,6,26,12
"1542",2021-10-01,"NC","MADISON",37115,176,8,107,61,0,172,4,200,6,1,1,NA,3
"1543",2021-10-01,"NC","MARTIN",37117,184,12,90,82,0,167,17,223,12,3,3,7,11
"1544",2021-10-01,"NC","MCDOWELL",37111,416,18,129,269,0,411,5,595,14,8,8,32,18
"1545",2021-10-01,"NC","MECKLENBURG",37119,6046,75,2763,3208,0,6003,43,6770,82,153,161,519,79
"1546",2021-10-01,"NC","MONTGOMERY",37123,225,13,170,42,0,224,1,239,1,0,0,6,1
"1547",2021-10-01,"NC","MOORE",37125,610,28,336,246,0,604,6,700,12,22,22,115,11
"1548",2021-10-01,"NC","NASH",37127,625,25,294,306,0,620,5,600,12,16,17,70,11
"1549",2021-10-01,"NC","NEW HANOVER",37129,795,18,428,349,0,783,12,1153,24,37,38,160,17
"1550",2021-10-01,"NC","ONSLOW",37133,1002,23,570,409,0,967,35,3144,30,20,22,51,29
"1551",2021-10-01,"NC","ORANGE",37135,532,10,290,232,0,529,3,656,2,27,27,120,1
"1552",2021-10-01,"NC","PASQUOTANK",37139,529,2,10,517,0,524,5,590,8,12,15,50,4
"1553",2021-10-01,"NC","PENDER",37141,316,16,202,98,0,315,1,330,8,0,0,2,6
"1554",2021-10-01,"NC","PERSON",37145,195,4,78,113,0,184,11,239,2,2,2,5,1
"1555",2021-10-01,"NC","PITT",37147,1247,23,641,583,0,1240,7,1384,4,35,41,123,17
"1556",2021-10-01,"NC","POLK",37149,130,3,71,56,0,128,2,132,4,5,6,16,4
"1557",2021-10-01,"NC","RANDOLPH",37151,1351,47,610,694,0,1332,19,1496,30,8,9,43,25
"1558",2021-10-01,"NC","RICHMOND",37153,277,8,144,125,0,270,7,304,6,10,10,NA,7
"1559",2021-10-01,"NC","ROBESON",37155,694,22,338,334,0,687,7,779,31,11,13,47,22
"1560",2021-10-01,"NC","ROCKINGHAM",37157,952,45,544,363,0,942,10,1108,1,9,10,43,17
"1561",2021-10-01,"NC","ROWAN",37159,930,26,317,587,0,915,15,1085,45,36,37,73,36
"1562",2021-10-01,"NC","RUTHERFORD",37161,603,27,323,253,0,559,44,807,28,19,22,38,33
"1563",2021-10-01,"NC","SAMPSON",37163,485,17,324,144,0,460,25,589,9,6,6,36,8
"1564",2021-10-01,"NC","SCOTLAND",37165,223,7,146,70,0,221,2,273,6,15,15,48,4
"1565",2021-10-01,"NC","STANLY",37167,598,35,211,352,0,582,16,640,27,11,11,38,20
"1566",2021-10-01,"NC","STOKES",37169,451,11,244,196,0,441,10,477,13,1,1,8,12
"1567",2021-10-01,"NC","SURRY",37171,831,13,260,558,0,823,8,931,13,34,38,145,18
"1568",2021-10-01,"NC","TRANSYLVANIA",37175,164,5,84,75,0,162,2,204,5,6,7,18,4
"1569",2021-10-01,"NC","UNION",37179,1812,72,1134,606,0,1786,26,1937,48,35,35,89,36
"1570",2021-10-01,"NC","VANCE",37181,471,8,208,255,0,458,13,521,9,16,17,16,8
"1571",2021-10-01,"NC","WAKE",37183,6061,51,1614,4396,0,6037,24,6267,46,67,72,280,29
"1572",2021-10-01,"NC","WATAUGA",37189,289,5,199,85,0,287,2,373,4,9,9,43,4
"1573",2021-10-01,"NC","WAYNE",37191,1032,16,311,705,0,1026,6,1326,9,17,19,48,12
"1574",2021-10-01,"NC","WILKES",37193,422,10,190,222,0,415,7,436,16,10,10,16,15
"1575",2021-10-01,"NC","WILSON",37195,477,37,245,195,0,464,13,625,18,14,16,53,15
"1576",2021-10-01,"NC","YADKIN",37197,298,10,121,167,0,296,2,329,4,1,1,NA,6
"1577",2021-11-01,"NC","ALAMANCE",37001,1219,49,405,765,0,1209,10,1037,7,5,7,48,9
"1578",2021-11-01,"NC","ALEXANDER",37003,307,5,139,163,0,306,1,333,1,1,1,NA,1
"1579",2021-11-01,"NC","ANSON",37007,153,8,113,32,0,141,12,174,3,2,2,6,3
"1580",2021-11-01,"NC","ASHE",37009,201,6,100,95,0,166,35,171,5,3,3,15,5
"1581",2021-11-01,"NC","BEAUFORT",37013,218,4,92,122,0,216,2,279,6,4,5,14,3
"1582",2021-11-01,"NC","BLADEN",37017,176,6,113,57,0,175,1,134,0,0,1,1,0
"1583",2021-11-01,"NC","BRUNSWICK",37019,716,19,538,159,0,708,8,586,7,1,1,19,3
"1584",2021-11-01,"NC","BUNCOMBE",37021,1803,40,785,978,0,1786,17,1641,14,34,35,113,12
"1585",2021-11-01,"NC","BURKE",37023,451,9,150,292,0,444,7,447,7,5,6,31,6
"1586",2021-11-01,"NC","CABARRUS",37025,1570,29,793,748,0,1549,21,1455,9,23,24,90,13
"1587",2021-11-01,"NC","CALDWELL",37027,462,9,164,289,0,454,8,531,13,7,7,23,12
"1588",2021-11-01,"NC","CARTERET",37031,319,4,172,143,0,314,5,359,0,4,4,15,1
"1589",2021-11-01,"NC","CASWELL",37033,143,7,76,60,0,142,1,111,1,1,1,NA,2
"1590",2021-11-01,"NC","CATAWBA",37035,1083,21,355,707,0,1051,32,996,13,17,20,72,18
"1591",2021-11-01,"NC","CHATHAM",37037,315,11,112,192,0,303,12,244,7,2,3,8,4
"1592",2021-11-01,"NC","CHEROKEE",37039,103,2,69,32,0,102,1,107,3,1,1,3,3
"1593",2021-11-01,"NC","CLEVELAND",37045,600,31,285,284,0,595,5,576,6,7,8,51,5
"1594",2021-11-01,"NC","COLUMBUS",37047,227,4,149,74,0,226,1,216,4,6,6,8,6
"1595",2021-11-01,"NC","CRAVEN",37049,340,7,139,194,0,336,4,305,3,5,5,27,2
"1596",2021-11-01,"NC","CUMBERLAND",37051,1609,46,1188,375,0,1595,14,2019,25,15,20,66,17
"1597",2021-11-01,"NC","CURRITUCK",37053,274,2,9,263,0,274,0,267,0,0,0,NA,1
"1598",2021-11-01,"NC","DARE",37055,288,8,238,42,0,277,11,275,2,2,2,3,2
"1599",2021-11-01,"NC","DAVIDSON",37057,1189,58,387,744,0,1167,22,1087,8,11,11,56,10
"1600",2021-11-01,"NC","DAVIE",37059,352,1,115,236,0,351,1,316,5,0,0,19,2
"1601",2021-11-01,"NC","DUPLIN",37061,282,8,234,40,0,281,1,199,11,4,5,9,9
"1602",2021-11-01,"NC","DURHAM",37063,1283,13,578,692,0,1276,7,1235,6,7,10,102,4
"1603",2021-11-01,"NC","EDGECOMBE",37065,234,1,67,166,0,234,0,201,2,2,2,11,1
"1604",2021-11-01,"NC","FORSYTH",37067,2489,142,1086,1261,0,2454,35,2311,19,48,52,355,19
"1605",2021-11-01,"NC","FRANKLIN",37069,400,3,204,193,0,400,0,410,3,1,1,NA,2
"1606",2021-11-01,"NC","GASTON",37071,1964,118,726,1120,0,1949,15,1697,10,14,15,51,10
"1607",2021-11-01,"NC","GRANVILLE",37077,378,9,182,187,0,376,2,322,6,3,4,7,4
"1608",2021-11-01,"NC","GREENE",37079,88,3,43,42,0,88,0,80,0,0,1,NA,0
"1609",2021-11-01,"NC","GUILFORD",37081,2724,77,1270,1377,0,2702,22,2661,52,51,56,228,32
"1610",2021-11-01,"NC","HALIFAX",37083,129,7,62,60,0,128,1,139,5,0,0,16,1
"1611",2021-11-01,"NC","HARNETT",37085,613,44,479,90,0,606,7,583,16,4,4,42,7
"1612",2021-11-01,"NC","HAYWOOD",37087,411,18,218,175,0,405,6,386,10,3,4,38,5
"1613",2021-11-01,"NC","HENDERSON",37089,878,7,339,532,0,868,10,789,12,15,16,38,9
"1614",2021-11-01,"NC","HERTFORD",37091,54,1,2,51,0,53,1,45,1,1,1,10,0
"1615",2021-11-01,"NC","HOKE",37093,300,11,166,123,0,297,3,314,3,2,2,17,5
"1616",2021-11-01,"NC","IREDELL",37097,1535,44,747,744,0,1517,18,1406,8,17,18,104,7
"1617",2021-11-01,"NC","JACKSON",37099,195,6,79,110,0,193,2,259,1,2,2,0,2
"1618",2021-11-01,"NC","JOHNSTON",37101,1342,40,773,529,0,1338,4,1209,10,7,8,47,12
"1619",2021-11-01,"NC","LEE",37105,203,10,146,47,0,201,2,192,1,0,0,11,3
"1620",2021-11-01,"NC","LENOIR",37107,229,16,140,73,0,228,1,210,22,5,5,15,7
"1621",2021-11-01,"NC","LINCOLN",37109,849,29,341,479,0,838,11,797,11,9,10,58,7
"1622",2021-11-01,"NC","MACON",37113,164,7,118,39,0,140,24,151,11,4,5,9,11
"1623",2021-11-01,"NC","MADISON",37115,145,5,82,58,0,133,12,146,5,0,0,NA,5
"1624",2021-11-01,"NC","MARTIN",37117,118,1,63,54,0,117,1,108,2,0,0,4,1
"1625",2021-11-01,"NC","MCDOWELL",37111,213,2,88,123,0,211,2,204,10,0,3,14,6
"1626",2021-11-01,"NC","MECKLENBURG",37119,5558,64,2328,3166,0,5523,35,5315,35,51,54,336,28
"1627",2021-11-01,"NC","MONTGOMERY",37123,131,6,99,26,0,131,0,137,2,2,2,2,1
"1628",2021-11-01,"NC","MOORE",37125,356,19,215,122,0,352,4,338,5,14,14,60,4
"1629",2021-11-01,"NC","NASH",37127,421,22,223,176,0,410,11,354,4,4,5,34,6
"1630",2021-11-01,"NC","NEW HANOVER",37129,685,8,383,294,0,683,2,660,7,5,8,79,7
"1631",2021-11-01,"NC","ONSLOW",37133,692,20,493,179,0,690,2,921,14,9,10,20,9
"1632",2021-11-01,"NC","ORANGE",37135,483,3,274,206,0,482,1,409,1,6,6,69,0
"1633",2021-11-01,"NC","PASQUOTANK",37139,289,3,30,256,0,287,2,274,5,4,5,28,6
"1634",2021-11-01,"NC","PENDER",37141,433,5,271,157,0,420,13,373,1,0,0,0,2
"1635",2021-11-01,"NC","PERSON",37145,318,5,168,145,0,306,12,238,2,0,1,7,3
"1636",2021-11-01,"NC","PITT",37147,775,9,519,247,0,771,4,701,3,10,11,59,4
"1637",2021-11-01,"NC","POLK",37149,104,2,53,49,0,103,1,97,3,2,2,20,1
"1638",2021-11-01,"NC","RANDOLPH",37151,895,42,447,406,0,881,14,791,16,9,10,36,15
"1639",2021-11-01,"NC","RICHMOND",37153,231,9,120,102,0,214,17,204,8,4,4,NA,6
"1640",2021-11-01,"NC","ROBESON",37155,610,17,305,288,0,589,21,468,10,7,8,33,9
"1641",2021-11-01,"NC","ROCKINGHAM",37157,713,45,420,248,0,705,8,858,24,4,5,27,6
"1642",2021-11-01,"NC","ROWAN",37159,941,35,447,459,0,920,21,848,24,12,14,64,19
"1643",2021-11-01,"NC","RUTHERFORD",37161,229,19,119,91,0,214,15,335,20,2,4,15,10
"1644",2021-11-01,"NC","SAMPSON",37163,278,8,214,56,0,264,14,270,4,3,4,11,3
"1645",2021-11-01,"NC","SCOTLAND",37165,103,3,66,34,0,102,1,127,2,8,8,68,2
"1646",2021-11-01,"NC","STANLY",37167,502,25,252,225,0,494,8,524,7,7,8,29,15
"1647",2021-11-01,"NC","STOKES",37169,499,16,325,158,0,495,4,424,8,0,0,4,5
"1648",2021-11-01,"NC","SURRY",37171,792,32,224,536,0,773,19,711,8,13,15,120,7
"1649",2021-11-01,"NC","TRANSYLVANIA",37175,121,6,75,40,0,120,1,111,3,0,0,5,1
"1650",2021-11-01,"NC","UNION",37179,1930,65,1321,544,0,1886,44,1723,25,8,9,72,23
"1651",2021-11-01,"NC","VANCE",37181,247,2,124,121,0,247,0,241,2,2,3,10,1
"1652",2021-11-01,"NC","WAKE",37183,5517,47,2569,2901,0,5495,22,5227,17,38,39,201,19
"1653",2021-11-01,"NC","WATAUGA",37189,280,6,166,108,0,277,3,273,2,5,6,28,1
"1654",2021-11-01,"NC","WAYNE",37191,651,12,224,415,0,635,16,1130,6,7,7,24,8
"1655",2021-11-01,"NC","WILKES",37193,602,13,300,289,0,588,14,529,6,4,4,23,10
"1656",2021-11-01,"NC","WILSON",37195,309,14,158,137,0,305,4,334,8,10,10,25,7
"1657",2021-11-01,"NC","YADKIN",37197,443,6,137,300,0,433,10,340,3,0,0,NA,1
"1658",2021-12-01,"NC","ALAMANCE",37001,4063,135,907,3021,15,4023,25,2630,27,6,10,66,14
"1659",2021-12-01,"NC","ALEXANDER",37003,683,10,122,551,0,680,3,455,1,0,0,NA,3
"1660",2021-12-01,"NC","ANSON",37007,424,4,228,192,0,422,2,219,2,1,1,14,3
"1661",2021-12-01,"NC","ASHE",37009,537,8,212,317,0,519,18,465,4,3,4,17,4
"1662",2021-12-01,"NC","BEAUFORT",37013,645,14,180,451,0,637,8,457,7,7,7,30,5
"1663",2021-12-01,"NC","BLADEN",37017,541,19,297,225,0,533,8,305,3,1,1,7,3
"1664",2021-12-01,"NC","BRUNSWICK",37019,2205,28,1001,1176,0,2185,20,1497,8,6,7,53,8
"1665",2021-12-01,"NC","BUNCOMBE",37021,4464,59,1565,2840,13,4423,28,2964,15,28,31,194,20
"1666",2021-12-01,"NC","BURKE",37023,1293,29,493,771,0,1275,18,841,7,2,3,46,10
"1667",2021-12-01,"NC","CABARRUS",37025,5154,65,1093,3996,15,5103,36,3257,29,45,45,182,25
"1668",2021-12-01,"NC","CALDWELL",37027,1394,15,434,945,0,1382,12,947,4,5,5,26,8
"1669",2021-12-01,"NC","CARTERET",37031,730,5,320,405,0,717,13,444,0,6,7,42,6
"1670",2021-12-01,"NC","CASWELL",37033,370,5,125,240,0,357,13,234,1,0,0,NA,0
"1671",2021-12-01,"NC","CATAWBA",37035,3139,44,473,2622,0,3078,61,2178,20,36,37,172,24
"1672",2021-12-01,"NC","CHATHAM",37037,1174,14,132,1028,0,1170,4,749,1,3,3,19,2
"1673",2021-12-01,"NC","CHEROKEE",37039,315,7,156,152,0,308,7,202,11,1,2,10,3
"1674",2021-12-01,"NC","CLEVELAND",37045,1819,64,401,1354,0,1802,17,1162,8,11,13,119,7
"1675",2021-12-01,"NC","COLUMBUS",37047,730,15,396,319,0,723,7,409,4,0,1,18,3
"1676",2021-12-01,"NC","CRAVEN",37049,1229,9,441,779,0,1225,4,836,4,2,3,64,4
"1677",2021-12-01,"NC","CUMBERLAND",37051,7243,68,2800,4375,0,7209,34,4334,13,23,29,166,12
"1678",2021-12-01,"NC","CURRITUCK",37053,421,3,13,405,0,418,3,261,0,0,0,NA,3
"1679",2021-12-01,"NC","DARE",37055,797,17,538,242,0,795,2,535,0,1,1,18,3
"1680",2021-12-01,"NC","DAVIDSON",37057,3266,101,502,2663,0,3238,28,2253,23,25,25,73,25
"1681",2021-12-01,"NC","DAVIE",37059,990,9,304,677,0,986,4,799,1,1,1,44,1
"1682",2021-12-01,"NC","DUPLIN",37061,829,17,613,199,0,820,9,550,3,3,3,22,2
"1683",2021-12-01,"NC","DURHAM",37063,6888,11,754,6123,0,6874,14,3495,4,14,20,216,4
"1684",2021-12-01,"NC","EDGECOMBE",37065,1259,8,232,1019,0,1250,9,511,0,1,1,26,2
"1685",2021-12-01,"NC","FORSYTH",37067,8208,226,1702,6280,38,8138,32,5162,34,70,76,589,39
"1686",2021-12-01,"NC","FRANKLIN",37069,1612,4,434,1174,0,1609,3,963,0,1,1,NA,0
"1687",2021-12-01,"NC","GASTON",37071,5104,243,990,3871,25,5035,44,3404,20,36,39,127,28
"1688",2021-12-01,"NC","GRANVILLE",37077,1257,8,342,907,0,1256,1,738,2,1,1,14,1
"1689",2021-12-01,"NC","GREENE",37079,426,4,108,314,0,423,3,242,0,0,0,NA,0
"1690",2021-12-01,"NC","GUILFORD",37081,10599,160,2091,8348,18,10511,70,6148,20,49,51,338,28
"1691",2021-12-01,"NC","HALIFAX",37083,1204,10,228,966,0,1194,10,466,2,2,2,30,4
"1692",2021-12-01,"NC","HARNETT",37085,2238,75,1210,953,0,2212,26,1339,10,10,10,67,11
"1693",2021-12-01,"NC","HAYWOOD",37087,787,21,344,422,0,769,18,645,7,11,12,39,13
"1694",2021-12-01,"NC","HENDERSON",37089,2016,15,533,1468,11,1995,10,1535,17,16,21,82,14
"1695",2021-12-01,"NC","HERTFORD",37091,353,1,17,335,0,348,5,119,1,1,1,11,1
"1696",2021-12-01,"NC","HOKE",37093,1143,10,475,658,0,1139,4,622,5,1,1,35,2
"1697",2021-12-01,"NC","IREDELL",37097,4226,33,990,3203,0,4183,43,2929,16,46,49,231,29
"1698",2021-12-01,"NC","JACKSON",37099,605,9,213,383,0,597,8,385,7,4,5,1,5
"1699",2021-12-01,"NC","JOHNSTON",37101,4853,83,1191,3579,0,4832,21,2951,8,7,8,106,9
"1700",2021-12-01,"NC","LEE",37105,1081,33,526,522,0,1070,11,616,9,4,4,22,9
"1701",2021-12-01,"NC","LENOIR",37107,987,55,531,401,0,965,22,546,2,5,5,43,3
"1702",2021-12-01,"NC","LINCOLN",37109,1808,32,398,1378,0,1792,16,1290,1,10,14,74,8
"1703",2021-12-01,"NC","MACON",37113,408,15,277,116,0,397,11,267,7,6,6,21,6
"1704",2021-12-01,"NC","MADISON",37115,346,2,206,138,0,335,11,245,0,1,1,NA,2
"1705",2021-12-01,"NC","MARTIN",37117,288,8,105,175,0,285,3,127,0,0,0,2,1
"1706",2021-12-01,"NC","MCDOWELL",37111,720,16,313,391,0,714,6,484,3,0,0,16,1
"1707",2021-12-01,"NC","MECKLENBURG",37119,31509,105,2433,28971,38,31390,81,16672,35,83,92,758,64
"1708",2021-12-01,"NC","MONTGOMERY",37123,335,14,205,116,0,321,14,221,0,0,0,5,1
"1709",2021-12-01,"NC","MOORE",37125,1699,61,370,1268,0,1679,20,1086,6,17,21,132,7
"1710",2021-12-01,"NC","NASH",37127,2221,64,1055,1102,0,2198,23,1154,8,7,9,92,13
"1711",2021-12-01,"NC","NEW HANOVER",37129,3787,28,853,2906,0,3760,27,1989,4,18,19,160,6
"1712",2021-12-01,"NC","ONSLOW",37133,2797,37,1655,1105,0,2770,27,1356,7,9,9,31,7
"1713",2021-12-01,"NC","ORANGE",37135,2576,13,834,1729,0,2562,14,1432,1,8,8,159,2
"1714",2021-12-01,"NC","PASQUOTANK",37139,475,0,222,253,0,474,1,307,2,8,9,47,0
"1715",2021-12-01,"NC","PENDER",37141,949,15,423,511,0,945,4,642,2,0,0,0,3
"1716",2021-12-01,"NC","PERSON",37145,779,5,330,444,0,770,9,546,5,2,3,101,5
"1717",2021-12-01,"NC","PITT",37147,3901,27,1530,2344,0,3883,18,1928,0,14,16,132,9
"1718",2021-12-01,"NC","POLK",37149,170,4,92,74,0,169,1,114,0,0,0,10,0
"1719",2021-12-01,"NC","RANDOLPH",37151,2438,49,694,1695,0,2407,31,1822,13,13,14,53,14
"1720",2021-12-01,"NC","RICHMOND",37153,852,12,315,525,0,839,13,533,7,3,3,NA,8
"1721",2021-12-01,"NC","ROBESON",37155,2275,46,803,1426,0,2254,21,1412,16,11,11,73,17
"1722",2021-12-01,"NC","ROCKINGHAM",37157,1807,40,560,1207,0,1771,36,1214,6,8,8,66,15
"1723",2021-12-01,"NC","ROWAN",37159,2743,31,474,2238,13,2717,13,1853,9,16,17,81,20
"1724",2021-12-01,"NC","RUTHERFORD",37161,773,22,333,418,0,755,18,451,9,5,9,18,10
"1725",2021-12-01,"NC","SAMPSON",37163,939,16,606,317,0,933,6,571,4,7,7,27,5
"1726",2021-12-01,"NC","SCOTLAND",37165,768,13,367,388,0,758,10,345,1,6,6,111,2
"1727",2021-12-01,"NC","STANLY",37167,1262,38,203,1021,11,1239,12,881,14,5,5,39,6
"1728",2021-12-01,"NC","STOKES",37169,1087,39,646,402,0,1065,22,869,3,0,1,5,4
"1729",2021-12-01,"NC","SURRY",37171,1699,17,264,1418,0,1679,20,1430,19,25,27,186,15
"1730",2021-12-01,"NC","TRANSYLVANIA",37175,614,22,320,272,0,593,21,464,2,4,5,20,3
"1731",2021-12-01,"NC","UNION",37179,4836,98,2798,1940,0,4802,34,3259,25,19,20,93,26
"1732",2021-12-01,"NC","VANCE",37181,1295,4,365,926,0,1269,26,725,0,2,2,34,0
"1733",2021-12-01,"NC","WAKE",37183,30747,79,3016,27652,15,30695,37,18410,15,42,45,392,17
"1734",2021-12-01,"NC","WATAUGA",37189,799,15,358,426,0,792,7,623,4,10,10,46,5
"1735",2021-12-01,"NC","WAYNE",37191,1611,25,488,1098,0,1598,13,1004,23,10,14,47,10
"1736",2021-12-01,"NC","WILKES",37193,1160,15,222,923,0,1143,17,939,17,8,8,29,12
"1737",2021-12-01,"NC","WILSON",37195,1460,33,574,853,0,1420,40,653,3,9,10,51,6
"1738",2021-12-01,"NC","YADKIN",37197,1231,9,151,1071,0,1217,14,954,12,4,5,NA,19
"1739",2022-01-01,"NC","ALAMANCE",37001,12533,208,2631,9694,36,12464,33,13437,38,37,42,150,49
"1740",2022-01-01,"NC","ALEXANDER",37003,2337,6,36,2295,0,2323,14,2571,2,1,1,NA,6
"1741",2022-01-01,"NC","ANSON",37007,1774,14,694,1066,0,1755,19,1830,2,3,4,42,5
"1742",2022-01-01,"NC","ASHE",37009,1332,6,222,1104,0,1321,11,1419,9,9,10,19,12
"1743",2022-01-01,"NC","BEAUFORT",37013,3706,122,600,2984,0,3689,17,3299,4,13,14,94,15
"1744",2022-01-01,"NC","BLADEN",37017,2746,43,819,1884,0,2722,24,2807,9,1,1,22,14
"1745",2022-01-01,"NC","BRUNSWICK",37019,8597,55,1186,7356,35,8542,20,8333,17,22,24,125,37
"1746",2022-01-01,"NC","BUNCOMBE",37021,13775,78,2426,11271,48,13704,23,13024,36,74,81,600,56
"1747",2022-01-01,"NC","BURKE",37023,6158,43,923,5192,29,6119,10,5185,14,25,25,163,25
"1748",2022-01-01,"NC","CABARRUS",37025,13447,54,1375,12018,29,13381,37,14774,44,66,71,355,66
"1749",2022-01-01,"NC","CALDWELL",37027,5578,9,413,5156,31,5522,25,5319,13,21,27,126,34
"1750",2022-01-01,"NC","CARTERET",37031,3714,5,402,3307,0,3692,22,3133,0,9,12,110,14
"1751",2022-01-01,"NC","CASWELL",37033,1347,6,361,980,0,1340,7,1335,0,0,0,NA,2
"1752",2022-01-01,"NC","CATAWBA",37035,12299,61,724,11514,42,12214,43,12520,38,63,71,455,60
"1753",2022-01-01,"NC","CHATHAM",37037,3693,0,56,3637,0,3683,10,3795,4,3,4,40,7
"1754",2022-01-01,"NC","CHEROKEE",37039,1626,17,382,1227,0,1607,19,1583,2,3,5,44,10
"1755",2022-01-01,"NC","CLEVELAND",37045,7220,108,532,6580,27,7166,27,7469,14,36,39,233,26
"1756",2022-01-01,"NC","COLUMBUS",37047,4301,38,716,3547,0,4257,44,4187,6,17,18,99,22
"1757",2022-01-01,"NC","CRAVEN",37049,6531,12,1009,5510,13,6499,19,5901,12,22,23,244,20
"1758",2022-01-01,"NC","CUMBERLAND",37051,27503,64,7667,19772,40,27394,69,23102,6,77,85,456,77
"1759",2022-01-01,"NC","CURRITUCK",37053,1315,3,52,1260,0,1310,5,1214,5,0,0,NA,1
"1760",2022-01-01,"NC","DARE",37055,2002,10,603,1389,0,1998,4,2168,3,0,0,43,1
"1761",2022-01-01,"NC","DAVIDSON",37057,10814,127,628,10059,38,10761,15,11155,28,34,37,117,44
"1762",2022-01-01,"NC","DAVIE",37059,2631,14,418,2199,0,2617,14,2661,0,4,7,67,10
"1763",2022-01-01,"NC","DUPLIN",37061,5095,42,2162,2891,0,5071,24,3964,8,8,10,100,18
"1764",2022-01-01,"NC","DURHAM",37063,24220,42,1615,22563,0,24169,51,24966,16,70,75,880,34
"1765",2022-01-01,"NC","EDGECOMBE",37065,3625,10,403,3212,0,3608,17,4150,6,9,9,87,13
"1766",2022-01-01,"NC","FORSYTH",37067,25359,463,2604,22292,79,25238,42,26955,71,137,160,1370,102
"1767",2022-01-01,"NC","FRANKLIN",37069,7257,7,561,6689,0,7241,16,7265,1,3,3,NA,9
"1768",2022-01-01,"NC","GASTON",37071,14934,461,1401,13072,50,14813,71,15673,53,74,87,300,98
"1769",2022-01-01,"NC","GRANVILLE",37077,3827,9,689,3129,0,3819,8,4230,3,8,9,63,7
"1770",2022-01-01,"NC","GREENE",37079,1731,4,47,1680,0,1723,8,1747,0,2,2,NA,7
"1771",2022-01-01,"NC","GUILFORD",37081,32193,280,5139,26774,105,32032,56,31135,51,121,136,684,128
"1772",2022-01-01,"NC","HALIFAX",37083,4104,14,255,3835,0,4078,26,4637,13,17,17,142,21
"1773",2022-01-01,"NC","HARNETT",37085,10699,204,4115,6380,0,10654,45,9288,11,13,16,240,30
"1774",2022-01-01,"NC","HAYWOOD",37087,3203,37,549,2617,0,3177,26,3091,12,15,16,75,20
"1775",2022-01-01,"NC","HENDERSON",37089,5299,28,923,4348,33,5239,27,5321,22,48,56,110,45
"1776",2022-01-01,"NC","HERTFORD",37091,1364,3,61,1300,0,1355,9,1511,7,14,16,84,10
"1777",2022-01-01,"NC","HOKE",37093,5577,27,758,4792,0,5558,19,5389,4,8,11,91,15
"1778",2022-01-01,"NC","IREDELL",37097,11264,16,1288,9960,38,11197,29,11725,41,57,65,366,63
"1779",2022-01-01,"NC","JACKSON",37099,2449,14,546,1889,0,2440,9,2105,2,9,10,0,9
"1780",2022-01-01,"NC","JOHNSTON",37101,18287,129,1528,16630,14,18233,40,17440,21,25,31,303,38
"1781",2022-01-01,"NC","LEE",37105,4540,32,209,4299,0,4524,16,4822,10,9,9,82,15
"1782",2022-01-01,"NC","LENOIR",37107,4477,77,1409,2991,0,4450,27,4337,3,15,17,119,16
"1783",2022-01-01,"NC","LINCOLN",37109,5353,66,378,4909,13,5307,33,5430,3,17,19,122,29
"1784",2022-01-01,"NC","MACON",37113,1644,19,886,739,0,1629,15,1416,4,10,11,51,15
"1785",2022-01-01,"NC","MADISON",37115,1294,18,874,402,0,1284,10,1156,8,1,1,NA,7
"1786",2022-01-01,"NC","MARTIN",37117,1749,25,470,1254,0,1731,18,1819,4,2,2,31,7
"1787",2022-01-01,"NC","MCDOWELL",37111,2999,11,629,2359,0,2980,19,2746,3,5,6,47,14
"1788",2022-01-01,"NC","MECKLENBURG",37119,71164,147,2533,68484,119,70960,85,81881,125,231,247,1824,159
"1789",2022-01-01,"NC","MONTGOMERY",37123,1942,37,481,1424,0,1929,13,1967,5,2,2,11,7
"1790",2022-01-01,"NC","MOORE",37125,7354,134,254,6966,11,7290,53,7479,25,57,62,435,29
"1791",2022-01-01,"NC","NASH",37127,7305,48,1249,6008,15,7260,30,8879,23,30,33,270,31
"1792",2022-01-01,"NC","NEW HANOVER",37129,14677,57,1068,13552,37,14607,33,13485,25,63,68,558,39
"1793",2022-01-01,"NC","ONSLOW",37133,15885,83,5460,10342,11,15809,65,14425,36,32,35,187,48
"1794",2022-01-01,"NC","ORANGE",37135,9376,32,2292,7052,0,9356,20,9310,8,23,27,526,13
"1795",2022-01-01,"NC","PASQUOTANK",37139,2065,1,44,2020,0,2053,12,1635,1,8,12,118,9
"1796",2022-01-01,"NC","PENDER",37141,4373,10,838,3525,0,4349,24,4150,2,1,2,0,11
"1797",2022-01-01,"NC","PERSON",37145,2630,4,767,1859,0,2620,10,2591,4,6,7,88,8
"1798",2022-01-01,"NC","PITT",37147,15815,32,2239,13544,12,15768,35,16616,0,51,60,517,34
"1799",2022-01-01,"NC","POLK",37149,976,5,224,747,0,968,8,957,0,4,5,33,5
"1800",2022-01-01,"NC","RANDOLPH",37151,8806,61,1479,7266,37,8736,33,8613,26,22,28,67,52
"1801",2022-01-01,"NC","RICHMOND",37153,4065,26,620,3419,0,4041,24,3806,12,14,14,NA,22
"1802",2022-01-01,"NC","ROBESON",37155,11334,61,1482,9791,12,11262,60,10719,30,23,27,257,37
"1803",2022-01-01,"NC","ROCKINGHAM",37157,5863,33,1476,4354,11,5827,25,6021,22,22,25,116,34
"1804",2022-01-01,"NC","ROWAN",37159,9399,43,695,8661,15,9351,33,9644,44,34,37,186,43
"1805",2022-01-01,"NC","RUTHERFORD",37161,3975,12,605,3358,0,3943,32,3836,15,8,11,60,21
"1806",2022-01-01,"NC","SAMPSON",37163,5577,30,1147,4400,0,5537,40,4968,3,14,16,78,18
"1807",2022-01-01,"NC","SCOTLAND",37165,3051,14,763,2274,0,3011,40,3210,7,18,20,218,17
"1808",2022-01-01,"NC","STANLY",37167,5191,53,343,4795,0,5168,23,5257,10,16,18,82,27
"1809",2022-01-01,"NC","STOKES",37169,2667,42,1229,1396,21,2618,28,2727,22,8,11,20,33
"1810",2022-01-01,"NC","SURRY",37171,4811,23,318,4470,35,4763,13,4749,30,52,53,253,42
"1811",2022-01-01,"NC","TRANSYLVANIA",37175,1195,22,389,784,0,1189,6,1213,6,5,6,32,9
"1812",2022-01-01,"NC","UNION",37179,16077,147,6917,9013,19,16016,42,16267,35,26,27,261,45
"1813",2022-01-01,"NC","VANCE",37181,2898,17,502,2379,0,2886,12,3345,6,16,18,92,12
"1814",2022-01-01,"NC","WAKE",37183,104728,146,3810,100772,82,104562,84,113447,47,89,108,1281,94
"1815",2022-01-01,"NC","WATAUGA",37189,3094,22,1242,1830,0,3077,17,3095,4,11,11,59,10
"1816",2022-01-01,"NC","WAYNE",37191,9858,42,867,8949,0,9812,46,7431,22,23,25,253,26
"1817",2022-01-01,"NC","WILKES",37193,4061,32,315,3714,30,4018,13,3969,25,21,23,60,33
"1818",2022-01-01,"NC","WILSON",37195,5901,95,477,5329,0,5859,42,5612,1,29,32,175,36
"1819",2022-01-01,"NC","YADKIN",37197,2694,9,198,2487,0,2682,12,2667,10,3,4,NA,12
"1820",2022-02-01,"NC","ALAMANCE",37001,1904,66,428,1410,0,1884,20,2647,27,27,38,129,43
"1821",2022-02-01,"NC","ALEXANDER",37003,500,7,6,487,0,491,9,550,8,0,1,NA,11
"1822",2022-02-01,"NC","ANSON",37007,258,9,133,116,0,243,15,395,9,2,2,19,9
"1823",2022-02-01,"NC","ASHE",37009,552,2,129,421,0,546,6,766,2,6,8,17,8
"1824",2022-02-01,"NC","BEAUFORT",37013,709,41,87,581,0,697,12,818,6,13,18,45,14
"1825",2022-02-01,"NC","BLADEN",37017,306,12,124,170,0,301,5,526,11,4,7,8,19
"1826",2022-02-01,"NC","BRUNSWICK",37019,1696,13,214,1469,0,1684,12,2545,30,20,22,71,31
"1827",2022-02-01,"NC","BUNCOMBE",37021,3285,21,695,2569,0,3263,22,4592,47,66,76,249,49
"1828",2022-02-01,"NC","BURKE",37023,1404,11,248,1145,0,1385,19,2360,26,29,34,110,33
"1829",2022-02-01,"NC","CABARRUS",37025,2185,12,327,1846,0,2164,21,2594,36,38,48,154,44
"1830",2022-02-01,"NC","CALDWELL",37027,1166,3,183,980,0,1153,13,1652,36,28,35,53,34
"1831",2022-02-01,"NC","CARTERET",37031,816,3,175,638,0,796,20,1533,1,8,9,57,14
"1832",2022-02-01,"NC","CASWELL",37033,216,1,62,153,0,200,16,296,4,0,1,NA,10
"1833",2022-02-01,"NC","CATAWBA",37035,2301,23,496,1782,0,2276,25,3131,48,55,70,206,57
"1834",2022-02-01,"NC","CHATHAM",37037,664,0,8,656,0,662,2,899,4,3,4,18,8
"1835",2022-02-01,"NC","CHEROKEE",37039,361,6,116,239,0,355,6,505,19,3,5,26,11
"1836",2022-02-01,"NC","CLEVELAND",37045,1365,35,356,974,0,1341,24,1818,22,47,52,98,47
"1837",2022-02-01,"NC","COLUMBUS",37047,546,6,170,370,0,544,2,866,25,10,10,43,13
"1838",2022-02-01,"NC","CRAVEN",37049,1358,5,349,1004,0,1338,20,2363,15,25,26,119,18
"1839",2022-02-01,"NC","CUMBERLAND",37051,4317,7,1372,2938,0,4289,28,6489,38,58,63,243,54
"1840",2022-02-01,"NC","CURRITUCK",37053,164,0,7,157,0,162,2,321,0,0,1,NA,3
"1841",2022-02-01,"NC","DARE",37055,302,4,1,297,0,301,1,451,4,4,4,25,4
"1842",2022-02-01,"NC","DAVIDSON",37057,1770,50,366,1354,0,1757,13,2350,20,17,23,74,37
"1843",2022-02-01,"NC","DAVIE",37059,600,5,153,442,0,595,5,806,7,1,2,28,8
"1844",2022-02-01,"NC","DUPLIN",37061,553,19,166,368,0,543,10,1924,23,8,10,36,16
"1845",2022-02-01,"NC","DURHAM",37063,3423,9,569,2845,0,3411,12,4677,13,44,56,339,25
"1846",2022-02-01,"NC","EDGECOMBE",37065,368,2,83,283,0,367,1,522,8,8,8,33,10
"1847",2022-02-01,"NC","FORSYTH",37067,3686,125,909,2652,0,3655,31,5038,73,92,115,612,76
"1848",2022-02-01,"NC","FRANKLIN",37069,1004,5,252,747,0,1002,2,1448,0,3,3,NA,7
"1849",2022-02-01,"NC","GASTON",37071,2757,133,685,1939,26,2718,13,3797,66,62,69,127,72
"1850",2022-02-01,"NC","GRANVILLE",37077,702,4,277,421,0,700,2,821,1,5,6,16,4
"1851",2022-02-01,"NC","GREENE",37079,199,4,1,194,0,185,14,339,0,0,2,NA,7
"1852",2022-02-01,"NC","GUILFORD",37081,4519,87,1241,3191,14,4477,28,6741,102,82,111,544,86
"1853",2022-02-01,"NC","HALIFAX",37083,461,6,100,355,0,444,17,662,17,9,13,51,16
"1854",2022-02-01,"NC","HARNETT",37085,1468,68,709,691,0,1445,23,2300,20,17,17,132,24
"1855",2022-02-01,"NC","HAYWOOD",37087,933,18,261,654,0,921,12,1146,17,20,21,52,22
"1856",2022-02-01,"NC","HENDERSON",37089,1276,18,431,827,0,1259,17,1684,30,19,30,59,25
"1857",2022-02-01,"NC","HERTFORD",37091,91,1,1,89,0,90,1,132,1,6,6,23,3
"1858",2022-02-01,"NC","HOKE",37093,606,10,213,383,0,601,5,945,7,4,6,36,10
"1859",2022-02-01,"NC","IREDELL",37097,2032,18,620,1394,0,2019,13,2870,44,40,46,134,39
"1860",2022-02-01,"NC","JACKSON",37099,520,6,122,392,0,501,19,758,3,5,6,0,6
"1861",2022-02-01,"NC","JOHNSTON",37101,2531,35,626,1870,0,2493,38,4009,55,29,33,144,39
"1862",2022-02-01,"NC","LEE",37105,534,25,138,371,0,522,12,713,7,13,14,34,15
"1863",2022-02-01,"NC","LENOIR",37107,462,29,241,192,0,443,19,982,16,11,15,43,19
"1864",2022-02-01,"NC","LINCOLN",37109,1058,27,234,797,0,1051,7,1530,32,14,19,61,18
"1865",2022-02-01,"NC","MACON",37113,295,10,201,84,0,280,15,496,15,4,5,19,7
"1866",2022-02-01,"NC","MADISON",37115,453,4,271,178,0,427,26,656,5,1,2,NA,5
"1867",2022-02-01,"NC","MARTIN",37117,224,7,62,155,0,220,4,306,6,0,0,2,9
"1868",2022-02-01,"NC","MCDOWELL",37111,930,9,247,674,0,917,13,1289,18,5,7,20,17
"1869",2022-02-01,"NC","MECKLENBURG",37119,9546,37,744,8765,12,9493,41,13681,103,138,164,616,101
"1870",2022-02-01,"NC","MONTGOMERY",37123,256,14,138,104,0,253,3,353,10,2,2,6,11
"1871",2022-02-01,"NC","MOORE",37125,1114,47,48,1019,0,1086,28,1344,28,51,56,168,32
"1872",2022-02-01,"NC","NASH",37127,879,17,224,638,0,874,5,1189,17,8,10,96,21
"1873",2022-02-01,"NC","NEW HANOVER",37129,2225,15,343,1867,0,2203,22,4083,43,48,61,350,41
"1874",2022-02-01,"NC","ONSLOW",37133,2381,40,1195,1146,0,2329,52,4332,45,27,28,103,39
"1875",2022-02-01,"NC","ORANGE",37135,1590,9,625,956,0,1583,7,2437,2,17,21,296,9
"1876",2022-02-01,"NC","PASQUOTANK",37139,274,0,10,264,0,272,2,644,0,12,12,46,6
"1877",2022-02-01,"NC","PENDER",37141,605,4,200,401,0,601,4,1213,9,3,3,4,10
"1878",2022-02-01,"NC","PERSON",37145,416,3,144,269,0,415,1,613,6,2,3,36,6
"1879",2022-02-01,"NC","PITT",37147,1854,12,450,1392,0,1843,11,3078,0,40,54,261,28
"1880",2022-02-01,"NC","POLK",37149,223,3,42,178,0,207,16,278,2,2,4,15,6
"1881",2022-02-01,"NC","RANDOLPH",37151,1422,28,519,875,0,1408,14,1981,29,13,20,60,44
"1882",2022-02-01,"NC","RICHMOND",37153,448,8,160,280,0,442,6,816,17,14,14,NA,15
"1883",2022-02-01,"NC","ROBESON",37155,1167,27,469,671,0,1144,23,2437,27,24,26,83,38
"1884",2022-02-01,"NC","ROCKINGHAM",37157,954,21,304,629,0,942,12,1367,15,15,16,34,22
"1885",2022-02-01,"NC","ROWAN",37159,1494,12,186,1296,11,1468,15,2201,29,19,20,94,31
"1886",2022-02-01,"NC","RUTHERFORD",37161,780,6,171,603,0,771,9,1186,27,13,21,36,22
"1887",2022-02-01,"NC","SAMPSON",37163,645,16,200,429,0,631,14,1220,15,11,13,24,20
"1888",2022-02-01,"NC","SCOTLAND",37165,296,3,136,157,0,296,0,444,9,15,16,67,10
"1889",2022-02-01,"NC","STANLY",37167,618,15,155,448,0,615,3,975,27,4,4,41,14
"1890",2022-02-01,"NC","STOKES",37169,539,19,224,296,0,529,10,763,21,2,4,8,21
"1891",2022-02-01,"NC","SURRY",37171,1156,6,94,1056,0,1135,21,1500,37,37,40,134,37
"1892",2022-02-01,"NC","TRANSYLVANIA",37175,269,12,111,146,0,264,5,379,8,7,8,16,8
"1893",2022-02-01,"NC","UNION",37179,2217,42,804,1371,0,2201,16,3388,45,29,34,92,42
"1894",2022-02-01,"NC","VANCE",37181,403,4,146,253,0,403,0,599,2,7,8,19,6
"1895",2022-02-01,"NC","WAKE",37183,15047,33,1067,13947,15,15004,28,19292,60,65,88,593,73
"1896",2022-02-01,"NC","WATAUGA",37189,773,4,273,496,0,767,6,1490,5,9,11,75,9
"1897",2022-02-01,"NC","WAYNE",37191,1202,14,233,955,0,1189,13,1594,22,22,28,160,26
"1898",2022-02-01,"NC","WILKES",37193,1121,12,233,876,0,1112,9,1484,23,11,12,35,24
"1899",2022-02-01,"NC","WILSON",37195,639,18,90,531,0,619,20,1502,52,14,19,54,23
"1900",2022-02-01,"NC","YADKIN",37197,519,5,39,475,0,511,8,695,8,2,3,NA,8
"1901",2022-03-01,"NC","ALAMANCE",37001,292,17,130,145,0,288,4,561,13,6,8,85,10
"1902",2022-03-01,"NC","ALEXANDER",37003,47,1,0,46,0,47,0,44,4,0,0,NA,4
"1903",2022-03-01,"NC","ANSON",37007,17,0,10,7,0,17,0,69,0,1,1,1,3
"1904",2022-03-01,"NC","ASHE",37009,44,2,4,38,0,43,1,112,4,2,2,1,2
"1905",2022-03-01,"NC","BEAUFORT",37013,38,0,0,38,0,38,0,322,11,3,3,7,6
"1906",2022-03-01,"NC","BLADEN",37017,24,2,7,15,0,24,0,66,3,1,1,0,3
"1907",2022-03-01,"NC","BRUNSWICK",37019,233,1,26,206,0,221,12,493,10,5,8,16,14
"1908",2022-03-01,"NC","BUNCOMBE",37021,570,8,112,450,0,561,9,1794,15,20,31,62,18
"1909",2022-03-01,"NC","BURKE",37023,137,0,32,105,0,136,1,466,23,4,6,26,8
"1910",2022-03-01,"NC","CABARRUS",37025,219,2,24,193,0,217,2,566,12,16,19,43,10
"1911",2022-03-01,"NC","CALDWELL",37027,127,2,36,89,0,105,22,297,19,6,6,9,5
"1912",2022-03-01,"NC","CARTERET",37031,97,0,28,69,0,95,2,225,1,5,8,9,6
"1913",2022-03-01,"NC","CASWELL",37033,21,0,8,13,0,21,0,96,1,0,0,NA,2
"1914",2022-03-01,"NC","CATAWBA",37035,269,6,63,200,0,266,3,365,20,13,22,80,21
"1915",2022-03-01,"NC","CHATHAM",37037,131,1,0,130,0,130,1,264,1,2,2,5,2
"1916",2022-03-01,"NC","CHEROKEE",37039,29,0,9,20,0,17,12,64,7,1,2,7,6
"1917",2022-03-01,"NC","CLEVELAND",37045,81,8,22,51,0,69,12,136,4,8,10,16,9
"1918",2022-03-01,"NC","COLUMBUS",37047,40,0,15,25,0,40,0,150,1,4,4,6,2
"1919",2022-03-01,"NC","CRAVEN",37049,176,1,64,111,0,175,1,440,4,6,6,38,6
"1920",2022-03-01,"NC","CUMBERLAND",37051,595,1,190,404,0,590,5,2891,8,11,15,67,13
"1921",2022-03-01,"NC","CURRITUCK",37053,22,0,1,21,0,22,0,162,0,0,0,NA,2
"1922",2022-03-01,"NC","DARE",37055,57,1,1,55,0,57,0,86,1,0,0,3,0
"1923",2022-03-01,"NC","DAVIDSON",37057,199,6,64,129,0,198,1,342,6,1,2,13,5
"1924",2022-03-01,"NC","DAVIE",37059,81,1,23,57,0,69,12,100,4,0,1,6,4
"1925",2022-03-01,"NC","DUPLIN",37061,54,4,36,14,0,52,2,206,9,0,2,13,9
"1926",2022-03-01,"NC","DURHAM",37063,877,5,122,750,0,873,4,1496,0,12,21,92,10
"1927",2022-03-01,"NC","EDGECOMBE",37065,78,2,6,70,0,76,2,146,0,3,3,11,0
"1928",2022-03-01,"NC","FORSYTH",37067,590,19,251,320,0,588,2,804,32,26,36,107,26
"1929",2022-03-01,"NC","FRANKLIN",37069,89,1,33,55,0,89,0,247,1,0,2,NA,3
"1930",2022-03-01,"NC","GASTON",37071,223,13,109,101,0,217,6,455,22,12,20,13,20
"1931",2022-03-01,"NC","GRANVILLE",37077,86,1,36,49,0,86,0,151,0,0,0,1,0
"1932",2022-03-01,"NC","GREENE",37079,14,0,0,14,0,14,0,50,5,0,1,NA,3
"1933",2022-03-01,"NC","GUILFORD",37081,795,18,257,520,0,774,21,1785,61,20,30,264,41
"1934",2022-03-01,"NC","HALIFAX",37083,45,0,4,41,0,45,0,85,6,1,1,14,3
"1935",2022-03-01,"NC","HARNETT",37085,208,18,129,61,0,207,1,832,17,2,3,30,9
"1936",2022-03-01,"NC","HAYWOOD",37087,112,5,30,77,0,110,2,187,9,4,6,16,12
"1937",2022-03-01,"NC","HENDERSON",37089,143,2,67,74,0,143,0,311,6,8,12,5,9
"1938",2022-03-01,"NC","HERTFORD",37091,12,0,0,12,0,12,0,54,0,1,1,2,0
"1939",2022-03-01,"NC","HOKE",37093,72,1,27,44,0,72,0,257,1,1,1,3,2
"1940",2022-03-01,"NC","IREDELL",37097,234,8,91,135,0,234,0,478,11,3,7,26,6
"1941",2022-03-01,"NC","JACKSON",37099,61,1,12,48,0,61,0,174,2,3,4,0,3
"1942",2022-03-01,"NC","JOHNSTON",37101,322,11,127,184,0,318,4,1005,10,7,10,36,12
"1943",2022-03-01,"NC","LEE",37105,87,9,35,43,0,86,1,137,9,3,3,11,5
"1944",2022-03-01,"NC","LENOIR",37107,53,2,32,19,0,53,0,185,5,3,4,5,10
"1945",2022-03-01,"NC","LINCOLN",37109,83,2,42,39,0,83,0,238,4,4,7,7,7
"1946",2022-03-01,"NC","MACON",37113,30,4,18,8,0,27,3,421,7,1,3,5,5
"1947",2022-03-01,"NC","MADISON",37115,48,0,32,16,0,47,1,91,1,0,1,NA,1
"1948",2022-03-01,"NC","MARTIN",37117,14,2,3,9,0,14,0,38,4,0,0,2,0
"1949",2022-03-01,"NC","MCDOWELL",37111,76,0,31,45,0,75,1,287,8,2,3,4,5
"1950",2022-03-01,"NC","MECKLENBURG",37119,1690,1,13,1676,0,1684,6,2841,16,22,37,98,26
"1951",2022-03-01,"NC","MONTGOMERY",37123,24,3,17,4,0,24,0,40,1,0,0,0,0
"1952",2022-03-01,"NC","MOORE",37125,114,11,39,64,0,113,1,234,7,9,11,31,8
"1953",2022-03-01,"NC","NASH",37127,89,3,29,57,0,76,13,69,12,7,7,34,5
"1954",2022-03-01,"NC","NEW HANOVER",37129,258,2,60,196,0,256,2,1440,17,14,19,103,10
"1955",2022-03-01,"NC","ONSLOW",37133,207,4,104,99,0,204,3,1198,13,7,7,27,10
"1956",2022-03-01,"NC","ORANGE",37135,406,3,167,236,0,406,0,664,2,10,12,63,4
"1957",2022-03-01,"NC","PASQUOTANK",37139,37,0,5,32,0,35,2,364,0,5,6,3,3
"1958",2022-03-01,"NC","PENDER",37141,55,2,17,36,0,54,1,57,3,1,2,0,3
"1959",2022-03-01,"NC","PERSON",37145,59,1,20,38,0,59,0,170,0,0,1,0,1
"1960",2022-03-01,"NC","PITT",37147,166,4,57,105,0,152,14,318,22,8,11,95,10
"1961",2022-03-01,"NC","POLK",37149,58,0,28,30,0,58,0,81,3,1,3,2,3
"1962",2022-03-01,"NC","RANDOLPH",37151,176,8,75,93,0,173,3,360,4,5,7,13,10
"1963",2022-03-01,"NC","RICHMOND",37153,34,3,7,24,0,34,0,291,1,2,2,NA,2
"1964",2022-03-01,"NC","ROBESON",37155,139,4,48,87,0,127,12,338,10,3,5,23,7
"1965",2022-03-01,"NC","ROCKINGHAM",37157,129,8,42,79,0,127,2,283,7,5,6,10,8
"1966",2022-03-01,"NC","ROWAN",37159,209,2,31,176,0,185,24,324,5,8,11,19,14
"1967",2022-03-01,"NC","RUTHERFORD",37161,55,0,4,51,0,55,0,214,8,6,8,6,4
"1968",2022-03-01,"NC","SAMPSON",37163,95,7,47,41,0,94,1,390,8,1,1,0,4
"1969",2022-03-01,"NC","SCOTLAND",37165,44,0,10,34,0,43,1,111,0,2,2,1,1
"1970",2022-03-01,"NC","STANLY",37167,51,3,17,31,0,38,13,110,1,4,5,5,10
"1971",2022-03-01,"NC","STOKES",37169,67,1,23,43,0,67,0,136,9,1,1,1,6
"1972",2022-03-01,"NC","SURRY",37171,95,1,5,89,0,81,14,188,8,8,11,42,10
"1973",2022-03-01,"NC","TRANSYLVANIA",37175,26,1,9,16,0,26,0,64,4,3,4,1,3
"1974",2022-03-01,"NC","UNION",37179,272,8,137,127,0,259,13,483,11,7,8,25,10
"1975",2022-03-01,"NC","VANCE",37181,58,0,20,38,0,57,1,83,0,1,2,4,1
"1976",2022-03-01,"NC","WAKE",37183,2601,14,165,2422,0,2594,7,4659,19,22,40,176,39
"1977",2022-03-01,"NC","WATAUGA",37189,101,0,20,81,0,90,11,203,5,5,6,15,6
"1978",2022-03-01,"NC","WAYNE",37191,182,4,60,118,0,169,13,2558,10,10,17,28,14
"1979",2022-03-01,"NC","WILKES",37193,112,1,42,69,0,112,0,62,3,1,2,8,5
"1980",2022-03-01,"NC","WILSON",37195,86,5,1,80,0,86,0,258,8,3,4,10,7
"1981",2022-03-01,"NC","YADKIN",37197,58,4,0,54,0,55,3,109,6,1,2,NA,6
"1982",2022-04-01,"NC","ALAMANCE",37001,766,26,218,522,0,760,6,418,22,4,6,62,7
"1983",2022-04-01,"NC","ALEXANDER",37003,52,3,22,27,0,51,1,10,0,1,1,NA,1
"1984",2022-04-01,"NC","ASHE",37009,46,3,16,27,0,46,0,26,0,0,3,0,3
"1985",2022-04-01,"NC","BEAUFORT",37013,75,0,3,72,0,75,0,255,2,1,1,2,1
"1986",2022-04-01,"NC","BLADEN",37017,53,0,26,27,0,53,0,20,0,0,1,0,1
"1987",2022-04-01,"NC","BRUNSWICK",37019,482,0,37,445,0,482,0,331,-1,2,3,10,3
"1988",2022-04-01,"NC","BUNCOMBE",37021,1292,11,284,997,0,1281,11,875,7,7,10,41,6
"1989",2022-04-01,"NC","BURKE",37023,159,1,49,109,0,157,2,121,0,2,6,12,5
"1990",2022-04-01,"NC","CABARRUS",37025,666,3,83,580,0,664,2,532,2,5,5,20,4
"1991",2022-04-01,"NC","CALDWELL",37027,172,2,70,100,0,172,0,128,1,0,0,4,0
"1992",2022-04-01,"NC","CARTERET",37031,125,0,6,119,0,124,1,70,32,1,1,1,2
"1993",2022-04-01,"NC","CASWELL",37033,54,1,25,28,0,54,0,38,0,0,0,NA,0
"1994",2022-04-01,"NC","CATAWBA",37035,286,0,127,159,0,284,2,158,1,2,4,21,3
"1995",2022-04-01,"NC","CHATHAM",37037,309,0,9,300,0,309,0,257,1,2,2,0,0
"1996",2022-04-01,"NC","CHEROKEE",37039,34,0,11,23,0,34,0,-3,1,0,0,4,0
"1997",2022-04-01,"NC","CLEVELAND",37045,138,3,59,76,0,137,1,80,0,0,0,7,1
"1998",2022-04-01,"NC","COLUMBUS",37047,58,0,29,29,0,58,0,24,0,0,2,1,2
"1999",2022-04-01,"NC","CRAVEN",37049,293,0,84,209,0,291,2,306,1,0,1,15,1
"2000",2022-04-01,"NC","CUMBERLAND",37051,1066,12,563,491,0,1052,14,2114,-1,3,5,25,6
"2001",2022-04-01,"NC","CURRITUCK",37053,43,0,0,43,0,43,0,32,0,0,0,NA,0
"2002",2022-04-01,"NC","DARE",37055,134,0,0,134,0,134,0,79,1,0,0,6,0
"2003",2022-04-01,"NC","DAVIDSON",37057,383,7,112,264,0,382,1,244,2,0,0,11,0
"2004",2022-04-01,"NC","DAVIE",37059,127,1,48,78,0,125,2,88,1,3,4,2,4
"2005",2022-04-01,"NC","DUPLIN",37061,61,1,38,22,0,60,1,40,4,0,0,9,0
"2006",2022-04-01,"NC","DURHAM",37063,2826,1,350,2475,0,2825,1,2381,2,6,7,98,6
"2007",2022-04-01,"NC","EDGECOMBE",37065,67,0,29,38,0,66,1,72,1,1,1,5,2
"2008",2022-04-01,"NC","FORSYTH",37067,1407,22,667,718,0,1401,6,875,2,4,7,66,3
"2009",2022-04-01,"NC","FRANKLIN",37069,273,1,64,208,0,273,0,247,1,0,0,NA,0
"2010",2022-04-01,"NC","GASTON",37071,526,8,280,238,0,524,2,399,11,1,4,1,4
"2011",2022-04-01,"NC","GRANVILLE",37077,205,5,91,109,0,202,3,148,0,1,1,1,1
"2012",2022-04-01,"NC","GREENE",37079,11,0,1,10,0,11,0,30,0,0,0,NA,0
"2013",2022-04-01,"NC","GUILFORD",37081,2637,20,1136,1481,0,2633,4,2580,12,12,18,195,12
"2014",2022-04-01,"NC","HALIFAX",37083,67,0,0,67,0,67,0,39,2,1,1,4,1
"2015",2022-04-01,"NC","HARNETT",37085,326,11,230,85,0,312,14,610,4,1,3,10,5
"2016",2022-04-01,"NC","HAYWOOD",37087,138,2,60,76,0,137,1,104,6,1,1,7,1
"2017",2022-04-01,"NC","HENDERSON",37089,278,4,121,153,0,275,3,210,3,1,3,9,3
"2018",2022-04-01,"NC","HERTFORD",37091,23,0,1,22,0,23,0,39,0,0,0,3,1
"2019",2022-04-01,"NC","HOKE",37093,129,5,33,91,0,128,1,202,5,0,0,1,1
"2020",2022-04-01,"NC","IREDELL",37097,537,12,249,276,0,537,0,319,2,0,0,17,1
"2021",2022-04-01,"NC","JACKSON",37099,82,0,31,51,0,82,0,212,0,0,0,0,1
"2022",2022-04-01,"NC","JOHNSTON",37101,565,12,275,278,0,552,13,699,6,1,1,18,1
"2023",2022-04-01,"NC","LEE",37105,125,3,67,55,0,125,0,90,1,0,0,0,1
"2024",2022-04-01,"NC","LENOIR",37107,59,3,29,27,0,59,0,40,3,1,1,1,1
"2025",2022-04-01,"NC","LINCOLN",37109,158,2,46,110,0,157,1,82,0,0,0,2,1
"2026",2022-04-01,"NC","MACON",37113,44,1,31,12,0,42,2,219,4,2,3,4,2
"2027",2022-04-01,"NC","MADISON",37115,82,3,43,36,0,81,1,64,0,0,0,NA,0
"2028",2022-04-01,"NC","MARTIN",37117,28,3,16,9,0,27,1,34,0,0,0,1,1
"2029",2022-04-01,"NC","MCDOWELL",37111,96,0,4,92,0,96,0,121,2,0,0,2,1
"2030",2022-04-01,"NC","MECKLENBURG",37119,4717,3,137,4577,0,4712,5,3301,3,8,11,103,7
"2031",2022-04-01,"NC","MONTGOMERY",37123,20,0,17,3,0,20,0,18,0,0,0,0,0
"2032",2022-04-01,"NC","MOORE",37125,229,6,32,191,0,226,3,203,1,2,3,15,2
"2033",2022-04-01,"NC","NASH",37127,174,3,83,88,0,171,3,-215,3,3,8,7,6
"2034",2022-04-01,"NC","NEW HANOVER",37129,651,2,189,460,0,649,2,560,3,4,4,39,2
"2035",2022-04-01,"NC","ONSLOW",37133,328,3,171,154,0,327,1,180,1,0,1,11,3
"2036",2022-04-01,"NC","ORANGE",37135,1608,6,837,765,0,1608,0,1356,1,3,3,55,1
"2037",2022-04-01,"NC","PASQUOTANK",37139,45,0,3,42,0,45,0,43,0,0,1,3,0
"2038",2022-04-01,"NC","PENDER",37141,132,1,32,99,0,132,0,76,2,0,0,2,0
"2039",2022-04-01,"NC","PERSON",37145,91,1,29,61,0,91,0,71,0,0,0,4,0
"2040",2022-04-01,"NC","PITT",37147,389,5,181,203,0,389,0,128,8,2,4,46,2
"2041",2022-04-01,"NC","POLK",37149,22,1,8,13,0,21,1,39,3,0,0,0,2
"2042",2022-04-01,"NC","RANDOLPH",37151,275,4,121,150,0,271,4,180,3,1,1,6,5
"2043",2022-04-01,"NC","RICHMOND",37153,74,1,29,44,0,74,0,54,0,0,0,NA,0
"2044",2022-04-01,"NC","ROBESON",37155,261,1,88,172,0,260,1,116,1,0,0,12,2
"2045",2022-04-01,"NC","ROCKINGHAM",37157,139,2,57,80,0,139,0,125,1,0,1,3,1
"2046",2022-04-01,"NC","ROWAN",37159,298,1,22,275,0,297,1,203,1,0,2,8,3
"2047",2022-04-01,"NC","RUTHERFORD",37161,74,0,2,72,0,62,12,61,0,1,2,5,1
"2048",2022-04-01,"NC","SAMPSON",37163,126,1,79,46,0,125,1,127,1,0,0,0,2
"2049",2022-04-01,"NC","SCOTLAND",37165,91,1,2,88,0,89,2,80,0,3,3,8,1
"2050",2022-04-01,"NC","STANLY",37167,56,2,23,31,0,56,0,7,-1,0,0,1,0
"2051",2022-04-01,"NC","STOKES",37169,65,2,38,25,0,65,0,47,1,0,0,3,2
"2052",2022-04-01,"NC","SURRY",37171,118,0,5,113,0,118,0,86,0,3,6,16,2
"2053",2022-04-01,"NC","TRANSYLVANIA",37175,57,0,25,32,0,56,1,41,1,0,0,0,0
"2054",2022-04-01,"NC","UNION",37179,786,11,426,349,0,783,3,496,2,3,3,7,3
"2055",2022-04-01,"NC","VANCE",37181,82,2,35,45,0,82,0,35,1,3,3,7,2
"2056",2022-04-01,"NC","WAKE",37183,7405,30,393,6982,0,7395,10,3734,10,7,12,130,11
"2057",2022-04-01,"NC","WATAUGA",37189,275,0,124,151,0,275,0,339,0,0,0,3,0
"2058",2022-04-01,"NC","WAYNE",37191,214,3,69,142,0,212,2,1141,1,1,7,21,4
"2059",2022-04-01,"NC","WILKES",37193,86,1,25,60,0,86,0,3,3,1,2,5,4
"2060",2022-04-01,"NC","WILSON",37195,141,0,1,140,0,141,0,157,-1,1,1,5,1
"2061",2022-04-01,"NC","YADKIN",37197,74,0,1,73,0,74,0,173,2,0,0,NA,2
"2062",2022-05-01,"NC","ALAMANCE",37001,2076,42,370,1664,0,2058,18,1603,12,4,6,94,9
"2063",2022-05-01,"NC","ALEXANDER",37003,148,2,46,100,0,137,11,127,6,0,0,NA,1
"2064",2022-05-01,"NC","ANSON",37007,140,3,70,67,0,139,1,79,5,0,0,1,0
"2065",2022-05-01,"NC","ASHE",37009,131,4,20,107,0,120,11,130,6,1,2,6,2
"2066",2022-05-01,"NC","BEAUFORT",37013,294,1,1,292,0,294,0,245,12,0,1,12,0
"2067",2022-05-01,"NC","BLADEN",37017,313,6,184,123,0,302,11,172,6,0,0,3,1
"2068",2022-05-01,"NC","BRUNSWICK",37019,1587,4,120,1463,0,1582,5,1194,23,1,3,21,3
"2069",2022-05-01,"NC","BUNCOMBE",37021,3210,15,568,2627,0,3202,8,2622,27,14,20,99,15
"2070",2022-05-01,"NC","BURKE",37023,535,3,127,405,0,531,4,483,12,2,3,25,3
"2071",2022-05-01,"NC","CABARRUS",37025,1985,3,263,1719,0,1983,2,1573,24,4,4,49,1
"2072",2022-05-01,"NC","CALDWELL",37027,395,3,126,266,0,394,1,300,8,0,1,11,1
"2073",2022-05-01,"NC","CARTERET",37031,527,1,73,453,0,523,4,345,8,1,1,17,1
"2074",2022-05-01,"NC","CASWELL",37033,168,0,64,104,0,168,0,145,4,0,0,NA,0
"2075",2022-05-01,"NC","CATAWBA",37035,1201,4,167,1030,0,1198,3,798,32,2,5,41,3
"2076",2022-05-01,"NC","CHATHAM",37037,842,1,19,822,0,839,3,672,6,0,0,4,2
"2077",2022-05-01,"NC","CHEROKEE",37039,76,1,35,40,0,75,1,64,4,0,0,3,0
"2078",2022-05-01,"NC","CLEVELAND",37045,538,12,62,464,0,535,3,399,24,0,3,23,3
"2079",2022-05-01,"NC","COLUMBUS",37047,277,0,101,176,0,276,1,176,3,0,0,0,0
"2080",2022-05-01,"NC","CRAVEN",37049,1196,8,326,862,0,1193,3,842,11,1,2,61,3
"2081",2022-05-01,"NC","CUMBERLAND",37051,3226,11,452,2763,0,3219,7,2955,69,7,8,63,7
"2082",2022-05-01,"NC","CURRITUCK",37053,195,0,5,190,0,194,1,129,4,0,0,NA,0
"2083",2022-05-01,"NC","DARE",37055,461,0,1,460,0,461,0,350,3,0,0,5,0
"2084",2022-05-01,"NC","DAVIDSON",37057,1292,15,292,985,0,1287,5,962,35,2,2,22,3
"2085",2022-05-01,"NC","DAVIE",37059,466,2,196,268,0,464,2,341,10,0,1,8,1
"2086",2022-05-01,"NC","DUPLIN",37061,207,4,157,46,0,206,1,143,3,0,3,6,3
"2087",2022-05-01,"NC","DURHAM",37063,5277,9,738,4530,0,5269,8,4623,40,5,8,179,3
"2088",2022-05-01,"NC","EDGECOMBE",37065,318,1,86,231,0,317,1,211,12,0,0,10,0
"2089",2022-05-01,"NC","FORSYTH",37067,4248,56,1355,2837,0,4243,5,3441,30,9,10,178,5
"2090",2022-05-01,"NC","FRANKLIN",37069,988,3,440,545,0,986,2,731,12,2,2,NA,3
"2091",2022-05-01,"NC","GASTON",37071,1687,47,352,1288,0,1681,6,1220,48,3,4,18,4
"2092",2022-05-01,"NC","GRANVILLE",37077,657,7,323,327,0,655,2,491,4,1,2,7,2
"2093",2022-05-01,"NC","GREENE",37079,141,0,4,137,0,141,0,68,6,0,0,NA,0
"2094",2022-05-01,"NC","GUILFORD",37081,5937,40,2110,3787,0,5910,27,5641,43,8,10,257,16
"2095",2022-05-01,"NC","HALIFAX",37083,408,2,10,396,0,407,1,289,3,0,0,9,0
"2096",2022-05-01,"NC","HARNETT",37085,1101,29,795,277,0,1100,1,883,10,2,3,28,2
"2097",2022-05-01,"NC","HAYWOOD",37087,456,2,222,232,0,455,1,359,17,0,0,14,0
"2098",2022-05-01,"NC","HENDERSON",37089,802,7,268,527,0,786,16,633,20,5,10,18,3
"2099",2022-05-01,"NC","HERTFORD",37091,104,2,0,102,0,103,1,72,3,0,0,8,0
"2100",2022-05-01,"NC","HOKE",37093,574,7,251,316,0,557,17,471,8,1,2,11,2
"2101",2022-05-01,"NC","IREDELL",37097,1503,8,241,1254,0,1496,7,1071,22,3,7,33,6
"2102",2022-05-01,"NC","JACKSON",37099,248,3,90,155,0,246,2,399,10,1,2,0,1
"2103",2022-05-01,"NC","JOHNSTON",37101,2203,26,678,1499,0,2196,7,1595,13,3,8,35,8
"2104",2022-05-01,"NC","LEE",37105,480,14,295,171,0,478,2,333,5,0,0,16,1
"2105",2022-05-01,"NC","LENOIR",37107,267,5,100,162,0,266,1,163,13,1,1,3,1
"2106",2022-05-01,"NC","LINCOLN",37109,606,12,81,513,0,606,0,451,16,0,1,8,1
"2107",2022-05-01,"NC","MACON",37113,163,5,105,53,0,160,3,107,4,0,1,7,2
"2108",2022-05-01,"NC","MADISON",37115,206,4,131,71,0,203,3,162,1,0,0,NA,0
"2109",2022-05-01,"NC","MARTIN",37117,154,3,62,89,0,154,0,89,4,0,0,3,0
"2110",2022-05-01,"NC","MCDOWELL",37111,326,2,8,316,0,325,1,213,6,0,0,4,1
"2111",2022-05-01,"NC","MECKLENBURG",37119,12309,17,286,12006,0,12288,21,9907,62,7,17,260,14
"2112",2022-05-01,"NC","MONTGOMERY",37123,122,3,80,39,0,120,2,80,3,0,1,1,3
"2113",2022-05-01,"NC","MOORE",37125,847,17,86,744,0,842,5,646,7,1,6,46,4
"2114",2022-05-01,"NC","NASH",37127,669,6,295,368,0,666,3,94,9,3,4,20,3
"2115",2022-05-01,"NC","NEW HANOVER",37129,1760,4,389,1367,0,1753,7,1298,6,5,6,69,7
"2116",2022-05-01,"NC","ONSLOW",37133,1687,9,908,770,0,1686,1,1042,4,2,4,25,4
"2117",2022-05-01,"NC","ORANGE",37135,2426,7,1021,1398,0,2423,3,1936,9,1,1,97,1
"2118",2022-05-01,"NC","PASQUOTANK",37139,225,0,14,211,0,225,0,154,14,0,0,7,0
"2119",2022-05-01,"NC","PENDER",37141,391,6,143,242,0,386,5,283,8,2,3,2,4
"2120",2022-05-01,"NC","PERSON",37145,415,2,151,262,0,415,0,302,5,0,1,8,0
"2121",2022-05-01,"NC","PITT",37147,1681,8,524,1149,0,1677,4,1080,47,2,5,82,2
"2122",2022-05-01,"NC","POLK",37149,77,0,35,42,0,77,0,53,7,0,0,3,0
"2123",2022-05-01,"NC","RANDOLPH",37151,854,12,337,505,0,846,8,678,41,1,2,15,4
"2124",2022-05-01,"NC","RICHMOND",37153,352,4,147,201,0,352,0,237,8,0,0,NA,0
"2125",2022-05-01,"NC","ROBESON",37155,1314,12,446,856,0,1313,1,804,14,1,1,20,2
"2126",2022-05-01,"NC","ROCKINGHAM",37157,630,7,240,383,0,627,3,476,26,0,0,9,0
"2127",2022-05-01,"NC","ROWAN",37159,1005,3,107,895,0,1001,4,737,14,2,3,19,3
"2128",2022-05-01,"NC","RUTHERFORD",37161,320,0,44,276,0,319,1,223,6,2,4,5,3
"2129",2022-05-01,"NC","SAMPSON",37163,341,7,189,145,0,340,1,205,12,0,0,17,0
"2130",2022-05-01,"NC","SCOTLAND",37165,317,0,2,315,0,317,0,207,6,2,2,13,2
"2131",2022-05-01,"NC","STANLY",37167,429,11,145,273,0,427,2,218,15,1,1,11,2
"2132",2022-05-01,"NC","STOKES",37169,394,3,206,185,0,394,0,313,8,0,0,6,1
"2133",2022-05-01,"NC","SURRY",37171,569,0,68,501,0,565,4,376,19,3,3,42,2
"2134",2022-05-01,"NC","TRANSYLVANIA",37175,179,8,67,104,0,178,1,124,5,0,1,7,3
"2135",2022-05-01,"NC","UNION",37179,2304,30,620,1654,0,2300,4,1855,10,0,0,25,3
"2136",2022-05-01,"NC","VANCE",37181,373,1,154,218,0,373,0,267,9,1,1,10,0
"2137",2022-05-01,"NC","WAKE",37183,22921,91,1128,21702,0,22889,32,17981,66,12,28,297,29
"2138",2022-05-01,"NC","WATAUGA",37189,384,4,74,306,0,383,1,449,10,0,0,12,0
"2139",2022-05-01,"NC","WAYNE",37191,759,5,205,549,0,758,1,579,18,1,4,21,2
"2140",2022-05-01,"NC","WILKES",37193,518,7,174,337,0,514,4,270,7,1,2,15,3
"2141",2022-05-01,"NC","WILSON",37195,580,15,9,556,0,574,6,395,15,1,1,23,4
"2142",2022-05-01,"NC","YADKIN",37197,363,1,40,322,0,362,1,268,7,1,1,NA,0
"2143",2022-06-01,"NC","ALAMANCE",37001,1663,34,243,1386,0,1657,6,2064,13,8,9,59,10
"2144",2022-06-01,"NC","ALEXANDER",37003,196,2,30,164,0,195,1,125,6,0,0,NA,1
"2145",2022-06-01,"NC","ANSON",37007,264,3,107,154,0,264,0,268,1,0,0,3,1
"2146",2022-06-01,"NC","ASHE",37009,163,0,39,124,0,162,1,125,5,0,1,4,0
"2147",2022-06-01,"NC","BEAUFORT",37013,441,0,1,440,0,440,1,479,3,0,0,27,0
"2148",2022-06-01,"NC","BLADEN",37017,337,8,216,113,0,332,5,387,6,0,0,5,1
"2149",2022-06-01,"NC","BRUNSWICK",37019,1563,5,100,1458,0,1556,7,1791,6,4,4,41,4
"2150",2022-06-01,"NC","BUNCOMBE",37021,2554,20,314,2220,0,2535,19,3038,12,7,11,140,11
"2151",2022-06-01,"NC","BURKE",37023,620,4,123,493,0,603,17,666,4,3,3,48,3
"2152",2022-06-01,"NC","CABARRUS",37025,2160,5,198,1957,0,2148,12,2384,14,5,5,86,6
"2153",2022-06-01,"NC","CALDWELL",37027,776,2,168,606,0,771,5,750,1,1,4,15,4
"2154",2022-06-01,"NC","CARTERET",37031,737,0,56,681,0,732,5,763,7,4,4,34,3
"2155",2022-06-01,"NC","CASWELL",37033,214,3,88,123,0,214,0,248,4,1,1,NA,1
"2156",2022-06-01,"NC","CATAWBA",37035,1498,6,179,1313,0,1492,6,1597,14,3,5,63,4
"2157",2022-06-01,"NC","CHATHAM",37037,604,1,15,588,0,600,4,759,4,1,3,12,3
"2158",2022-06-01,"NC","CHEROKEE",37039,240,0,86,154,0,238,2,214,3,1,1,4,1
"2159",2022-06-01,"NC","CLEVELAND",37045,834,8,116,710,0,832,2,854,17,2,3,23,4
"2160",2022-06-01,"NC","COLUMBUS",37047,377,4,119,254,0,355,22,312,3,0,1,0,2
"2161",2022-06-01,"NC","CRAVEN",37049,1211,4,94,1113,0,1203,8,1122,2,4,7,95,5
"2162",2022-06-01,"NC","CUMBERLAND",37051,3567,6,150,3411,0,3559,8,4317,31,4,8,82,7
"2163",2022-06-01,"NC","CURRITUCK",37053,173,0,2,171,0,172,1,223,1,0,0,NA,0
"2164",2022-06-01,"NC","DARE",37055,403,0,1,402,0,403,0,511,0,1,1,15,1
"2165",2022-06-01,"NC","DAVIDSON",37057,1346,18,238,1090,0,1337,9,1614,4,4,5,23,6
"2166",2022-06-01,"NC","DAVIE",37059,452,2,158,292,0,450,2,549,4,0,1,10,2
"2167",2022-06-01,"NC","DUPLIN",37061,430,2,325,103,0,427,3,298,2,2,2,17,2
"2168",2022-06-01,"NC","DURHAM",37063,4786,5,463,4318,0,4776,10,6021,5,5,11,230,4
"2169",2022-06-01,"NC","EDGECOMBE",37065,489,3,162,324,0,486,3,545,1,2,4,23,4
"2170",2022-06-01,"NC","FORSYTH",37067,3895,83,1391,2421,0,3877,18,4626,17,18,23,213,15
"2171",2022-06-01,"NC","FRANKLIN",37069,863,3,348,512,0,861,2,1050,3,1,1,NA,1
"2172",2022-06-01,"NC","GASTON",37071,2163,68,372,1723,0,2154,9,2263,14,9,11,22,11
"2173",2022-06-01,"NC","GRANVILLE",37077,659,6,321,332,0,659,0,798,3,0,1,7,2
"2174",2022-06-01,"NC","GREENE",37079,193,1,3,189,0,181,12,219,3,0,0,NA,1
"2175",2022-06-01,"NC","GUILFORD",37081,4641,31,1654,2956,0,4625,16,5958,25,10,24,298,25
"2176",2022-06-01,"NC","HALIFAX",37083,591,4,39,548,0,590,1,616,1,0,0,21,1
"2177",2022-06-01,"NC","HARNETT",37085,1064,26,788,250,0,1063,1,1284,4,0,0,22,1
"2178",2022-06-01,"NC","HAYWOOD",37087,560,11,240,309,0,554,6,631,3,4,4,30,3
"2179",2022-06-01,"NC","HENDERSON",37089,867,8,310,549,0,861,6,894,10,2,4,33,5
"2180",2022-06-01,"NC","HERTFORD",37091,175,6,32,137,0,174,1,204,4,2,3,20,2
"2181",2022-06-01,"NC","HOKE",37093,635,15,247,373,0,630,5,718,3,2,2,15,5
"2182",2022-06-01,"NC","IREDELL",37097,1640,8,181,1451,0,1635,5,1826,12,4,6,62,7
"2183",2022-06-01,"NC","JACKSON",37099,264,1,71,192,0,262,2,322,3,0,1,0,2
"2184",2022-06-01,"NC","JOHNSTON",37101,1984,14,454,1516,0,1978,6,2468,8,1,5,47,6
"2185",2022-06-01,"NC","LEE",37105,505,17,234,254,0,502,3,598,1,1,2,9,4
"2186",2022-06-01,"NC","LENOIR",37107,568,9,188,371,0,564,4,470,10,2,2,13,3
"2187",2022-06-01,"NC","LINCOLN",37109,734,13,96,625,0,731,3,794,9,1,1,23,1
"2188",2022-06-01,"NC","MACON",37113,267,7,167,93,0,266,1,214,2,1,1,9,2
"2189",2022-06-01,"NC","MADISON",37115,183,2,97,84,0,172,11,203,0,1,1,NA,1
"2190",2022-06-01,"NC","MARTIN",37117,248,4,104,140,0,248,0,270,2,0,0,1,0
"2191",2022-06-01,"NC","MCDOWELL",37111,449,0,11,438,0,447,2,472,1,0,0,15,2
"2192",2022-06-01,"NC","MECKLENBURG",37119,12366,20,406,11940,0,12343,23,13859,34,24,28,316,20
"2193",2022-06-01,"NC","MONTGOMERY",37123,155,12,73,70,0,143,12,187,4,2,3,1,3
"2194",2022-06-01,"NC","MOORE",37125,920,30,33,857,0,916,4,1017,4,7,12,84,5
"2195",2022-06-01,"NC","NASH",37127,842,9,279,554,0,832,10,839,11,4,6,39,6
"2196",2022-06-01,"NC","NEW HANOVER",37129,2220,7,366,1847,0,2213,7,2183,9,7,10,107,6
"2197",2022-06-01,"NC","ONSLOW",37133,1982,21,909,1052,0,1978,4,2261,5,1,1,36,2
"2198",2022-06-01,"NC","ORANGE",37135,1766,4,720,1042,0,1765,1,2226,3,0,0,129,2
"2199",2022-06-01,"NC","PASQUOTANK",37139,285,0,39,246,0,285,0,319,4,0,0,24,0
"2200",2022-06-01,"NC","PENDER",37141,419,4,152,263,0,418,1,471,3,0,0,0,2
"2201",2022-06-01,"NC","PERSON",37145,377,4,131,242,0,376,1,464,1,0,0,32,0
"2202",2022-06-01,"NC","PITT",37147,2143,4,182,1957,0,2142,1,2395,18,8,8,153,2
"2203",2022-06-01,"NC","POLK",37149,147,3,62,82,0,145,2,106,1,0,0,2,0
"2204",2022-06-01,"NC","RANDOLPH",37151,900,15,340,545,0,897,3,1066,11,2,3,15,8
"2205",2022-06-01,"NC","RICHMOND",37153,479,13,171,295,0,477,2,508,2,0,0,NA,1
"2206",2022-06-01,"NC","ROBESON",37155,1693,17,561,1115,0,1685,8,1829,7,4,4,36,4
"2207",2022-06-01,"NC","ROCKINGHAM",37157,621,11,215,395,0,619,2,739,5,4,4,17,4
"2208",2022-06-01,"NC","ROWAN",37159,1206,3,101,1102,0,1203,3,1315,15,3,4,24,4
"2209",2022-06-01,"NC","RUTHERFORD",37161,461,0,37,424,0,457,4,512,3,1,3,16,3
"2210",2022-06-01,"NC","SAMPSON",37163,497,7,265,225,0,491,6,477,4,0,1,14,3
"2211",2022-06-01,"NC","SCOTLAND",37165,416,0,28,388,0,416,0,492,2,0,0,30,0
"2212",2022-06-01,"NC","STANLY",37167,504,10,201,293,0,500,4,600,1,3,4,19,3
"2213",2022-06-01,"NC","STOKES",37169,403,10,128,265,0,397,6,403,2,0,0,2,2
"2214",2022-06-01,"NC","SURRY",37171,776,3,87,686,0,766,10,796,6,2,3,56,7
"2215",2022-06-01,"NC","TRANSYLVANIA",37175,266,12,132,122,0,266,0,278,0,0,1,8,1
"2216",2022-06-01,"NC","UNION",37179,2191,32,350,1809,0,2183,8,2417,7,2,2,57,3
"2217",2022-06-01,"NC","VANCE",37181,542,3,235,304,0,541,1,536,3,0,0,8,1
"2218",2022-06-01,"NC","WAKE",37183,15967,41,769,15157,11,15937,19,20325,35,25,32,335,33
"2219",2022-06-01,"NC","WATAUGA",37189,355,5,49,301,0,352,3,329,1,1,1,14,2
"2220",2022-06-01,"NC","WAYNE",37191,1228,13,345,870,0,1227,1,1151,8,2,3,35,3
"2221",2022-06-01,"NC","WILKES",37193,668,8,223,437,0,661,7,683,8,2,3,24,4
"2222",2022-06-01,"NC","WILSON",37195,690,8,3,679,0,683,7,733,6,2,4,93,5
"2223",2022-06-01,"NC","YADKIN",37197,493,0,7,486,0,493,0,552,1,0,0,NA,0
"2224",2022-07-01,"NC","ALAMANCE",37001,1997,40,152,1805,0,1989,8,1706,8,3,5,78,7
"2225",2022-07-01,"NC","ALEXANDER",37003,474,6,81,387,0,472,2,341,0,0,0,NA,2
"2226",2022-07-01,"NC","ANSON",37007,366,4,122,240,0,366,0,282,0,0,0,9,0
"2227",2022-07-01,"NC","ASHE",37009,195,5,55,135,0,194,1,13,0,1,1,13,1
"2228",2022-07-01,"NC","BEAUFORT",37013,737,0,1,736,0,737,0,617,1,0,0,48,0
"2229",2022-07-01,"NC","BLADEN",37017,501,8,300,193,0,500,1,414,0,1,1,4,2
"2230",2022-07-01,"NC","BRUNSWICK",37019,1931,11,433,1487,0,1912,19,1597,2,3,6,47,6
"2231",2022-07-01,"NC","BUNCOMBE",37021,2542,8,306,2228,0,2532,10,2267,12,7,13,204,11
"2232",2022-07-01,"NC","BURKE",37023,1057,0,170,887,0,1055,2,823,5,1,3,52,6
"2233",2022-07-01,"NC","CABARRUS",37025,2893,10,322,2561,0,2871,22,2494,3,8,15,109,10
"2234",2022-07-01,"NC","CALDWELL",37027,1318,10,229,1079,0,1310,8,1012,3,7,8,33,7
"2235",2022-07-01,"NC","CARTERET",37031,866,0,38,828,0,864,2,848,2,5,6,29,6
"2236",2022-07-01,"NC","CASWELL",37033,193,1,61,131,0,192,1,163,1,0,0,NA,0
"2237",2022-07-01,"NC","CATAWBA",37035,2258,13,292,1953,0,2251,7,1902,3,5,10,118,7
"2238",2022-07-01,"NC","CHATHAM",37037,783,3,13,767,0,783,0,675,2,2,2,11,1
"2239",2022-07-01,"NC","CHEROKEE",37039,367,3,103,261,0,337,30,258,0,2,3,10,2
"2240",2022-07-01,"NC","CLEVELAND",37045,1403,35,169,1199,0,1394,9,1186,1,7,8,67,7
"2241",2022-07-01,"NC","COLUMBUS",37047,718,5,285,428,0,714,4,626,1,3,5,0,4
"2242",2022-07-01,"NC","CRAVEN",37049,1482,2,49,1431,0,1465,17,1291,6,9,11,101,5
"2243",2022-07-01,"NC","CUMBERLAND",37051,4919,3,237,4679,0,4897,22,4508,7,10,14,157,10
"2244",2022-07-01,"NC","CURRITUCK",37053,183,0,2,181,0,183,0,166,0,0,1,NA,1
"2245",2022-07-01,"NC","DARE",37055,378,0,1,377,0,376,2,365,0,1,1,69,1
"2246",2022-07-01,"NC","DAVIDSON",37057,1882,33,137,1712,0,1871,11,1527,6,6,9,44,11
"2247",2022-07-01,"NC","DAVIE",37059,475,3,80,392,0,473,2,439,2,0,1,10,3
"2248",2022-07-01,"NC","DUPLIN",37061,968,4,598,366,0,964,4,792,2,0,0,27,4
"2249",2022-07-01,"NC","DURHAM",37063,4375,8,134,4233,0,4366,9,4398,0,9,15,234,11
"2250",2022-07-01,"NC","EDGECOMBE",37065,836,7,276,553,0,833,3,706,0,2,3,29,3
"2251",2022-07-01,"NC","FORSYTH",37067,4634,128,1658,2848,0,4620,14,3905,10,15,19,297,11
"2252",2022-07-01,"NC","FRANKLIN",37069,922,7,274,641,0,907,15,832,0,0,0,NA,3
"2253",2022-07-01,"NC","GASTON",37071,2972,128,358,2486,0,2938,34,2574,13,14,19,58,22
"2254",2022-07-01,"NC","GRANVILLE",37077,932,11,448,473,0,931,1,794,0,0,0,16,0
"2255",2022-07-01,"NC","GREENE",37079,278,0,4,274,0,278,0,226,1,0,0,NA,1
"2256",2022-07-01,"NC","GUILFORD",37081,5738,57,1699,3982,0,5693,45,4471,23,15,24,296,23
"2257",2022-07-01,"NC","HALIFAX",37083,920,9,192,719,0,917,3,770,2,0,0,40,1
"2258",2022-07-01,"NC","HARNETT",37085,1535,48,1021,466,0,1531,4,1387,2,0,1,27,2
"2259",2022-07-01,"NC","HAYWOOD",37087,602,12,235,355,0,597,5,514,5,4,4,36,3
"2260",2022-07-01,"NC","HENDERSON",37089,1435,11,325,1099,0,1426,9,1172,1,6,13,81,10
"2261",2022-07-01,"NC","HERTFORD",37091,390,14,124,252,0,379,11,288,2,2,2,20,2
"2262",2022-07-01,"NC","HOKE",37093,762,10,259,493,0,759,3,662,3,0,1,17,4
"2263",2022-07-01,"NC","IREDELL",37097,2043,11,199,1833,0,2032,11,1763,4,5,6,74,6
"2264",2022-07-01,"NC","JACKSON",37099,385,3,92,290,0,385,0,327,0,3,4,0,0
"2265",2022-07-01,"NC","JOHNSTON",37101,2574,24,650,1900,0,2570,4,2223,4,4,4,77,5
"2266",2022-07-01,"NC","LEE",37105,733,16,381,336,0,731,2,574,1,2,3,23,5
"2267",2022-07-01,"NC","LENOIR",37107,1056,16,260,780,0,1054,2,813,4,2,2,24,3
"2268",2022-07-01,"NC","LINCOLN",37109,1016,31,129,856,0,1011,5,847,1,3,5,34,6
"2269",2022-07-01,"NC","MACON",37113,479,6,200,273,0,474,5,394,0,1,2,21,2
"2270",2022-07-01,"NC","MADISON",37115,166,3,84,79,0,141,25,145,1,0,0,NA,1
"2271",2022-07-01,"NC","MARTIN",37117,354,6,140,208,0,353,1,279,0,0,0,3,0
"2272",2022-07-01,"NC","MCDOWELL",37111,669,1,14,654,0,664,5,575,-1,2,4,17,5
"2273",2022-07-01,"NC","MECKLENBURG",37119,15641,19,462,15160,0,15606,35,13441,19,19,34,483,33
"2274",2022-07-01,"NC","MONTGOMERY",37123,310,15,164,131,0,307,3,222,0,0,1,3,1
"2275",2022-07-01,"NC","MOORE",37125,1096,42,25,1029,0,1087,9,1025,3,3,5,87,4
"2276",2022-07-01,"NC","NASH",37127,1209,25,410,774,0,1200,9,1043,4,4,6,65,8
"2277",2022-07-01,"NC","NEW HANOVER",37129,2755,8,406,2341,0,2743,12,2412,5,12,13,104,9
"2278",2022-07-01,"NC","ONSLOW",37133,2626,33,1239,1354,0,2611,15,2021,6,7,7,59,8
"2279",2022-07-01,"NC","ORANGE",37135,1655,12,547,1096,0,1650,5,1584,4,1,4,150,5
"2280",2022-07-01,"NC","PASQUOTANK",37139,332,1,21,310,0,329,3,251,0,2,3,28,1
"2281",2022-07-01,"NC","PENDER",37141,634,7,147,480,0,630,4,512,2,0,0,0,1
"2282",2022-07-01,"NC","PERSON",37145,579,3,194,382,0,576,3,488,1,0,1,27,1
"2283",2022-07-01,"NC","PITT",37147,2802,1,91,2710,0,2795,7,2411,11,7,13,248,5
"2284",2022-07-01,"NC","POLK",37149,214,2,86,126,0,213,1,211,0,0,2,0,3
"2285",2022-07-01,"NC","RANDOLPH",37151,1357,19,414,924,0,1346,11,1028,2,4,7,33,9
"2286",2022-07-01,"NC","RICHMOND",37153,811,16,270,525,0,810,1,715,0,0,0,NA,0
"2287",2022-07-01,"NC","ROBESON",37155,2149,16,636,1497,0,2141,8,1747,8,4,4,58,8
"2288",2022-07-01,"NC","ROCKINGHAM",37157,811,14,221,576,0,805,6,674,3,6,9,18,6
"2289",2022-07-01,"NC","ROWAN",37159,1869,6,180,1683,0,1861,8,1550,3,3,3,48,4
"2290",2022-07-01,"NC","RUTHERFORD",37161,738,0,50,688,0,737,1,654,2,1,2,35,2
"2291",2022-07-01,"NC","SAMPSON",37163,1023,16,472,535,0,1022,1,849,1,0,1,17,1
"2292",2022-07-01,"NC","SCOTLAND",37165,430,0,7,423,0,430,0,339,1,1,1,37,0
"2293",2022-07-01,"NC","STANLY",37167,805,25,237,543,0,799,6,586,4,2,2,35,3
"2294",2022-07-01,"NC","STOKES",37169,581,14,160,407,0,578,3,481,2,0,0,2,4
"2295",2022-07-01,"NC","SURRY",37171,1386,3,132,1251,0,1376,10,1061,7,10,15,91,10
"2296",2022-07-01,"NC","TRANSYLVANIA",37175,381,13,152,216,0,377,4,307,1,1,1,17,1
"2297",2022-07-01,"NC","UNION",37179,2866,50,428,2388,0,2862,4,2488,4,3,3,80,5
"2298",2022-07-01,"NC","VANCE",37181,748,4,293,451,0,748,0,663,1,2,2,15,0
"2299",2022-07-01,"NC","WAKE",37183,14385,21,916,13448,0,14360,25,13154,15,19,31,393,23
"2300",2022-07-01,"NC","WATAUGA",37189,326,1,94,231,0,325,1,-460,1,2,4,6,3
"2301",2022-07-01,"NC","WAYNE",37191,2236,10,364,1862,0,2231,5,1877,1,4,7,72,6
"2302",2022-07-01,"NC","WILKES",37193,811,6,289,516,0,806,5,733,2,2,3,22,3
"2303",2022-07-01,"NC","WILSON",37195,1213,25,217,971,0,1209,4,962,4,2,2,211,4
"2304",2022-07-01,"NC","YADKIN",37197,595,2,24,569,0,591,4,506,-1,1,1,NA,2
"2305",2022-08-01,"NC","ALAMANCE",37001,2013,44,366,1603,0,2009,4,2248,14,6,10,67,6
"2306",2022-08-01,"NC","ALEXANDER",37003,469,2,77,390,0,466,3,599,1,0,0,NA,3
"2307",2022-08-01,"NC","ANSON",37007,339,5,123,211,0,339,0,407,0,0,1,9,1
"2308",2022-08-01,"NC","ASHE",37009,255,3,158,94,0,254,1,253,2,1,1,12,1
"2309",2022-08-01,"NC","BEAUFORT",37013,497,1,1,495,0,496,1,649,1,0,0,41,0
"2310",2022-08-01,"NC","BLADEN",37017,353,7,202,144,0,351,2,455,5,0,0,10,2
"2311",2022-08-01,"NC","BRUNSWICK",37019,1318,13,288,1017,0,1313,5,1777,11,3,4,34,5
"2312",2022-08-01,"NC","BUNCOMBE",37021,2078,9,310,1759,0,2071,7,2574,28,10,20,158,10
"2313",2022-08-01,"NC","BURKE",37023,1222,4,158,1060,0,1209,13,1135,7,1,3,51,4
"2314",2022-08-01,"NC","CABARRUS",37025,2182,10,270,1902,0,2173,9,2647,14,8,14,114,14
"2315",2022-08-01,"NC","CALDWELL",37027,1443,14,197,1232,0,1438,5,1507,13,5,8,45,6
"2316",2022-08-01,"NC","CARTERET",37031,596,1,80,515,0,579,17,752,12,1,5,31,6
"2317",2022-08-01,"NC","CASWELL",37033,209,6,68,135,0,209,0,233,2,0,0,NA,0
"2318",2022-08-01,"NC","CATAWBA",37035,2133,14,230,1889,0,2126,7,2570,16,5,11,140,6
"2319",2022-08-01,"NC","CHATHAM",37037,602,1,8,593,0,601,1,771,4,0,0,9,0
"2320",2022-08-01,"NC","CHEROKEE",37039,278,6,102,170,0,253,25,360,4,1,2,15,3
"2321",2022-08-01,"NC","CLEVELAND",37045,1363,24,167,1172,0,1357,6,1551,17,7,8,74,6
"2322",2022-08-01,"NC","COLUMBUS",37047,538,8,188,342,0,536,2,689,5,1,3,3,3
"2323",2022-08-01,"NC","CRAVEN",37049,1024,14,133,877,0,1018,6,1266,11,5,8,117,5
"2324",2022-08-01,"NC","CUMBERLAND",37051,3671,5,250,3416,0,3648,23,4898,27,15,17,144,12
"2325",2022-08-01,"NC","CURRITUCK",37053,132,1,8,123,0,131,1,190,2,2,2,NA,1
"2326",2022-08-01,"NC","DARE",37055,263,0,1,262,0,262,1,328,3,0,0,14,1
"2327",2022-08-01,"NC","DAVIDSON",37057,1890,24,236,1630,0,1881,9,2221,14,4,6,47,9
"2328",2022-08-01,"NC","DAVIE",37059,526,1,24,501,0,522,4,611,5,0,1,26,1
"2329",2022-08-01,"NC","DUPLIN",37061,774,8,504,262,0,773,1,1017,3,0,0,34,0
"2330",2022-08-01,"NC","DURHAM",37063,3760,7,172,3581,0,3752,8,4293,22,7,13,258,5
"2331",2022-08-01,"NC","EDGECOMBE",37065,690,11,260,419,0,688,2,860,8,3,3,18,2
"2332",2022-08-01,"NC","FORSYTH",37067,4546,109,1101,3336,0,4524,22,5359,17,8,17,328,12
"2333",2022-08-01,"NC","FRANKLIN",37069,795,7,253,535,0,781,14,968,6,1,1,NA,1
"2334",2022-08-01,"NC","GASTON",37071,2640,120,300,2220,0,2624,16,3029,32,13,14,50,13
"2335",2022-08-01,"NC","GRANVILLE",37077,631,9,273,349,0,629,2,819,5,1,1,7,1
"2336",2022-08-01,"NC","GREENE",37079,180,3,2,175,0,169,11,246,4,0,0,NA,1
"2337",2022-08-01,"NC","GUILFORD",37081,5735,71,1737,3927,15,5696,24,6446,57,28,44,349,46
"2338",2022-08-01,"NC","HALIFAX",37083,768,8,239,521,0,763,5,950,3,1,1,37,3
"2339",2022-08-01,"NC","HARNETT",37085,1243,54,938,251,0,1223,20,1574,9,3,4,51,6
"2340",2022-08-01,"NC","HAYWOOD",37087,642,10,140,492,0,637,5,728,4,4,5,33,6
"2341",2022-08-01,"NC","HENDERSON",37089,1058,5,169,884,0,1048,10,1342,11,8,13,102,9
"2342",2022-08-01,"NC","HERTFORD",37091,218,18,74,126,0,217,1,326,2,1,1,24,1
"2343",2022-08-01,"NC","HOKE",37093,633,9,205,419,0,630,3,788,7,1,2,15,2
"2344",2022-08-01,"NC","IREDELL",37097,2016,19,255,1742,0,2002,14,2322,17,8,13,92,13
"2345",2022-08-01,"NC","JACKSON",37099,398,1,112,285,0,398,0,434,2,0,2,0,1
"2346",2022-08-01,"NC","JOHNSTON",37101,2187,39,657,1491,0,2180,7,2559,11,3,5,88,5
"2347",2022-08-01,"NC","LEE",37105,644,22,293,329,0,642,2,790,12,0,0,23,2
"2348",2022-08-01,"NC","LENOIR",37107,733,8,235,490,0,730,3,1021,1,1,1,35,2
"2349",2022-08-01,"NC","LINCOLN",37109,832,23,103,706,0,828,4,1033,8,2,2,33,3
"2350",2022-08-01,"NC","MACON",37113,237,4,99,134,0,237,0,345,3,3,4,15,4
"2351",2022-08-01,"NC","MADISON",37115,141,3,81,57,0,127,14,170,1,0,0,NA,1
"2352",2022-08-01,"NC","MARTIN",37117,273,7,95,171,0,272,1,382,0,0,1,1,1
"2353",2022-08-01,"NC","MCDOWELL",37111,558,1,23,534,0,556,2,625,5,0,0,21,1
"2354",2022-08-01,"NC","MECKLENBURG",37119,11476,36,376,11064,0,11433,43,14679,52,26,47,543,37
"2355",2022-08-01,"NC","MONTGOMERY",37123,273,12,131,130,0,273,0,339,4,1,1,4,1
"2356",2022-08-01,"NC","MOORE",37125,848,31,15,802,0,840,8,1070,12,5,11,90,11
"2357",2022-08-01,"NC","NASH",37127,1014,23,345,646,0,1005,9,1226,11,1,4,71,4
"2358",2022-08-01,"NC","NEW HANOVER",37129,1870,11,510,1349,0,1859,11,2286,11,13,15,100,11
"2359",2022-08-01,"NC","ONSLOW",37133,2313,23,1024,1266,0,2290,23,3084,15,6,8,71,12
"2360",2022-08-01,"NC","ORANGE",37135,1372,8,473,891,0,1370,2,1721,5,1,1,199,1
"2361",2022-08-01,"NC","PASQUOTANK",37139,278,1,22,255,0,276,2,406,2,3,4,27,4
"2362",2022-08-01,"NC","PENDER",37141,571,7,131,433,0,569,2,692,7,0,0,0,4
"2363",2022-08-01,"NC","PERSON",37145,396,3,114,279,0,395,1,505,0,2,3,38,3
"2364",2022-08-01,"NC","PITT",37147,2243,12,300,1931,0,2236,7,2800,19,4,10,269,9
"2365",2022-08-01,"NC","POLK",37149,118,1,46,71,0,117,1,178,3,0,1,6,0
"2366",2022-08-01,"NC","RANDOLPH",37151,1301,16,333,952,0,1295,6,1555,17,2,4,20,6
"2367",2022-08-01,"NC","RICHMOND",37153,470,10,124,336,0,464,6,621,3,3,3,NA,4
"2368",2022-08-01,"NC","ROBESON",37155,1831,17,561,1253,0,1819,12,2055,10,4,4,61,8
"2369",2022-08-01,"NC","ROCKINGHAM",37157,858,11,223,624,0,858,0,926,10,0,0,24,1
"2370",2022-08-01,"NC","ROWAN",37159,1777,5,159,1613,0,1769,8,2095,12,6,8,55,11
"2371",2022-08-01,"NC","RUTHERFORD",37161,715,2,82,631,0,710,5,805,3,2,2,32,2
"2372",2022-08-01,"NC","SAMPSON",37163,758,16,308,434,0,754,4,986,5,0,1,25,3
"2373",2022-08-01,"NC","SCOTLAND",37165,392,3,20,369,0,389,3,486,8,4,4,48,2
"2374",2022-08-01,"NC","STANLY",37167,654,6,174,474,0,653,1,837,10,3,4,23,4
"2375",2022-08-01,"NC","STOKES",37169,643,14,154,475,0,641,2,735,6,0,0,7,5
"2376",2022-08-01,"NC","SURRY",37171,1488,8,189,1291,0,1474,14,1661,12,10,14,95,12
"2377",2022-08-01,"NC","TRANSYLVANIA",37175,329,11,146,172,0,326,3,355,4,2,2,16,1
"2378",2022-08-01,"NC","UNION",37179,2342,39,335,1968,0,2339,3,2875,7,4,5,66,3
"2379",2022-08-01,"NC","VANCE",37181,674,11,261,402,0,672,2,821,2,2,2,19,2
"2380",2022-08-01,"NC","WAKE",37183,11157,54,2368,8735,0,11131,26,13798,64,21,33,351,29
"2381",2022-08-01,"NC","WATAUGA",37189,490,4,226,260,0,487,3,430,3,2,4,15,3
"2382",2022-08-01,"NC","WAYNE",37191,1725,4,309,1412,0,1717,8,2261,9,2,7,97,5
"2383",2022-08-01,"NC","WILKES",37193,888,5,210,673,0,884,4,1022,10,1,2,19,3
"2384",2022-08-01,"NC","WILSON",37195,945,25,281,639,0,939,6,1216,7,4,10,216,9
"2385",2022-08-01,"NC","YADKIN",37197,661,1,19,641,0,658,3,757,5,1,2,NA,5
"2386",2022-09-01,"NC","ALAMANCE",37001,1548,31,486,1031,0,1539,9,1668,5,5,6,56,3
"2387",2022-09-01,"NC","ALEXANDER",37003,312,4,70,238,0,300,12,300,1,0,0,NA,2
"2388",2022-09-01,"NC","ANSON",37007,198,3,44,151,0,173,25,249,1,0,1,13,3
"2389",2022-09-01,"NC","ASHE",37009,157,6,51,100,0,135,22,187,0,0,0,5,1
"2390",2022-09-01,"NC","BEAUFORT",37013,427,1,2,424,0,426,1,388,1,0,0,63,2
"2391",2022-09-01,"NC","BLADEN",37017,244,6,128,110,0,243,1,251,2,2,2,6,2
"2392",2022-09-01,"NC","BRUNSWICK",37019,971,11,274,686,0,967,4,976,3,3,4,32,7
"2393",2022-09-01,"NC","BUNCOMBE",37021,1402,6,165,1231,0,1392,10,1397,3,7,11,136,7
"2394",2022-09-01,"NC","BURKE",37023,924,0,167,757,0,920,4,1082,0,1,7,56,4
"2395",2022-09-01,"NC","CABARRUS",37025,1401,3,173,1225,0,1398,3,1426,2,5,9,93,4
"2396",2022-09-01,"NC","CALDWELL",37027,1214,6,215,993,0,1204,10,1332,0,5,7,41,9
"2397",2022-09-01,"NC","CARTERET",37031,354,0,88,266,0,353,1,371,0,1,1,16,1
"2398",2022-09-01,"NC","CASWELL",37033,113,4,26,83,0,112,1,113,0,0,0,NA,1
"2399",2022-09-01,"NC","CATAWBA",37035,1406,6,167,1233,0,1398,8,1473,7,9,19,104,12
"2400",2022-09-01,"NC","CHATHAM",37037,425,3,3,419,0,422,3,426,1,2,3,8,3
"2401",2022-09-01,"NC","CHEROKEE",37039,138,2,41,95,0,134,4,156,1,2,4,15,5
"2402",2022-09-01,"NC","CLEVELAND",37045,680,16,77,587,0,675,5,781,2,6,6,45,5
"2403",2022-09-01,"NC","COLUMBUS",37047,307,8,169,130,0,305,2,345,3,3,4,0,1
"2404",2022-09-01,"NC","CRAVEN",37049,763,3,170,590,0,759,4,805,4,7,9,60,6
"2405",2022-09-01,"NC","CUMBERLAND",37051,2675,2,280,2393,0,2662,13,2997,2,11,17,98,17
"2406",2022-09-01,"NC","CURRITUCK",37053,108,0,3,105,0,96,12,104,0,0,0,NA,0
"2407",2022-09-01,"NC","DARE",37055,161,0,0,161,0,161,0,164,0,0,0,9,0
"2408",2022-09-01,"NC","DAVIDSON",37057,1561,23,230,1308,0,1553,8,1590,0,0,4,48,9
"2409",2022-09-01,"NC","DAVIE",37059,388,1,13,374,0,386,2,341,2,1,1,14,4
"2410",2022-09-01,"NC","DUPLIN",37061,378,5,320,53,0,377,1,395,1,2,2,26,2
"2411",2022-09-01,"NC","DURHAM",37063,2383,7,129,2247,0,2376,7,2251,0,7,9,192,5
"2412",2022-09-01,"NC","EDGECOMBE",37065,460,5,156,299,0,451,9,470,1,2,4,16,5
"2413",2022-09-01,"NC","FORSYTH",37067,3500,105,357,3038,0,3480,20,3570,9,19,28,287,25
"2414",2022-09-01,"NC","FRANKLIN",37069,621,5,212,404,0,620,1,628,0,0,0,NA,2
"2415",2022-09-01,"NC","GASTON",37071,1316,76,152,1088,0,1304,12,1529,10,9,11,43,15
"2416",2022-09-01,"NC","GRANVILLE",37077,495,7,250,238,0,495,0,508,1,0,0,11,1
"2417",2022-09-01,"NC","GREENE",37079,127,0,1,126,0,125,2,122,0,0,1,NA,2
"2418",2022-09-01,"NC","GUILFORD",37081,3790,41,1114,2635,0,3778,12,3835,12,13,23,272,17
"2419",2022-09-01,"NC","HALIFAX",37083,430,5,147,278,0,427,3,427,2,6,6,35,4
"2420",2022-09-01,"NC","HARNETT",37085,1004,35,785,184,0,1002,2,1018,5,5,5,34,6
"2421",2022-09-01,"NC","HAYWOOD",37087,435,9,82,344,0,425,10,462,0,3,6,26,5
"2422",2022-09-01,"NC","HENDERSON",37089,780,7,114,659,0,775,5,899,2,5,9,55,8
"2423",2022-09-01,"NC","HERTFORD",37091,150,4,29,117,0,149,1,160,1,0,0,13,2
"2424",2022-09-01,"NC","HOKE",37093,470,7,130,333,0,469,1,528,2,0,0,15,2
"2425",2022-09-01,"NC","IREDELL",37097,1255,9,147,1099,0,1248,7,1304,6,4,8,55,8
"2426",2022-09-01,"NC","JACKSON",37099,257,2,64,191,0,254,3,274,1,1,2,0,3
"2427",2022-09-01,"NC","JOHNSTON",37101,1729,19,582,1128,0,1723,6,1792,0,4,5,51,7
"2428",2022-09-01,"NC","LEE",37105,424,14,228,182,0,423,1,452,2,0,0,11,1
"2429",2022-09-01,"NC","LENOIR",37107,384,7,175,202,0,382,2,401,1,3,6,26,4
"2430",2022-09-01,"NC","LINCOLN",37109,646,22,84,540,0,645,1,595,3,2,2,31,3
"2431",2022-09-01,"NC","MACON",37113,163,3,103,57,0,161,2,157,2,0,1,15,1
"2432",2022-09-01,"NC","MADISON",37115,129,4,66,59,0,117,12,126,1,1,1,NA,2
"2433",2022-09-01,"NC","MARTIN",37117,174,2,40,132,0,162,12,164,1,0,0,2,1
"2434",2022-09-01,"NC","MCDOWELL",37111,434,0,3,431,0,431,3,435,0,0,1,14,1
"2435",2022-09-01,"NC","MECKLENBURG",37119,6930,15,255,6660,0,6895,35,7103,23,19,35,380,32
"2436",2022-09-01,"NC","MONTGOMERY",37123,232,13,117,102,0,230,2,231,0,0,0,5,1
"2437",2022-09-01,"NC","MOORE",37125,867,36,102,729,0,863,4,851,2,7,13,91,5
"2438",2022-09-01,"NC","NASH",37127,597,10,183,404,0,593,4,651,5,2,6,46,7
"2439",2022-09-01,"NC","NEW HANOVER",37129,1049,7,295,747,0,1041,8,1133,13,14,18,103,13
"2440",2022-09-01,"NC","ONSLOW",37133,1167,16,523,628,0,1162,5,1237,7,3,5,30,7
"2441",2022-09-01,"NC","ORANGE",37135,861,5,286,570,0,859,2,937,2,2,3,135,3
"2442",2022-09-01,"NC","PASQUOTANK",37139,187,1,5,181,0,186,1,181,0,2,2,15,0
"2443",2022-09-01,"NC","PENDER",37141,304,5,60,239,0,302,2,435,0,1,1,0,3
"2444",2022-09-01,"NC","PERSON",37145,251,2,70,179,0,248,3,298,0,1,1,34,1
"2445",2022-09-01,"NC","PITT",37147,1428,9,286,1133,0,1425,3,1450,0,4,12,230,5
"2446",2022-09-01,"NC","POLK",37149,83,1,41,41,0,83,0,83,0,0,1,5,1
"2447",2022-09-01,"NC","RANDOLPH",37151,984,13,274,697,0,975,9,967,0,3,5,21,4
"2448",2022-09-01,"NC","RICHMOND",37153,356,9,95,252,0,353,3,362,2,6,6,NA,6
"2449",2022-09-01,"NC","ROBESON",37155,1233,15,357,861,0,1226,7,1360,4,1,3,41,7
"2450",2022-09-01,"NC","ROCKINGHAM",37157,600,10,208,382,0,597,3,635,0,0,1,10,3
"2451",2022-09-01,"NC","ROWAN",37159,858,5,52,801,0,853,5,925,3,2,2,56,3
"2452",2022-09-01,"NC","RUTHERFORD",37161,355,2,44,309,0,350,5,396,1,2,7,16,8
"2453",2022-09-01,"NC","SAMPSON",37163,538,7,225,306,0,534,4,551,1,0,2,34,6
"2454",2022-09-01,"NC","SCOTLAND",37165,269,1,8,260,0,268,1,278,0,1,1,26,1
"2455",2022-09-01,"NC","STANLY",37167,649,8,128,513,0,644,5,632,3,1,1,34,2
"2456",2022-09-01,"NC","STOKES",37169,502,3,58,441,0,499,3,545,1,0,0,4,1
"2457",2022-09-01,"NC","SURRY",37171,644,3,48,593,0,626,18,826,13,7,8,59,12
"2458",2022-09-01,"NC","TRANSYLVANIA",37175,332,12,94,226,0,327,5,378,1,1,1,16,4
"2459",2022-09-01,"NC","UNION",37179,1584,15,225,1344,0,1580,4,1591,1,3,5,86,4
"2460",2022-09-01,"NC","VANCE",37181,328,1,98,229,0,327,1,358,1,3,3,7,3
"2461",2022-09-01,"NC","WAKE",37183,6690,38,1568,5084,0,6665,25,7199,0,12,23,307,14
"2462",2022-09-01,"NC","WATAUGA",37189,437,3,144,290,0,437,0,524,2,1,1,9,0
"2463",2022-09-01,"NC","WAYNE",37191,974,13,222,739,0,965,9,1007,3,3,4,80,5
"2464",2022-09-01,"NC","WILKES",37193,645,7,78,560,0,644,1,681,0,2,4,26,2
"2465",2022-09-01,"NC","WILSON",37195,583,26,178,379,0,582,1,549,4,0,4,173,5
"2466",2022-09-01,"NC","YADKIN",37197,608,5,20,583,0,602,6,591,1,2,2,NA,5
"2467",2022-10-01,"NC","ALAMANCE",37001,754,42,186,526,0,745,9,772,1,4,12,48,10
"2468",2022-10-01,"NC","ALEXANDER",37003,146,2,16,128,0,135,11,150,6,1,1,NA,2
"2469",2022-10-01,"NC","ANSON",37007,53,0,14,39,0,53,0,59,2,1,1,0,2
"2470",2022-10-01,"NC","ASHE",37009,85,0,10,75,0,84,1,83,0,3,3,5,2
"2471",2022-10-01,"NC","BEAUFORT",37013,261,0,1,260,0,258,3,277,0,0,0,29,1
"2472",2022-10-01,"NC","BLADEN",37017,83,5,35,43,0,82,1,97,2,0,0,4,1
"2473",2022-10-01,"NC","BRUNSWICK",37019,608,4,168,436,0,607,1,629,6,1,1,19,2
"2474",2022-10-01,"NC","BUNCOMBE",37021,1034,6,103,925,0,1024,10,921,11,17,24,106,14
"2475",2022-10-01,"NC","BURKE",37023,392,1,17,374,0,379,13,483,3,1,3,28,2
"2476",2022-10-01,"NC","CABARRUS",37025,730,2,52,676,0,728,2,752,9,3,9,60,5
"2477",2022-10-01,"NC","CALDWELL",37027,449,3,75,371,0,447,2,480,10,1,6,15,5
"2478",2022-10-01,"NC","CARTERET",37031,225,0,54,171,0,224,1,213,4,3,4,15,1
"2479",2022-10-01,"NC","CASWELL",37033,51,2,19,30,0,40,11,47,0,0,0,NA,2
"2480",2022-10-01,"NC","CATAWBA",37035,888,5,58,825,0,881,7,726,6,10,15,73,9
"2481",2022-10-01,"NC","CHATHAM",37037,274,1,4,269,0,274,0,223,2,1,1,11,1
"2482",2022-10-01,"NC","CHEROKEE",37039,119,3,17,99,0,93,26,99,4,1,1,6,0
"2483",2022-10-01,"NC","CLEVELAND",37045,284,11,23,250,0,280,4,284,6,3,8,35,6
"2484",2022-10-01,"NC","COLUMBUS",37047,123,0,63,60,0,123,0,119,0,2,4,0,2
"2485",2022-10-01,"NC","CRAVEN",37049,355,1,63,291,0,352,3,332,2,2,6,52,5
"2486",2022-10-01,"NC","CUMBERLAND",37051,1128,0,67,1061,0,1125,3,1295,14,4,8,71,7
"2487",2022-10-01,"NC","CURRITUCK",37053,133,2,6,125,0,132,1,123,1,0,0,NA,0
"2488",2022-10-01,"NC","DARE",37055,152,0,0,152,0,152,0,136,0,0,1,10,1
"2489",2022-10-01,"NC","DAVIDSON",37057,782,28,129,625,0,778,4,791,14,3,4,35,7
"2490",2022-10-01,"NC","DAVIE",37059,188,0,7,181,0,188,0,230,1,1,2,12,1
"2491",2022-10-01,"NC","DUPLIN",37061,180,7,172,1,0,180,0,188,1,1,1,16,2
"2492",2022-10-01,"NC","DURHAM",37063,1244,3,68,1173,0,1242,2,1177,4,9,11,132,6
"2493",2022-10-01,"NC","EDGECOMBE",37065,182,4,89,89,0,182,0,188,4,2,5,17,4
"2494",2022-10-01,"NC","FORSYTH",37067,1658,70,136,1452,0,1639,19,1649,27,15,23,182,18
"2495",2022-10-01,"NC","FRANKLIN",37069,261,4,63,194,0,260,1,246,4,0,0,NA,1
"2496",2022-10-01,"NC","GASTON",37071,748,52,103,593,0,741,7,672,13,4,5,14,6
"2497",2022-10-01,"NC","GRANVILLE",37077,239,3,139,97,0,239,0,234,0,2,3,9,0
"2498",2022-10-01,"NC","GREENE",37079,83,0,0,83,0,83,0,79,1,0,0,NA,0
"2499",2022-10-01,"NC","GUILFORD",37081,1831,37,570,1224,0,1814,17,2428,23,15,21,187,19
"2500",2022-10-01,"NC","HALIFAX",37083,316,5,93,218,0,315,1,292,3,1,1,26,2
"2501",2022-10-01,"NC","HARNETT",37085,393,20,319,54,0,392,1,475,2,0,0,18,0
"2502",2022-10-01,"NC","HAYWOOD",37087,304,6,26,272,0,302,2,294,7,4,6,36,5
"2503",2022-10-01,"NC","HENDERSON",37089,570,0,16,554,0,565,5,596,10,1,5,39,4
"2504",2022-10-01,"NC","HERTFORD",37091,69,0,4,65,0,66,3,81,1,1,2,17,2
"2505",2022-10-01,"NC","HOKE",37093,197,7,55,135,0,197,0,205,2,0,0,8,1
"2506",2022-10-01,"NC","IREDELL",37097,778,8,42,728,0,772,6,716,8,5,6,56,5
"2507",2022-10-01,"NC","JACKSON",37099,132,1,16,115,0,132,0,142,2,2,3,0,2
"2508",2022-10-01,"NC","JOHNSTON",37101,739,14,236,489,0,727,12,720,5,2,2,41,0
"2509",2022-10-01,"NC","LEE",37105,233,19,112,102,0,231,2,220,1,1,1,16,1
"2510",2022-10-01,"NC","LENOIR",37107,181,11,62,108,0,180,1,188,5,1,1,11,0
"2511",2022-10-01,"NC","LINCOLN",37109,362,8,17,337,0,358,4,407,1,1,1,15,5
"2512",2022-10-01,"NC","MACON",37113,72,2,25,45,0,59,13,76,4,0,0,4,2
"2513",2022-10-01,"NC","MADISON",37115,68,3,42,23,0,67,1,78,0,0,0,NA,0
"2514",2022-10-01,"NC","MARTIN",37117,55,0,19,36,0,55,0,86,0,0,0,1,0
"2515",2022-10-01,"NC","MCDOWELL",37111,199,0,3,196,0,195,4,185,4,1,2,14,5
"2516",2022-10-01,"NC","MECKLENBURG",37119,3802,19,241,3542,0,3779,23,3528,29,25,36,251,27
"2517",2022-10-01,"NC","MONTGOMERY",37123,83,8,57,18,0,71,12,108,1,1,1,2,2
"2518",2022-10-01,"NC","MOORE",37125,486,24,6,456,0,482,4,495,9,3,9,42,6
"2519",2022-10-01,"NC","NASH",37127,310,6,83,221,0,298,12,349,6,5,8,29,9
"2520",2022-10-01,"NC","NEW HANOVER",37129,489,3,206,280,0,486,3,470,12,6,9,61,5
"2521",2022-10-01,"NC","ONSLOW",37133,463,7,176,280,0,461,2,485,4,1,1,15,2
"2522",2022-10-01,"NC","ORANGE",37135,514,6,203,305,0,510,4,523,0,5,6,127,1
"2523",2022-10-01,"NC","PASQUOTANK",37139,136,0,3,133,0,135,1,112,2,1,1,17,0
"2524",2022-10-01,"NC","PENDER",37141,141,8,32,101,0,138,3,104,3,0,1,0,3
"2525",2022-10-01,"NC","PERSON",37145,107,1,33,73,0,96,11,113,2,1,1,14,1
"2526",2022-10-01,"NC","PITT",37147,572,5,97,470,0,569,3,637,5,0,4,140,0
"2527",2022-10-01,"NC","POLK",37149,73,0,11,62,0,72,1,51,0,0,0,1,0
"2528",2022-10-01,"NC","RANDOLPH",37151,484,8,132,344,0,479,5,572,2,2,4,32,7
"2529",2022-10-01,"NC","RICHMOND",37153,125,2,26,97,0,124,1,139,2,3,3,NA,2
"2530",2022-10-01,"NC","ROBESON",37155,578,7,191,380,0,567,11,596,10,5,6,21,6
"2531",2022-10-01,"NC","ROCKINGHAM",37157,298,4,95,199,0,298,0,322,4,2,3,10,2
"2532",2022-10-01,"NC","ROWAN",37159,485,3,25,457,0,473,12,500,3,2,3,21,3
"2533",2022-10-01,"NC","RUTHERFORD",37161,201,1,53,147,0,198,3,188,5,3,3,2,3
"2534",2022-10-01,"NC","SAMPSON",37163,226,3,91,132,0,226,0,206,5,3,4,5,5
"2535",2022-10-01,"NC","SCOTLAND",37165,116,0,1,115,0,115,1,107,3,3,3,31,2
"2536",2022-10-01,"NC","STANLY",37167,279,2,52,225,0,278,1,281,0,4,4,18,3
"2537",2022-10-01,"NC","STOKES",37169,276,1,46,229,0,274,2,261,3,1,2,4,2
"2538",2022-10-01,"NC","SURRY",37171,329,3,18,308,0,327,2,326,8,5,7,50,7
"2539",2022-10-01,"NC","TRANSYLVANIA",37175,160,3,13,144,0,160,0,146,1,1,1,3,0
"2540",2022-10-01,"NC","UNION",37179,824,7,44,773,0,818,6,845,4,2,6,26,3
"2541",2022-10-01,"NC","VANCE",37181,161,2,48,111,0,160,1,144,1,1,1,6,1
"2542",2022-10-01,"NC","WAKE",37183,3534,32,1094,2408,0,3517,17,3545,28,9,15,197,11
"2543",2022-10-01,"NC","WATAUGA",37189,209,2,15,192,0,209,0,188,3,0,1,18,0
"2544",2022-10-01,"NC","WAYNE",37191,489,3,107,379,0,476,13,513,10,5,9,48,10
"2545",2022-10-01,"NC","WILKES",37193,331,4,29,298,0,327,4,293,2,1,3,21,6
"2546",2022-10-01,"NC","WILSON",37195,265,14,70,181,0,263,2,338,5,0,1,153,1
"2547",2022-10-01,"NC","YADKIN",37197,247,2,7,238,0,245,2,272,2,1,2,NA,3
"2548",2022-11-01,"NC","ALAMANCE",37001,750,36,245,469,0,740,10,775,13,6,12,40,9
"2549",2022-11-01,"NC","ALEXANDER",37003,126,3,28,95,0,125,1,136,1,0,0,NA,1
"2550",2022-11-01,"NC","ANSON",37007,61,0,20,41,0,50,11,64,3,0,0,1,0
"2551",2022-11-01,"NC","ASHE",37009,78,1,31,46,0,77,1,83,5,2,2,4,1
"2552",2022-11-01,"NC","BEAUFORT",37013,89,0,1,88,0,89,0,133,2,2,2,15,1
"2553",2022-11-01,"NC","BLADEN",37017,103,3,52,48,0,103,0,85,2,0,1,3,1
"2554",2022-11-01,"NC","BRUNSWICK",37019,457,8,149,300,0,454,3,512,7,1,3,13,1
"2555",2022-11-01,"NC","BUNCOMBE",37021,928,7,125,796,0,915,13,1134,13,9,16,102,11
"2556",2022-11-01,"NC","BURKE",37023,379,1,50,328,0,376,3,455,7,4,8,21,6
"2557",2022-11-01,"NC","CABARRUS",37025,817,5,82,730,0,810,7,853,6,6,10,77,3
"2558",2022-11-01,"NC","CALDWELL",37027,346,3,66,277,0,343,3,482,6,1,4,11,6
"2559",2022-11-01,"NC","CARTERET",37031,103,2,23,78,0,103,0,149,0,3,4,12,4
"2560",2022-11-01,"NC","CASWELL",37033,64,1,22,41,0,53,11,60,0,0,0,NA,1
"2561",2022-11-01,"NC","CATAWBA",37035,595,8,102,485,0,593,2,763,12,7,7,53,2
"2562",2022-11-01,"NC","CHATHAM",37037,315,0,3,312,0,314,1,362,0,1,1,10,1
"2563",2022-11-01,"NC","CHEROKEE",37039,107,0,32,75,0,99,8,96,2,0,0,4,0
"2564",2022-11-01,"NC","CLEVELAND",37045,306,3,72,231,0,303,3,300,5,5,6,28,3
"2565",2022-11-01,"NC","COLUMBUS",37047,161,3,90,68,0,158,3,156,2,3,5,0,3
"2566",2022-11-01,"NC","CRAVEN",37049,275,7,58,210,0,271,4,285,9,2,5,27,5
"2567",2022-11-01,"NC","CUMBERLAND",37051,1082,1,112,969,0,1076,6,1094,12,4,7,51,4
"2568",2022-11-01,"NC","CURRITUCK",37053,57,3,1,53,0,57,0,76,0,0,0,NA,1
"2569",2022-11-01,"NC","DARE",37055,111,0,0,111,0,110,1,145,2,1,1,4,0
"2570",2022-11-01,"NC","DAVIDSON",37057,558,21,99,438,0,538,20,659,12,4,8,33,8
"2571",2022-11-01,"NC","DAVIE",37059,155,2,35,118,0,153,2,148,3,0,2,15,2
"2572",2022-11-01,"NC","DUPLIN",37061,115,1,112,2,0,115,0,146,1,0,1,5,1
"2573",2022-11-01,"NC","DURHAM",37063,1062,1,20,1041,0,1057,5,1211,8,2,7,129,2
"2574",2022-11-01,"NC","EDGECOMBE",37065,91,0,27,64,0,90,1,133,6,1,1,8,1
"2575",2022-11-01,"NC","FORSYTH",37067,1321,57,297,967,0,1315,6,1666,24,14,23,177,15
"2576",2022-11-01,"NC","FRANKLIN",37069,233,4,69,160,0,232,1,255,0,0,0,NA,0
"2577",2022-11-01,"NC","GASTON",37071,741,48,144,549,0,731,10,825,7,2,2,0,7
"2578",2022-11-01,"NC","GRANVILLE",37077,229,1,112,116,0,227,2,255,1,0,0,4,1
"2579",2022-11-01,"NC","GREENE",37079,55,0,0,55,0,55,0,70,0,0,0,NA,0
"2580",2022-11-01,"NC","GUILFORD",37081,1892,34,538,1320,0,1877,15,2428,20,9,17,179,15
"2581",2022-11-01,"NC","HALIFAX",37083,220,7,59,154,0,219,1,279,4,1,1,22,2
"2582",2022-11-01,"NC","HARNETT",37085,363,23,298,42,0,347,16,435,3,4,4,9,5
"2583",2022-11-01,"NC","HAYWOOD",37087,269,3,25,241,0,265,4,330,7,1,1,19,2
"2584",2022-11-01,"NC","HENDERSON",37089,517,1,11,505,0,515,2,520,7,4,6,33,6
"2585",2022-11-01,"NC","HERTFORD",37091,68,0,1,67,0,67,1,70,2,1,1,16,1
"2586",2022-11-01,"NC","HOKE",37093,147,2,46,99,0,145,2,148,3,0,0,6,2
"2587",2022-11-01,"NC","IREDELL",37097,682,5,110,567,0,678,4,731,10,5,6,43,5
"2588",2022-11-01,"NC","JACKSON",37099,122,2,25,95,0,122,0,134,4,0,1,0,0
"2589",2022-11-01,"NC","JOHNSTON",37101,639,10,205,424,0,634,5,725,7,5,6,27,8
"2590",2022-11-01,"NC","LEE",37105,157,10,84,63,0,157,0,208,2,0,0,8,1
"2591",2022-11-01,"NC","LENOIR",37107,143,5,48,90,0,142,1,154,1,1,1,9,3
"2592",2022-11-01,"NC","LINCOLN",37109,260,15,50,195,0,260,0,312,4,0,0,22,0
"2593",2022-11-01,"NC","MACON",37113,76,0,1,75,0,76,0,88,0,0,0,9,0
"2594",2022-11-01,"NC","MADISON",37115,48,2,28,18,0,46,2,48,1,0,0,NA,1
"2595",2022-11-01,"NC","MARTIN",37117,40,0,10,30,0,40,0,56,1,0,0,1,0
"2596",2022-11-01,"NC","MCDOWELL",37111,217,0,2,215,0,216,1,214,6,2,2,10,3
"2597",2022-11-01,"NC","MECKLENBURG",37119,3828,24,204,3600,0,3806,22,4067,33,16,30,269,25
"2598",2022-11-01,"NC","MONTGOMERY",37123,77,9,53,15,0,76,1,93,2,0,0,0,2
"2599",2022-11-01,"NC","MOORE",37125,315,27,15,273,0,310,5,401,9,6,9,50,5
"2600",2022-11-01,"NC","NASH",37127,186,9,54,123,0,185,1,202,4,0,3,24,1
"2601",2022-11-01,"NC","NEW HANOVER",37129,526,2,213,311,0,523,3,469,5,2,3,43,2
"2602",2022-11-01,"NC","ONSLOW",37133,390,12,197,181,0,387,3,367,2,0,3,20,2
"2603",2022-11-01,"NC","ORANGE",37135,476,4,148,324,0,475,1,497,3,2,3,83,1
"2604",2022-11-01,"NC","PASQUOTANK",37139,105,1,5,99,0,104,1,146,1,2,3,20,1
"2605",2022-11-01,"NC","PENDER",37141,99,0,32,67,0,99,0,94,5,0,2,0,1
"2606",2022-11-01,"NC","PERSON",37145,108,1,29,78,0,96,12,118,2,1,2,2,3
"2607",2022-11-01,"NC","PITT",37147,567,8,124,435,0,565,2,601,4,4,5,107,4
"2608",2022-11-01,"NC","POLK",37149,128,2,68,58,0,128,0,145,1,0,0,2,0
"2609",2022-11-01,"NC","RANDOLPH",37151,387,4,122,261,0,381,6,438,10,4,4,7,8
"2610",2022-11-01,"NC","RICHMOND",37153,125,5,40,80,0,125,0,119,6,0,0,NA,0
"2611",2022-11-01,"NC","ROBESON",37155,444,7,116,321,0,439,5,489,3,2,3,17,4
"2612",2022-11-01,"NC","ROCKINGHAM",37157,282,2,90,190,0,280,2,305,2,1,1,7,1
"2613",2022-11-01,"NC","ROWAN",37159,496,2,34,460,0,493,3,526,5,2,4,31,5
"2614",2022-11-01,"NC","RUTHERFORD",37161,205,2,30,173,0,200,5,230,5,1,3,15,4
"2615",2022-11-01,"NC","SAMPSON",37163,137,0,51,86,0,136,1,192,6,0,0,5,0
"2616",2022-11-01,"NC","SCOTLAND",37165,59,0,1,58,0,59,0,83,1,3,3,7,0
"2617",2022-11-01,"NC","STANLY",37167,210,0,42,168,0,210,0,261,2,1,1,28,0
"2618",2022-11-01,"NC","STOKES",37169,256,5,69,182,0,254,2,279,3,1,1,2,2
"2619",2022-11-01,"NC","SURRY",37171,344,3,59,282,0,340,4,356,4,4,5,35,3
"2620",2022-11-01,"NC","TRANSYLVANIA",37175,79,1,6,72,0,79,0,103,2,0,4,1,1
"2621",2022-11-01,"NC","UNION",37179,822,10,167,645,0,818,4,862,5,6,10,33,7
"2622",2022-11-01,"NC","VANCE",37181,116,1,31,84,0,116,0,152,1,0,0,8,0
"2623",2022-11-01,"NC","WAKE",37183,3408,30,992,2386,0,3399,9,3719,11,15,24,193,13
"2624",2022-11-01,"NC","WATAUGA",37189,176,2,26,148,0,176,0,201,0,2,3,9,0
"2625",2022-11-01,"NC","WAYNE",37191,428,6,83,339,0,424,4,444,5,0,5,40,2
"2626",2022-11-01,"NC","WILKES",37193,200,4,32,164,0,197,3,247,5,0,2,14,3
"2627",2022-11-01,"NC","WILSON",37195,190,8,65,117,0,187,3,210,5,1,3,77,3
"2628",2022-11-01,"NC","YADKIN",37197,188,0,24,164,0,184,4,192,8,1,2,NA,3
"2629",2022-12-01,"NC","ALAMANCE",37001,1669,90,530,1049,0,1655,14,850,6,8,20,55,11
"2630",2022-12-01,"NC","ALEXANDER",37003,210,4,39,167,0,208,2,120,1,1,3,NA,2
"2631",2022-12-01,"NC","ANSON",37007,197,1,28,168,0,194,3,75,1,0,0,6,3
"2632",2022-12-01,"NC","ASHE",37009,141,1,32,108,0,140,1,85,0,1,3,5,1
"2633",2022-12-01,"NC","BEAUFORT",37013,257,0,2,255,0,254,3,121,1,1,4,28,3
"2634",2022-12-01,"NC","BLADEN",37017,326,9,112,205,0,322,4,165,3,2,3,7,2
"2635",2022-12-01,"NC","BRUNSWICK",37019,1127,24,112,991,0,1120,7,521,2,3,5,40,6
"2636",2022-12-01,"NC","BUNCOMBE",37021,1721,9,284,1428,0,1703,18,851,7,8,13,125,11
"2637",2022-12-01,"NC","BURKE",37023,784,4,142,638,0,779,5,387,3,7,9,33,7
"2638",2022-12-01,"NC","CABARRUS",37025,1646,10,92,1544,0,1633,13,883,7,9,17,152,14
"2639",2022-12-01,"NC","CALDWELL",37027,892,4,234,654,0,887,5,438,6,1,5,33,4
"2640",2022-12-01,"NC","CARTERET",37031,445,4,62,379,0,441,4,169,4,1,1,28,2
"2641",2022-12-01,"NC","CASWELL",37033,113,3,26,84,0,112,1,63,3,0,0,NA,1
"2642",2022-12-01,"NC","CATAWBA",37035,1405,30,169,1206,0,1396,9,689,1,8,10,85,6
"2643",2022-12-01,"NC","CHATHAM",37037,527,1,5,521,0,524,3,309,1,3,3,14,2
"2644",2022-12-01,"NC","CHEROKEE",37039,150,3,38,109,0,133,17,89,0,0,0,2,0
"2645",2022-12-01,"NC","CLEVELAND",37045,814,15,117,682,0,806,8,429,5,4,6,66,5
"2646",2022-12-01,"NC","COLUMBUS",37047,372,3,230,139,0,369,3,161,4,1,1,19,2
"2647",2022-12-01,"NC","CRAVEN",37049,781,6,118,657,0,774,7,307,3,3,7,81,5
"2648",2022-12-01,"NC","CUMBERLAND",37051,2989,3,321,2665,0,2979,10,1498,3,7,8,124,7
"2649",2022-12-01,"NC","CURRITUCK",37053,101,0,0,101,0,101,0,48,-1,0,0,NA,0
"2650",2022-12-01,"NC","DARE",37055,217,0,0,217,0,217,0,88,0,0,0,6,1
"2651",2022-12-01,"NC","DAVIDSON",37057,1503,28,186,1289,0,1493,10,712,7,3,7,61,8
"2652",2022-12-01,"NC","DAVIE",37059,445,5,88,352,0,445,0,206,2,0,0,21,0
"2653",2022-12-01,"NC","DUPLIN",37061,384,7,369,8,0,380,4,148,1,2,2,25,2
"2654",2022-12-01,"NC","DURHAM",37063,2424,9,70,2345,0,2409,15,1242,1,7,15,194,10
"2655",2022-12-01,"NC","EDGECOMBE",37065,354,6,97,251,0,350,4,164,-1,3,3,12,2
"2656",2022-12-01,"NC","FORSYTH",37067,3512,129,617,2766,12,3488,12,1693,8,15,21,338,12
"2657",2022-12-01,"NC","FRANKLIN",37069,493,2,107,384,0,492,1,236,1,0,1,NA,1
"2658",2022-12-01,"NC","GASTON",37071,2093,108,229,1756,0,2080,13,1054,5,10,14,0,12
"2659",2022-12-01,"NC","GRANVILLE",37077,519,8,199,312,0,515,4,227,1,1,1,14,2
"2660",2022-12-01,"NC","GREENE",37079,141,0,0,141,0,140,1,52,1,0,0,NA,0
"2661",2022-12-01,"NC","GUILFORD",37081,4415,63,887,3465,30,4364,21,2376,13,20,30,335,31
"2662",2022-12-01,"NC","HALIFAX",37083,492,6,109,377,0,491,1,236,0,0,0,11,0
"2663",2022-12-01,"NC","HARNETT",37085,973,29,645,299,0,972,1,468,3,1,1,27,2
"2664",2022-12-01,"NC","HAYWOOD",37087,319,5,57,257,0,311,8,188,2,5,7,35,4
"2665",2022-12-01,"NC","HENDERSON",37089,888,3,21,864,0,882,6,418,8,2,3,52,2
"2666",2022-12-01,"NC","HERTFORD",37091,180,1,14,165,0,168,12,90,0,0,0,18,0
"2667",2022-12-01,"NC","HOKE",37093,384,2,71,311,0,379,5,180,1,0,0,18,1
"2668",2022-12-01,"NC","IREDELL",37097,1522,15,188,1319,0,1497,25,802,5,6,16,81,14
"2669",2022-12-01,"NC","JACKSON",37099,185,7,78,100,0,183,2,101,-1,1,1,12,1
"2670",2022-12-01,"NC","JOHNSTON",37101,1713,16,468,1229,0,1708,5,905,4,4,4,46,3
"2671",2022-12-01,"NC","LEE",37105,414,19,225,170,0,411,3,226,2,0,0,18,1
"2672",2022-12-01,"NC","LENOIR",37107,470,8,203,259,0,467,3,220,1,0,0,23,1
"2673",2022-12-01,"NC","LINCOLN",37109,637,21,103,513,0,636,1,358,5,1,1,37,1
"2674",2022-12-01,"NC","MACON",37113,220,2,2,216,0,218,2,146,1,0,1,15,1
"2675",2022-12-01,"NC","MADISON",37115,92,6,55,31,0,89,3,59,2,0,0,NA,2
"2676",2022-12-01,"NC","MARTIN",37117,61,0,8,53,0,60,1,33,0,0,0,3,1
"2677",2022-12-01,"NC","MCDOWELL",37111,370,1,2,367,0,369,1,217,3,1,1,12,1
"2678",2022-12-01,"NC","MECKLENBURG",37119,8999,37,386,8576,0,8971,28,5102,24,23,31,521,27
"2679",2022-12-01,"NC","MONTGOMERY",37123,188,12,84,92,0,162,26,43,1,0,0,1,2
"2680",2022-12-01,"NC","MOORE",37125,754,54,33,667,0,750,4,351,6,7,12,103,4
"2681",2022-12-01,"NC","NASH",37127,640,19,173,448,0,628,12,292,5,3,5,53,9
"2682",2022-12-01,"NC","NEW HANOVER",37129,1328,7,163,1158,0,1311,17,636,1,7,9,76,4
"2683",2022-12-01,"NC","ONSLOW",37133,909,11,393,505,0,900,9,530,3,3,4,32,5
"2684",2022-12-01,"NC","ORANGE",37135,1002,11,240,751,0,996,6,595,1,8,10,184,6
"2685",2022-12-01,"NC","PASQUOTANK",37139,223,0,45,178,0,223,0,72,0,2,2,23,1
"2686",2022-12-01,"NC","PENDER",37141,342,1,46,295,0,341,1,164,1,2,2,1,0
"2687",2022-12-01,"NC","PERSON",37145,251,2,50,199,0,251,0,113,2,0,1,12,1
"2688",2022-12-01,"NC","PITT",37147,1122,10,164,948,0,1114,8,559,4,3,4,147,2
"2689",2022-12-01,"NC","POLK",37149,131,2,40,89,0,130,1,65,0,0,0,4,1
"2690",2022-12-01,"NC","RANDOLPH",37151,1256,16,280,960,0,1250,6,650,14,0,2,43,5
"2691",2022-12-01,"NC","RICHMOND",37153,343,7,55,281,0,340,3,162,1,2,3,NA,2
"2692",2022-12-01,"NC","ROBESON",37155,1250,11,244,995,0,1244,6,617,2,2,4,46,4
"2693",2022-12-01,"NC","ROCKINGHAM",37157,642,4,116,522,0,625,17,333,0,1,1,7,2
"2694",2022-12-01,"NC","ROWAN",37159,1014,7,92,915,0,1002,12,516,4,6,6,42,7
"2695",2022-12-01,"NC","RUTHERFORD",37161,514,2,75,437,0,513,1,240,4,0,0,23,2
"2696",2022-12-01,"NC","SAMPSON",37163,448,7,111,330,0,445,3,218,3,2,2,17,3
"2697",2022-12-01,"NC","SCOTLAND",37165,283,1,5,277,0,282,1,111,0,0,0,45,0
"2698",2022-12-01,"NC","STANLY",37167,495,10,41,444,0,491,4,237,2,2,2,42,2
"2699",2022-12-01,"NC","STOKES",37169,651,9,113,529,0,644,7,321,2,0,1,6,2
"2700",2022-12-01,"NC","SURRY",37171,1061,4,176,881,0,1050,11,586,2,5,8,71,8
"2701",2022-12-01,"NC","TRANSYLVANIA",37175,225,9,69,147,0,225,0,126,1,0,0,12,0
"2702",2022-12-01,"NC","UNION",37179,1922,13,304,1605,0,1917,5,1104,2,6,8,74,1
"2703",2022-12-01,"NC","VANCE",37181,403,5,103,295,0,399,4,173,1,0,0,21,0
"2704",2022-12-01,"NC","WAKE",37183,7743,43,1733,5967,0,7728,15,3949,14,11,22,299,14
"2705",2022-12-01,"NC","WATAUGA",37189,326,2,79,245,0,325,1,217,0,2,3,24,0
"2706",2022-12-01,"NC","WAYNE",37191,1061,11,153,897,0,1056,5,527,4,2,2,60,3
"2707",2022-12-01,"NC","WILKES",37193,737,4,120,613,0,730,7,443,6,2,3,33,3
"2708",2022-12-01,"NC","WILSON",37195,645,15,144,486,0,642,3,304,1,2,4,121,2
"2709",2022-12-01,"NC","YADKIN",37197,423,1,20,402,0,422,1,233,4,2,3,NA,1
"2710",2023-01-01,"NC","ALAMANCE",37001,1279,53,441,785,0,1275,4,1922,9,NA,NA,79,15
"2711",2023-01-01,"NC","ALEXANDER",37003,222,1,0,221,0,211,11,260,3,NA,NA,NA,2
"2712",2023-01-01,"NC","ANSON",37007,203,1,0,202,0,202,1,270,1,NA,NA,8,1
"2713",2023-01-01,"NC","ASHE",37009,126,5,32,89,0,124,2,156,3,NA,NA,16,3
"2714",2023-01-01,"NC","BEAUFORT",37013,253,0,0,253,0,253,0,327,1,NA,NA,22,0
"2715",2023-01-01,"NC","BLADEN",37017,428,16,127,285,0,427,1,480,1,NA,NA,16,2
"2716",2023-01-01,"NC","BRUNSWICK",37019,962,3,16,943,0,953,9,1377,8,NA,NA,45,6
"2717",2023-01-01,"NC","BUNCOMBE",37021,1467,8,171,1288,0,1452,15,2050,19,NA,NA,124,23
"2718",2023-01-01,"NC","BURKE",37023,557,4,117,436,0,552,5,852,3,NA,NA,38,5
"2719",2023-01-01,"NC","CABARRUS",37025,1503,5,47,1451,0,1496,7,1970,13,NA,NA,172,14
"2720",2023-01-01,"NC","CALDWELL",37027,793,5,205,583,0,788,5,1069,7,NA,NA,26,11
"2721",2023-01-01,"NC","CARTERET",37031,378,2,6,370,0,363,15,577,8,NA,NA,41,7
"2722",2023-01-01,"NC","CASWELL",37033,116,6,29,81,0,115,1,145,1,NA,NA,NA,0
"2723",2023-01-01,"NC","CATAWBA",37035,953,10,7,936,0,944,9,1528,9,NA,NA,93,9
"2724",2023-01-01,"NC","CHATHAM",37037,474,0,8,466,0,472,2,611,1,NA,NA,12,3
"2725",2023-01-01,"NC","CHEROKEE",37039,180,3,60,117,0,176,4,193,1,NA,NA,5,0
"2726",2023-01-01,"NC","CLEVELAND",37045,616,7,16,593,0,612,4,916,8,NA,NA,79,8
"2727",2023-01-01,"NC","COLUMBUS",37047,370,3,223,144,0,364,6,521,2,NA,NA,42,7
"2728",2023-01-01,"NC","CRAVEN",37049,605,6,15,584,0,593,12,939,9,NA,NA,104,10
"2729",2023-01-01,"NC","CUMBERLAND",37051,2815,2,214,2599,0,2811,4,3618,10,NA,NA,146,8
"2730",2023-01-01,"NC","CURRITUCK",37053,102,0,0,102,0,102,0,146,1,NA,NA,NA,0
"2731",2023-01-01,"NC","DARE",37055,213,1,0,212,0,211,2,287,1,NA,NA,13,0
"2732",2023-01-01,"NC","DAVIDSON",37057,1230,9,98,1123,0,1222,8,1827,9,NA,NA,67,11
"2733",2023-01-01,"NC","DAVIE",37059,385,3,78,304,0,384,1,594,0,NA,NA,23,0
"2734",2023-01-01,"NC","DUPLIN",37061,471,6,453,12,0,468,3,527,4,NA,NA,26,3
"2735",2023-01-01,"NC","DURHAM",37063,2480,1,103,2376,0,2470,10,3144,12,NA,NA,277,12
"2736",2023-01-01,"NC","EDGECOMBE",37065,386,6,145,235,0,372,14,489,2,NA,NA,36,7
"2737",2023-01-01,"NC","FORSYTH",37067,3070,151,187,2732,0,3056,14,4229,15,NA,NA,416,23
"2738",2023-01-01,"NC","FRANKLIN",37069,500,6,152,342,0,495,5,669,2,NA,NA,NA,3
"2739",2023-01-01,"NC","GASTON",37071,1300,89,107,1104,0,1290,10,2164,13,NA,NA,2,15
"2740",2023-01-01,"NC","GRANVILLE",37077,523,10,212,301,0,521,2,679,1,NA,NA,9,2
"2741",2023-01-01,"NC","GREENE",37079,152,0,3,149,0,151,1,204,1,NA,NA,NA,1
"2742",2023-01-01,"NC","GUILFORD",37081,3358,47,935,2376,0,3331,27,4845,30,NA,NA,345,38
"2743",2023-01-01,"NC","HALIFAX",37083,548,11,170,367,0,539,9,701,0,NA,NA,35,4
"2744",2023-01-01,"NC","HARNETT",37085,847,27,246,574,0,843,4,1189,4,NA,NA,40,3
"2745",2023-01-01,"NC","HAYWOOD",37087,350,8,87,255,0,345,5,394,3,NA,NA,26,6
"2746",2023-01-01,"NC","HENDERSON",37089,798,2,25,771,0,781,17,1090,1,NA,NA,89,11
"2747",2023-01-01,"NC","HERTFORD",37091,144,2,12,130,0,143,1,203,2,NA,NA,19,4
"2748",2023-01-01,"NC","HOKE",37093,437,5,123,309,0,425,12,513,1,NA,NA,21,1
"2749",2023-01-01,"NC","IREDELL",37097,1190,6,21,1163,0,1185,5,1678,10,NA,NA,79,9
"2750",2023-01-01,"NC","JACKSON",37099,189,0,107,82,0,189,0,267,2,NA,NA,18,1
"2751",2023-01-01,"NC","JOHNSTON",37101,1451,20,504,927,0,1446,5,2026,8,NA,NA,77,7
"2752",2023-01-01,"NC","LEE",37105,311,13,162,136,0,310,1,423,3,NA,NA,18,3
"2753",2023-01-01,"NC","LENOIR",37107,448,7,272,169,0,446,2,578,3,NA,NA,44,4
"2754",2023-01-01,"NC","LINCOLN",37109,571,15,120,436,0,568,3,723,0,NA,NA,38,2
"2755",2023-01-01,"NC","MACON",37113,109,0,0,109,0,87,22,241,4,NA,NA,10,2
"2756",2023-01-01,"NC","MADISON",37115,51,1,26,24,0,38,13,83,3,NA,NA,NA,2
"2757",2023-01-01,"NC","MARTIN",37117,96,2,0,94,0,95,1,101,1,NA,NA,1,1
"2758",2023-01-01,"NC","MCDOWELL",37111,315,1,4,310,0,314,1,383,2,NA,NA,5,1
"2759",2023-01-01,"NC","MECKLENBURG",37119,7079,18,331,6730,0,7030,49,9811,31,NA,NA,525,29
"2760",2023-01-01,"NC","MONTGOMERY",37123,182,14,54,114,0,181,1,267,6,NA,NA,3,4
"2761",2023-01-01,"NC","MOORE",37125,715,34,21,660,0,709,6,994,5,NA,NA,77,8
"2762",2023-01-01,"NC","NASH",37127,563,17,217,329,0,555,8,777,9,NA,NA,75,10
"2763",2023-01-01,"NC","NEW HANOVER",37129,1184,8,1,1175,0,1177,7,1809,6,NA,NA,130,7
"2764",2023-01-01,"NC","ONSLOW",37133,1046,1,359,686,0,1043,3,1240,6,NA,NA,34,5
"2765",2023-01-01,"NC","ORANGE",37135,881,8,311,562,0,881,0,1164,4,NA,NA,204,0
"2766",2023-01-01,"NC","PASQUOTANK",37139,209,0,5,204,0,209,0,308,0,NA,NA,29,0
"2767",2023-01-01,"NC","PENDER",37141,348,2,7,339,0,345,3,417,1,NA,NA,2,4
"2768",2023-01-01,"NC","PERSON",37145,179,2,52,125,0,179,0,285,1,NA,NA,16,0
"2769",2023-01-01,"NC","PITT",37147,1175,3,86,1086,0,1169,6,1488,3,NA,NA,198,10
"2770",2023-01-01,"NC","POLK",37149,131,1,33,97,0,129,2,143,0,NA,NA,4,3
"2771",2023-01-01,"NC","RANDOLPH",37151,884,11,225,648,0,877,7,1348,7,NA,NA,49,9
"2772",2023-01-01,"NC","RICHMOND",37153,350,7,3,340,0,346,4,446,1,NA,NA,NA,1
"2773",2023-01-01,"NC","ROBESON",37155,1006,6,101,899,0,996,10,1401,6,NA,NA,46,12
"2774",2023-01-01,"NC","ROCKINGHAM",37157,559,15,146,398,0,541,18,749,2,NA,NA,22,10
"2775",2023-01-01,"NC","ROWAN",37159,1079,2,23,1054,0,1071,8,1354,9,NA,NA,58,11
"2776",2023-01-01,"NC","RUTHERFORD",37161,473,5,128,340,0,467,6,610,0,NA,NA,23,5
"2777",2023-01-01,"NC","SAMPSON",37163,495,3,129,363,0,491,4,611,1,NA,NA,11,6
"2778",2023-01-01,"NC","SCOTLAND",37165,333,0,19,314,0,333,0,438,1,NA,NA,43,1
"2779",2023-01-01,"NC","STANLY",37167,503,9,4,490,0,503,0,690,5,NA,NA,37,2
"2780",2023-01-01,"NC","STOKES",37169,421,5,40,376,0,407,14,709,5,NA,NA,5,6
"2781",2023-01-01,"NC","SURRY",37171,672,3,79,590,0,667,5,993,9,NA,NA,78,10
"2782",2023-01-01,"NC","TRANSYLVANIA",37175,191,5,69,117,0,191,0,261,0,NA,NA,9,1
"2783",2023-01-01,"NC","UNION",37179,1539,3,22,1514,0,1534,5,2118,6,NA,NA,62,6
"2784",2023-01-01,"NC","VANCE",37181,436,6,177,253,0,432,4,567,3,NA,NA,20,8
"2785",2023-01-01,"NC","WAKE",37183,6003,62,1801,4140,0,5979,24,8674,11,NA,NA,359,22
"2786",2023-01-01,"NC","WATAUGA",37189,244,0,29,215,0,244,0,270,0,NA,NA,12,0
"2787",2023-01-01,"NC","WAYNE",37191,1106,3,26,1077,0,1101,5,1397,3,NA,NA,97,7
"2788",2023-01-01,"NC","WILKES",37193,437,5,86,346,0,434,3,688,5,NA,NA,36,9
"2789",2023-01-01,"NC","WILSON",37195,539,24,135,380,0,532,7,760,1,NA,NA,383,5
"2790",2023-01-01,"NC","YADKIN",37197,379,0,16,363,0,377,2,515,2,NA,NA,NA,2
"2791",2023-02-01,"NC","ALAMANCE",37001,770,49,312,409,0,765,5,892,10,NA,NA,61,7
"2792",2023-02-01,"NC","ALEXANDER",37003,96,2,2,92,0,95,1,157,0,NA,NA,NA,1
"2793",2023-02-01,"NC","ANSON",37007,91,1,0,90,0,80,11,139,3,NA,NA,6,2
"2794",2023-02-01,"NC","ASHE",37009,63,5,22,36,0,63,0,89,0,NA,NA,8,0
"2795",2023-02-01,"NC","BEAUFORT",37013,177,0,1,176,0,176,1,193,3,NA,NA,20,2
"2796",2023-02-01,"NC","BLADEN",37017,173,5,77,91,0,173,0,248,0,NA,NA,8,1
"2797",2023-02-01,"NC","BRUNSWICK",37019,361,2,3,356,0,359,2,536,0,NA,NA,17,7
"2798",2023-02-01,"NC","BUNCOMBE",37021,729,10,128,591,0,721,8,842,10,NA,NA,91,10
"2799",2023-02-01,"NC","BURKE",37023,350,2,90,258,0,350,0,357,6,NA,NA,11,0
"2800",2023-02-01,"NC","CABARRUS",37025,791,4,7,780,0,791,0,1016,5,NA,NA,87,0
"2801",2023-02-01,"NC","CALDWELL",37027,478,6,126,346,0,476,2,554,3,NA,NA,10,4
"2802",2023-02-01,"NC","CARTERET",37031,150,0,2,148,0,150,0,162,1,NA,NA,11,1
"2803",2023-02-01,"NC","CASWELL",37033,62,2,9,51,0,62,0,94,2,NA,NA,NA,1
"2804",2023-02-01,"NC","CATAWBA",37035,648,4,11,633,0,642,6,687,7,NA,NA,53,7
"2805",2023-02-01,"NC","CHATHAM",37037,270,1,4,265,0,269,1,281,0,NA,NA,10,1
"2806",2023-02-01,"NC","CHEROKEE",37039,121,2,26,93,0,97,24,146,0,NA,NA,3,1
"2807",2023-02-01,"NC","CLEVELAND",37045,336,4,6,326,0,333,3,383,2,NA,NA,37,1
"2808",2023-02-01,"NC","COLUMBUS",37047,134,1,75,58,0,133,1,166,3,NA,NA,12,2
"2809",2023-02-01,"NC","CRAVEN",37049,322,3,9,310,0,318,4,418,8,NA,NA,41,8
"2810",2023-02-01,"NC","CUMBERLAND",37051,1460,1,41,1418,0,1458,2,1931,2,NA,NA,79,2
"2811",2023-02-01,"NC","CURRITUCK",37053,61,0,0,61,0,61,0,80,0,NA,NA,NA,0
"2812",2023-02-01,"NC","DARE",37055,145,0,2,143,0,145,0,192,0,NA,NA,6,2
"2813",2023-02-01,"NC","DAVIDSON",37057,747,7,44,696,0,742,5,871,4,NA,NA,38,4
"2814",2023-02-01,"NC","DAVIE",37059,186,0,33,153,0,185,1,167,0,NA,NA,18,3
"2815",2023-02-01,"NC","DUPLIN",37061,307,2,284,21,0,307,0,389,2,NA,NA,10,2
"2816",2023-02-01,"NC","DURHAM",37063,1246,4,35,1207,0,1240,6,1627,3,NA,NA,158,10
"2817",2023-02-01,"NC","EDGECOMBE",37065,175,1,54,120,0,175,0,223,2,NA,NA,11,1
"2818",2023-02-01,"NC","FORSYTH",37067,1657,64,78,1515,0,1646,11,2098,13,NA,NA,209,19
"2819",2023-02-01,"NC","FRANKLIN",37069,244,2,69,173,0,244,0,307,1,NA,NA,NA,2
"2820",2023-02-01,"NC","GASTON",37071,789,34,87,668,0,786,3,891,11,NA,NA,0,5
"2821",2023-02-01,"NC","GRANVILLE",37077,267,6,115,146,0,266,1,366,0,NA,NA,4,3
"2822",2023-02-01,"NC","GREENE",37079,66,0,0,66,0,66,0,92,0,NA,NA,NA,0
"2823",2023-02-01,"NC","GUILFORD",37081,2020,44,557,1419,0,1999,21,2656,34,NA,NA,235,26
"2824",2023-02-01,"NC","HALIFAX",37083,229,3,57,169,0,228,1,311,4,NA,NA,14,4
"2825",2023-02-01,"NC","HARNETT",37085,396,15,44,337,0,395,1,533,2,NA,NA,18,3
"2826",2023-02-01,"NC","HAYWOOD",37087,170,5,42,123,0,169,1,227,10,NA,NA,14,4
"2827",2023-02-01,"NC","HENDERSON",37089,394,4,12,378,0,389,5,531,7,NA,NA,46,5
"2828",2023-02-01,"NC","HERTFORD",37091,80,1,1,78,0,79,1,109,1,NA,NA,8,1
"2829",2023-02-01,"NC","HOKE",37093,309,7,102,200,0,296,13,376,2,NA,NA,15,2
"2830",2023-02-01,"NC","IREDELL",37097,709,3,11,695,0,706,3,832,10,NA,NA,59,7
"2831",2023-02-01,"NC","JACKSON",37099,158,2,51,105,0,158,0,177,0,NA,NA,5,0
"2832",2023-02-01,"NC","JOHNSTON",37101,715,6,258,451,0,714,1,842,2,NA,NA,31,1
"2833",2023-02-01,"NC","LEE",37105,214,12,87,115,0,211,3,232,2,NA,NA,9,2
"2834",2023-02-01,"NC","LENOIR",37107,380,5,267,108,0,377,3,396,0,NA,NA,31,3
"2835",2023-02-01,"NC","LINCOLN",37109,342,17,76,249,0,340,2,398,0,NA,NA,24,2
"2836",2023-02-01,"NC","MACON",37113,60,0,0,60,0,60,0,75,1,NA,NA,7,0
"2837",2023-02-01,"NC","MADISON",37115,68,2,48,18,0,55,13,60,0,NA,NA,NA,2
"2838",2023-02-01,"NC","MARTIN",37117,46,2,1,43,0,45,1,63,1,NA,NA,5,0
"2839",2023-02-01,"NC","MCDOWELL",37111,170,0,4,166,0,170,0,213,0,NA,NA,6,0
"2840",2023-02-01,"NC","MECKLENBURG",37119,3734,8,145,3581,0,3723,11,4602,21,NA,NA,302,12
"2841",2023-02-01,"NC","MONTGOMERY",37123,125,5,42,78,0,124,1,148,1,NA,NA,0,1
"2842",2023-02-01,"NC","MOORE",37125,321,14,4,303,0,319,2,412,5,NA,NA,59,1
"2843",2023-02-01,"NC","NASH",37127,355,7,151,197,0,354,1,414,8,NA,NA,32,4
"2844",2023-02-01,"NC","NEW HANOVER",37129,551,7,4,540,0,534,17,794,6,NA,NA,69,9
"2845",2023-02-01,"NC","ONSLOW",37133,636,0,299,337,0,635,1,809,3,NA,NA,11,2
"2846",2023-02-01,"NC","ORANGE",37135,451,9,143,299,0,451,0,587,2,NA,NA,138,0
"2847",2023-02-01,"NC","PASQUOTANK",37139,155,0,0,155,0,155,0,189,1,NA,NA,18,0
"2848",2023-02-01,"NC","PENDER",37141,120,3,6,111,0,108,12,222,2,NA,NA,0,2
"2849",2023-02-01,"NC","PERSON",37145,101,1,30,70,0,100,1,132,0,NA,NA,2,1
"2850",2023-02-01,"NC","PITT",37147,788,1,5,782,0,781,7,891,0,NA,NA,104,4
"2851",2023-02-01,"NC","POLK",37149,54,0,12,42,0,54,0,96,3,NA,NA,6,0
"2852",2023-02-01,"NC","RANDOLPH",37151,456,11,136,309,0,452,4,587,4,NA,NA,27,5
"2853",2023-02-01,"NC","RICHMOND",37153,214,2,3,209,0,212,2,269,2,NA,NA,NA,2
"2854",2023-02-01,"NC","ROBESON",37155,588,6,38,544,0,583,5,628,7,NA,NA,21,5
"2855",2023-02-01,"NC","ROCKINGHAM",37157,301,2,67,232,0,299,2,350,8,NA,NA,13,2
"2856",2023-02-01,"NC","ROWAN",37159,531,3,8,520,0,526,5,696,1,NA,NA,34,4
"2857",2023-02-01,"NC","RUTHERFORD",37161,124,0,10,114,0,123,1,289,7,NA,NA,4,3
"2858",2023-02-01,"NC","SAMPSON",37163,283,1,9,273,0,282,1,358,2,NA,NA,7,0
"2859",2023-02-01,"NC","SCOTLAND",37165,197,0,1,196,0,196,1,226,0,NA,NA,28,1
"2860",2023-02-01,"NC","STANLY",37167,221,1,6,214,0,221,0,259,0,NA,NA,29,0
"2861",2023-02-01,"NC","STOKES",37169,268,2,30,236,0,267,1,279,0,NA,NA,8,4
"2862",2023-02-01,"NC","SURRY",37171,375,2,40,333,0,371,4,465,10,NA,NA,35,6
"2863",2023-02-01,"NC","TRANSYLVANIA",37175,85,3,27,55,0,85,0,97,0,NA,NA,5,0
"2864",2023-02-01,"NC","UNION",37179,800,8,24,768,0,791,9,1000,0,NA,NA,40,5
"2865",2023-02-01,"NC","VANCE",37181,203,2,54,147,0,202,1,275,2,NA,NA,7,1
"2866",2023-02-01,"NC","WAKE",37183,3272,35,901,2336,0,3263,9,4090,6,NA,NA,254,12
"2867",2023-02-01,"NC","WATAUGA",37189,168,2,37,129,0,168,0,234,0,NA,NA,10,0
"2868",2023-02-01,"NC","WAYNE",37191,623,4,15,604,0,623,0,716,3,NA,NA,59,2
"2869",2023-02-01,"NC","WILKES",37193,361,1,73,287,0,359,2,328,4,NA,NA,29,2
"2870",2023-02-01,"NC","WILSON",37195,361,18,79,264,0,347,14,446,7,NA,NA,170,4
"2871",2023-02-01,"NC","YADKIN",37197,244,1,7,236,0,242,2,258,1,NA,NA,NA,2
"2872",2023-03-01,"NC","ALAMANCE",37001,304,9,234,61,0,304,0,280,5,NA,NA,34,2
"2873",2023-03-01,"NC","ALEXANDER",37003,41,1,0,40,0,40,1,27,1,NA,NA,NA,0
"2874",2023-03-01,"NC","ANSON",37007,43,0,3,40,0,43,0,26,0,NA,NA,2,0
"2875",2023-03-01,"NC","ASHE",37009,51,2,16,33,0,40,11,15,1,NA,NA,5,1
"2876",2023-03-01,"NC","BEAUFORT",37013,100,0,0,100,0,100,0,83,0,NA,NA,10,0
"2877",2023-03-01,"NC","BLADEN",37017,44,0,25,19,0,44,0,45,1,NA,NA,2,0
"2878",2023-03-01,"NC","BRUNSWICK",37019,311,0,5,306,0,310,1,125,1,NA,NA,13,1
"2879",2023-03-01,"NC","BUNCOMBE",37021,382,0,31,351,0,377,5,238,3,NA,NA,58,7
"2880",2023-03-01,"NC","BURKE",37023,136,0,0,136,0,134,2,113,0,NA,NA,11,1
"2881",2023-03-01,"NC","CABARRUS",37025,369,2,1,366,0,368,1,294,0,NA,NA,48,1
"2882",2023-03-01,"NC","CALDWELL",37027,176,0,1,175,0,172,4,176,0,NA,NA,7,6
"2883",2023-03-01,"NC","CARTERET",37031,86,0,16,70,0,86,0,49,1,NA,NA,9,0
"2884",2023-03-01,"NC","CASWELL",37033,30,0,11,19,0,30,0,23,0,NA,NA,NA,0
"2885",2023-03-01,"NC","CATAWBA",37035,335,1,5,329,0,332,3,225,3,NA,NA,44,4
"2886",2023-03-01,"NC","CHATHAM",37037,124,1,1,122,0,123,1,143,1,NA,NA,8,1
"2887",2023-03-01,"NC","CHEROKEE",37039,34,1,1,32,0,11,23,16,0,NA,NA,2,0
"2888",2023-03-01,"NC","CLEVELAND",37045,119,1,2,116,0,108,11,125,2,NA,NA,18,3
"2889",2023-03-01,"NC","COLUMBUS",37047,73,0,26,47,0,62,11,33,2,NA,NA,0,0
"2890",2023-03-01,"NC","CRAVEN",37049,150,0,1,149,0,149,1,101,2,NA,NA,23,1
"2891",2023-03-01,"NC","CUMBERLAND",37051,687,0,10,677,0,686,1,435,1,NA,NA,45,1
"2892",2023-03-01,"NC","CURRITUCK",37053,79,1,40,38,0,79,0,28,0,NA,NA,NA,0
"2893",2023-03-01,"NC","DARE",37055,58,0,0,58,0,58,0,50,0,NA,NA,3,0
"2894",2023-03-01,"NC","DAVIDSON",37057,308,1,25,282,0,307,1,263,0,NA,NA,21,4
"2895",2023-03-01,"NC","DAVIE",37059,98,2,16,80,0,97,1,107,1,NA,NA,8,1
"2896",2023-03-01,"NC","DUPLIN",37061,111,2,67,42,0,111,0,64,0,NA,NA,7,0
"2897",2023-03-01,"NC","DURHAM",37063,702,2,46,654,0,701,1,446,0,NA,NA,112,6
"2898",2023-03-01,"NC","EDGECOMBE",37065,72,0,20,52,0,72,0,68,1,NA,NA,5,1
"2899",2023-03-01,"NC","FORSYTH",37067,892,46,49,797,0,886,6,424,5,NA,NA,154,5
"2900",2023-03-01,"NC","FRANKLIN",37069,101,0,2,99,0,90,11,71,0,NA,NA,NA,1
"2901",2023-03-01,"NC","GASTON",37071,393,27,60,306,0,389,4,269,1,NA,NA,0,3
"2902",2023-03-01,"NC","GRANVILLE",37077,112,1,38,73,0,112,0,101,2,NA,NA,5,1
"2903",2023-03-01,"NC","GREENE",37079,20,0,0,20,0,19,1,23,0,NA,NA,NA,1
"2904",2023-03-01,"NC","GUILFORD",37081,844,15,189,640,0,837,7,701,10,NA,NA,177,17
"2905",2023-03-01,"NC","HALIFAX",37083,111,2,2,107,0,110,1,75,0,NA,NA,19,1
"2906",2023-03-01,"NC","HARNETT",37085,208,4,16,188,0,206,2,137,2,NA,NA,9,2
"2907",2023-03-01,"NC","HAYWOOD",37087,85,2,11,72,0,85,0,69,0,NA,NA,11,0
"2908",2023-03-01,"NC","HENDERSON",37089,236,0,7,229,0,232,4,133,1,NA,NA,23,1
"2909",2023-03-01,"NC","HERTFORD",37091,28,1,1,26,0,27,1,25,2,NA,NA,10,0
"2910",2023-03-01,"NC","HOKE",37093,94,0,26,68,0,94,0,76,0,NA,NA,6,1
"2911",2023-03-01,"NC","IREDELL",37097,339,1,7,331,0,336,3,241,1,NA,NA,30,5
"2912",2023-03-01,"NC","JACKSON",37099,83,0,1,82,0,83,0,69,0,NA,NA,14,0
"2913",2023-03-01,"NC","JOHNSTON",37101,385,2,3,380,0,383,2,269,0,NA,NA,31,4
"2914",2023-03-01,"NC","LEE",37105,79,9,34,36,0,66,13,81,0,NA,NA,7,2
"2915",2023-03-01,"NC","LENOIR",37107,97,6,71,20,0,96,1,143,1,NA,NA,19,0
"2916",2023-03-01,"NC","LINCOLN",37109,158,11,26,121,0,157,1,87,0,NA,NA,14,2
"2917",2023-03-01,"NC","MACON",37113,38,0,1,37,0,38,0,32,0,NA,NA,4,0
"2918",2023-03-01,"NC","MADISON",37115,37,1,18,18,0,37,0,34,0,NA,NA,NA,0
"2919",2023-03-01,"NC","MARTIN",37117,17,0,1,16,0,17,0,14,1,NA,NA,0,1
"2920",2023-03-01,"NC","MCDOWELL",37111,56,0,0,56,0,56,0,50,0,NA,NA,3,0
"2921",2023-03-01,"NC","MECKLENBURG",37119,1963,9,97,1857,0,1949,14,1279,3,NA,NA,150,22
"2922",2023-03-01,"NC","MONTGOMERY",37123,77,3,32,42,0,76,1,49,0,NA,NA,2,2
"2923",2023-03-01,"NC","MOORE",37125,190,12,12,166,0,186,4,110,0,NA,NA,32,1
"2924",2023-03-01,"NC","NASH",37127,126,6,46,74,0,123,3,109,0,NA,NA,16,4
"2925",2023-03-01,"NC","NEW HANOVER",37129,293,2,2,289,0,290,3,171,5,NA,NA,42,4
"2926",2023-03-01,"NC","ONSLOW",37133,321,5,296,20,0,317,4,180,1,NA,NA,16,5
"2927",2023-03-01,"NC","ORANGE",37135,281,3,82,196,0,281,0,190,0,NA,NA,100,1
"2928",2023-03-01,"NC","PASQUOTANK",37139,40,1,6,33,0,40,0,52,0,NA,NA,14,0
"2929",2023-03-01,"NC","PENDER",37141,60,0,2,58,0,60,0,39,2,NA,NA,0,1
"2930",2023-03-01,"NC","PERSON",37145,58,0,0,58,0,57,1,32,2,NA,NA,5,1
"2931",2023-03-01,"NC","PITT",37147,334,0,0,334,0,333,1,316,0,NA,NA,56,4
"2932",2023-03-01,"NC","POLK",37149,30,0,8,22,0,30,0,17,0,NA,NA,1,0
"2933",2023-03-01,"NC","RANDOLPH",37151,211,0,6,205,0,211,0,179,1,NA,NA,7,2
"2934",2023-03-01,"NC","RICHMOND",37153,87,1,2,84,0,86,1,63,0,NA,NA,NA,5
"2935",2023-03-01,"NC","ROBESON",37155,301,2,4,295,0,300,1,248,3,NA,NA,24,1
"2936",2023-03-01,"NC","ROCKINGHAM",37157,137,0,0,137,0,115,22,129,1,NA,NA,13,4
"2937",2023-03-01,"NC","ROWAN",37159,271,0,9,262,0,270,1,181,0,NA,NA,18,8
"2938",2023-03-01,"NC","RUTHERFORD",37161,72,0,6,66,0,72,0,20,0,NA,NA,3,2
"2939",2023-03-01,"NC","SAMPSON",37163,110,0,4,106,0,108,2,86,0,NA,NA,2,3
"2940",2023-03-01,"NC","SCOTLAND",37165,102,0,0,102,0,102,0,73,0,NA,NA,26,1
"2941",2023-03-01,"NC","STANLY",37167,85,0,1,84,0,85,0,80,0,NA,NA,12,0
"2942",2023-03-01,"NC","STOKES",37169,91,1,3,87,0,91,0,92,0,NA,NA,1,0
"2943",2023-03-01,"NC","SURRY",37171,179,1,23,155,0,177,2,144,0,NA,NA,37,4
"2944",2023-03-01,"NC","TRANSYLVANIA",37175,51,5,1,45,0,40,11,35,0,NA,NA,2,0
"2945",2023-03-01,"NC","UNION",37179,361,2,9,350,0,360,1,269,4,NA,NA,15,5
"2946",2023-03-01,"NC","VANCE",37181,109,2,23,84,0,107,2,60,0,NA,NA,6,2
"2947",2023-03-01,"NC","WAKE",37183,1882,1,13,1868,0,1862,20,1196,5,NA,NA,156,12
"2948",2023-03-01,"NC","WATAUGA",37189,74,2,25,47,0,74,0,60,0,NA,NA,7,0
"2949",2023-03-01,"NC","WAYNE",37191,370,1,10,359,0,368,2,256,1,NA,NA,36,1
"2950",2023-03-01,"NC","WILKES",37193,116,0,25,91,0,105,11,129,0,NA,NA,9,2
"2951",2023-03-01,"NC","WILSON",37195,134,2,10,122,0,134,0,114,2,NA,NA,73,3
"2952",2023-03-01,"NC","YADKIN",37197,77,0,1,76,0,77,0,87,0,NA,NA,NA,0
"2953",2023-04-01,"NC","ALAMANCE",37001,178,8,118,52,0,176,2,NA,NA,NA,NA,21,0
"2954",2023-04-01,"NC","ALEXANDER",37003,22,1,0,21,0,21,1,NA,NA,NA,NA,NA,2
"2955",2023-04-01,"NC","ANSON",37007,33,0,0,33,0,33,0,NA,NA,NA,NA,2,0
"2956",2023-04-01,"NC","ASHE",37009,13,0,1,12,0,13,0,NA,NA,NA,NA,0,0
"2957",2023-04-01,"NC","BEAUFORT",37013,37,0,0,37,0,36,1,NA,NA,NA,NA,4,0
"2958",2023-04-01,"NC","BLADEN",37017,30,1,6,23,0,30,0,NA,NA,NA,NA,1,0
"2959",2023-04-01,"NC","BRUNSWICK",37019,171,0,0,171,0,171,0,NA,NA,NA,NA,9,1
"2960",2023-04-01,"NC","BUNCOMBE",37021,301,0,19,282,0,295,6,NA,NA,NA,NA,48,6
"2961",2023-04-01,"NC","BURKE",37023,75,0,0,75,0,75,0,NA,NA,NA,NA,4,0
"2962",2023-04-01,"NC","CABARRUS",37025,208,2,1,205,0,206,2,NA,NA,NA,NA,33,2
"2963",2023-04-01,"NC","CALDWELL",37027,156,0,0,156,0,155,1,NA,NA,NA,NA,8,0
"2964",2023-04-01,"NC","CARTERET",37031,30,2,4,24,0,30,0,NA,NA,NA,NA,3,0
"2965",2023-04-01,"NC","CASWELL",37033,17,2,0,15,0,17,0,NA,NA,NA,NA,NA,0
"2966",2023-04-01,"NC","CATAWBA",37035,162,1,0,161,0,161,1,NA,NA,NA,NA,21,2
"2967",2023-04-01,"NC","CHATHAM",37037,48,0,2,46,0,37,11,NA,NA,NA,NA,6,0
"2968",2023-04-01,"NC","CHEROKEE",37039,30,2,0,28,0,28,2,NA,NA,NA,NA,3,0
"2969",2023-04-01,"NC","CLEVELAND",37045,64,0,1,63,0,64,0,NA,NA,NA,NA,9,0
"2970",2023-04-01,"NC","COLUMBUS",37047,45,1,19,25,0,44,1,NA,NA,NA,NA,3,2
"2971",2023-04-01,"NC","CRAVEN",37049,120,0,0,120,0,119,1,NA,NA,NA,NA,27,2
"2972",2023-04-01,"NC","CUMBERLAND",37051,289,1,7,281,0,288,1,NA,NA,NA,NA,13,1
"2973",2023-04-01,"NC","CURRITUCK",37053,19,0,1,18,0,19,0,NA,NA,NA,NA,NA,0
"2974",2023-04-01,"NC","DARE",37055,22,0,0,22,0,22,0,NA,NA,NA,NA,3,0
"2975",2023-04-01,"NC","DAVIDSON",37057,167,1,18,148,0,166,1,NA,NA,NA,NA,8,1
"2976",2023-04-01,"NC","DAVIE",37059,43,0,0,43,0,42,1,NA,NA,NA,NA,4,0
"2977",2023-04-01,"NC","DUPLIN",37061,24,1,4,19,0,24,0,NA,NA,NA,NA,3,0
"2978",2023-04-01,"NC","DURHAM",37063,397,2,35,360,0,396,1,NA,NA,NA,NA,58,2
"2979",2023-04-01,"NC","EDGECOMBE",37065,38,0,1,37,0,38,0,NA,NA,NA,NA,0,0
"2980",2023-04-01,"NC","FORSYTH",37067,566,32,46,488,0,562,4,NA,NA,NA,NA,95,6
"2981",2023-04-01,"NC","FRANKLIN",37069,46,0,1,45,0,46,0,NA,NA,NA,NA,NA,0
"2982",2023-04-01,"NC","GASTON",37071,176,12,19,145,0,176,0,NA,NA,NA,NA,0,3
"2983",2023-04-01,"NC","GRANVILLE",37077,73,0,19,54,0,73,0,NA,NA,NA,NA,3,0
"2984",2023-04-01,"NC","GUILFORD",37081,535,1,3,531,0,534,1,NA,NA,NA,NA,84,6
"2985",2023-04-01,"NC","HALIFAX",37083,83,0,1,82,0,82,1,NA,NA,NA,NA,4,1
"2986",2023-04-01,"NC","HARNETT",37085,96,4,3,89,0,84,12,NA,NA,NA,NA,4,0
"2987",2023-04-01,"NC","HAYWOOD",37087,72,0,1,71,0,72,0,NA,NA,NA,NA,14,0
"2988",2023-04-01,"NC","HENDERSON",37089,248,1,7,240,0,246,2,NA,NA,NA,NA,17,1
"2989",2023-04-01,"NC","HOKE",37093,40,0,2,38,0,40,0,NA,NA,NA,NA,5,1
"2990",2023-04-01,"NC","IREDELL",37097,187,0,0,187,0,185,2,NA,NA,NA,NA,18,1
"2991",2023-04-01,"NC","JACKSON",37099,118,1,0,117,0,116,2,NA,NA,NA,NA,6,1
"2992",2023-04-01,"NC","JOHNSTON",37101,180,1,1,178,0,169,11,NA,NA,NA,NA,9,0
"2993",2023-04-01,"NC","LEE",37105,35,2,13,20,0,35,0,NA,NA,NA,NA,5,1
"2994",2023-04-01,"NC","LENOIR",37107,51,1,34,16,0,51,0,NA,NA,NA,NA,6,1
"2995",2023-04-01,"NC","LINCOLN",37109,72,3,0,69,0,72,0,NA,NA,NA,NA,8,0
"2996",2023-04-01,"NC","MACON",37113,12,0,0,12,0,12,0,NA,NA,NA,NA,5,0
"2997",2023-04-01,"NC","MADISON",37115,19,1,12,6,0,18,1,NA,NA,NA,NA,NA,1
"2998",2023-04-01,"NC","MCDOWELL",37111,90,0,1,89,0,90,0,NA,NA,NA,NA,3,1
"2999",2023-04-01,"NC","MECKLENBURG",37119,1158,5,73,1080,0,1156,2,NA,NA,NA,NA,88,4
"3000",2023-04-01,"NC","MONTGOMERY",37123,17,3,2,12,0,16,1,NA,NA,NA,NA,1,1
"3001",2023-04-01,"NC","MOORE",37125,69,8,2,59,0,56,13,NA,NA,NA,NA,17,2
"3002",2023-04-01,"NC","NASH",37127,48,3,33,12,0,48,0,NA,NA,NA,NA,3,0
"3003",2023-04-01,"NC","NEW HANOVER",37129,202,2,2,198,0,198,4,NA,NA,NA,NA,13,3
"3004",2023-04-01,"NC","ONSLOW",37133,144,1,137,6,0,144,0,NA,NA,NA,NA,12,1
"3005",2023-04-01,"NC","ORANGE",37135,145,0,12,133,0,144,1,NA,NA,NA,NA,56,0
"3006",2023-04-01,"NC","PASQUOTANK",37139,37,0,1,36,0,37,0,NA,NA,NA,NA,7,0
"3007",2023-04-01,"NC","PENDER",37141,38,0,0,38,0,38,0,NA,NA,NA,NA,0,0
"3008",2023-04-01,"NC","PERSON",37145,29,0,1,28,0,18,11,NA,NA,NA,NA,2,0
"3009",2023-04-01,"NC","PITT",37147,173,0,0,173,0,167,6,NA,NA,NA,NA,46,2
"3010",2023-04-01,"NC","POLK",37149,29,0,1,28,0,29,0,NA,NA,NA,NA,3,0
"3011",2023-04-01,"NC","RANDOLPH",37151,87,0,1,86,0,87,0,NA,NA,NA,NA,2,0
"3012",2023-04-01,"NC","RICHMOND",37153,42,1,0,41,0,42,0,NA,NA,NA,NA,NA,0
"3013",2023-04-01,"NC","ROBESON",37155,111,0,0,111,0,111,0,NA,NA,NA,NA,5,2
"3014",2023-04-01,"NC","ROCKINGHAM",37157,118,0,1,117,0,104,14,NA,NA,NA,NA,7,2
"3015",2023-04-01,"NC","ROWAN",37159,156,0,0,156,0,145,11,NA,NA,NA,NA,12,1
"3016",2023-04-01,"NC","RUTHERFORD",37161,61,0,2,59,0,61,0,NA,NA,NA,NA,11,0
"3017",2023-04-01,"NC","SAMPSON",37163,51,0,0,51,0,51,0,NA,NA,NA,NA,3,0
"3018",2023-04-01,"NC","SCOTLAND",37165,43,0,0,43,0,42,1,NA,NA,NA,NA,4,0
"3019",2023-04-01,"NC","STANLY",37167,70,1,0,69,0,69,1,NA,NA,NA,NA,8,1
"3020",2023-04-01,"NC","STOKES",37169,83,0,0,83,0,82,1,NA,NA,NA,NA,1,1
"3021",2023-04-01,"NC","SURRY",37171,102,1,3,98,0,100,2,NA,NA,NA,NA,12,1
"3022",2023-04-01,"NC","TRANSYLVANIA",37175,56,6,1,49,0,55,1,NA,NA,NA,NA,8,0
"3023",2023-04-01,"NC","UNION",37179,293,2,1,290,0,291,2,NA,NA,NA,NA,20,3
"3024",2023-04-01,"NC","VANCE",37181,88,0,9,79,0,88,0,NA,NA,NA,NA,3,1
"3025",2023-04-01,"NC","WAKE",37183,1010,0,1,1009,0,1007,3,NA,NA,NA,NA,72,2
"3026",2023-04-01,"NC","WATAUGA",37189,43,1,2,40,0,41,2,NA,NA,NA,NA,6,1
"3027",2023-04-01,"NC","WAYNE",37191,138,0,0,138,0,126,12,NA,NA,NA,NA,22,1
"3028",2023-04-01,"NC","WILKES",37193,87,0,0,87,0,87,0,NA,NA,NA,NA,7,0
"3029",2023-04-01,"NC","WILSON",37195,51,1,2,48,0,51,0,NA,NA,NA,NA,6,0
"3030",2023-04-01,"NC","YADKIN",37197,58,0,0,58,0,58,0,NA,NA,NA,NA,NA,0
"3031",2023-05-01,"NC","ALAMANCE",37001,151,4,94,53,0,148,3,NA,NA,NA,NA,20,0
"3032",2023-05-01,"NC","ALEXANDER",37003,12,0,0,12,0,12,0,NA,NA,NA,NA,NA,0
"3033",2023-05-01,"NC","ANSON",37007,13,0,0,13,0,13,0,NA,NA,NA,NA,1,0
"3034",2023-05-01,"NC","BEAUFORT",37013,32,0,0,32,0,32,0,NA,NA,NA,NA,4,0
"3035",2023-05-01,"NC","BLADEN",37017,35,3,11,21,0,35,0,NA,NA,NA,NA,1,0
"3036",2023-05-01,"NC","BRUNSWICK",37019,142,0,0,142,0,142,0,NA,NA,NA,NA,4,0
"3037",2023-05-01,"NC","BUNCOMBE",37021,179,0,32,147,0,179,0,NA,NA,NA,NA,38,0
"3038",2023-05-01,"NC","BURKE",37023,94,0,0,94,0,94,0,NA,NA,NA,NA,5,0
"3039",2023-05-01,"NC","CABARRUS",37025,203,0,0,203,0,202,1,NA,NA,NA,NA,19,0
"3040",2023-05-01,"NC","CALDWELL",37027,87,0,0,87,0,86,1,NA,NA,NA,NA,1,0
"3041",2023-05-01,"NC","CARTERET",37031,23,0,1,22,0,23,0,NA,NA,NA,NA,1,0
"3042",2023-05-01,"NC","CASWELL",37033,12,0,0,12,0,12,0,NA,NA,NA,NA,NA,0
"3043",2023-05-01,"NC","CATAWBA",37035,90,0,0,90,0,89,1,NA,NA,NA,NA,13,0
"3044",2023-05-01,"NC","CHATHAM",37037,51,0,0,51,0,51,0,NA,NA,NA,NA,4,0
"3045",2023-05-01,"NC","CHEROKEE",37039,16,1,3,12,0,11,5,NA,NA,NA,NA,3,0
"3046",2023-05-01,"NC","CLEVELAND",37045,68,0,0,68,0,68,0,NA,NA,NA,NA,13,0
"3047",2023-05-01,"NC","COLUMBUS",37047,40,0,12,28,0,39,1,NA,NA,NA,NA,4,0
"3048",2023-05-01,"NC","CRAVEN",37049,121,0,1,120,0,121,0,NA,NA,NA,NA,13,0
"3049",2023-05-01,"NC","CUMBERLAND",37051,317,0,2,315,0,316,1,NA,NA,NA,NA,14,0
"3050",2023-05-01,"NC","CURRITUCK",37053,14,0,0,14,0,14,0,NA,NA,NA,NA,NA,0
"3051",2023-05-01,"NC","DARE",37055,26,0,0,26,0,26,0,NA,NA,NA,NA,1,0
"3052",2023-05-01,"NC","DAVIDSON",37057,118,1,1,116,0,117,1,NA,NA,NA,NA,4,0
"3053",2023-05-01,"NC","DAVIE",37059,33,0,0,33,0,33,0,NA,NA,NA,NA,6,0
"3054",2023-05-01,"NC","DUPLIN",37061,21,1,3,17,0,21,0,NA,NA,NA,NA,2,0
"3055",2023-05-01,"NC","DURHAM",37063,309,0,2,307,0,308,1,NA,NA,NA,NA,40,0
"3056",2023-05-01,"NC","EDGECOMBE",37065,28,0,0,28,0,16,12,NA,NA,NA,NA,4,0
"3057",2023-05-01,"NC","FORSYTH",37067,432,10,12,410,0,432,0,NA,NA,NA,NA,90,0
"3058",2023-05-01,"NC","FRANKLIN",37069,42,0,0,42,0,42,0,NA,NA,NA,NA,NA,0
"3059",2023-05-01,"NC","GASTON",37071,149,6,21,122,0,149,0,NA,NA,NA,NA,0,0
"3060",2023-05-01,"NC","GRANVILLE",37077,29,0,4,25,0,29,0,NA,NA,NA,NA,0,0
"3061",2023-05-01,"NC","GREENE",37079,16,0,0,16,0,16,0,NA,NA,NA,NA,NA,0
"3062",2023-05-01,"NC","GUILFORD",37081,453,2,6,445,0,438,15,NA,NA,NA,NA,81,0
"3063",2023-05-01,"NC","HALIFAX",37083,40,0,0,40,0,40,0,NA,NA,NA,NA,6,0
"3064",2023-05-01,"NC","HARNETT",37085,85,2,3,80,0,84,1,NA,NA,NA,NA,2,0
"3065",2023-05-01,"NC","HAYWOOD",37087,62,0,0,62,0,62,0,NA,NA,NA,NA,9,0
"3066",2023-05-01,"NC","HENDERSON",37089,150,0,3,147,0,149,1,NA,NA,NA,NA,18,0
"3067",2023-05-01,"NC","HERTFORD",37091,14,0,0,14,0,14,0,NA,NA,NA,NA,1,0
"3068",2023-05-01,"NC","HOKE",37093,63,2,28,33,0,63,0,NA,NA,NA,NA,1,0
"3069",2023-05-01,"NC","IREDELL",37097,142,0,0,142,0,141,1,NA,NA,NA,NA,13,0
"3070",2023-05-01,"NC","JACKSON",37099,11,0,1,10,0,11,0,NA,NA,NA,NA,1,0
"3071",2023-05-01,"NC","JOHNSTON",37101,109,0,0,109,0,109,0,NA,NA,NA,NA,4,0
"3072",2023-05-01,"NC","LEE",37105,31,0,9,22,0,31,0,NA,NA,NA,NA,1,0
"3073",2023-05-01,"NC","LENOIR",37107,24,0,14,10,0,24,0,NA,NA,NA,NA,2,0
"3074",2023-05-01,"NC","LINCOLN",37109,45,0,0,45,0,44,1,NA,NA,NA,NA,4,0
"3075",2023-05-01,"NC","MACON",37113,12,1,0,11,0,0,12,NA,NA,NA,NA,0,0
"3076",2023-05-01,"NC","MCDOWELL",37111,43,0,0,43,0,43,0,NA,NA,NA,NA,3,0
"3077",2023-05-01,"NC","MECKLENBURG",37119,998,1,22,975,0,995,3,NA,NA,NA,NA,70,1
"3078",2023-05-01,"NC","MONTGOMERY",37123,11,0,0,11,0,11,0,NA,NA,NA,NA,1,0
"3079",2023-05-01,"NC","MOORE",37125,75,1,2,72,0,73,2,NA,NA,NA,NA,6,0
"3080",2023-05-01,"NC","NASH",37127,24,0,3,21,0,24,0,NA,NA,NA,NA,5,0
"3081",2023-05-01,"NC","NEW HANOVER",37129,162,2,0,160,0,160,2,NA,NA,NA,NA,22,1
"3082",2023-05-01,"NC","ONSLOW",37133,63,0,30,33,0,63,0,NA,NA,NA,NA,5,0
"3083",2023-05-01,"NC","ORANGE",37135,145,1,19,125,0,122,23,NA,NA,NA,NA,20,0
"3084",2023-05-01,"NC","PENDER",37141,38,0,0,38,0,38,0,NA,NA,NA,NA,0,0
"3085",2023-05-01,"NC","PERSON",37145,20,0,0,20,0,20,0,NA,NA,NA,NA,2,0
"3086",2023-05-01,"NC","PITT",37147,100,0,0,100,0,100,0,NA,NA,NA,NA,20,0
"3087",2023-05-01,"NC","RANDOLPH",37151,97,0,0,97,0,97,0,NA,NA,NA,NA,9,0
"3088",2023-05-01,"NC","RICHMOND",37153,51,0,0,51,0,51,0,NA,NA,NA,NA,NA,0
"3089",2023-05-01,"NC","ROBESON",37155,147,0,0,147,0,136,11,NA,NA,NA,NA,18,0
"3090",2023-05-01,"NC","ROCKINGHAM",37157,67,0,0,67,0,66,1,NA,NA,NA,NA,5,0
"3091",2023-05-01,"NC","ROWAN",37159,133,0,0,133,0,132,1,NA,NA,NA,NA,3,0
"3092",2023-05-01,"NC","RUTHERFORD",37161,79,0,0,79,0,79,0,NA,NA,NA,NA,5,0
"3093",2023-05-01,"NC","SAMPSON",37163,24,0,0,24,0,24,0,NA,NA,NA,NA,0,0
"3094",2023-05-01,"NC","SCOTLAND",37165,34,0,0,34,0,34,0,NA,NA,NA,NA,4,0
"3095",2023-05-01,"NC","STANLY",37167,53,0,0,53,0,53,0,NA,NA,NA,NA,13,0
"3096",2023-05-01,"NC","STOKES",37169,63,2,8,53,0,63,0,NA,NA,NA,NA,0,0
"3097",2023-05-01,"NC","SURRY",37171,75,0,1,74,0,75,0,NA,NA,NA,NA,9,0
"3098",2023-05-01,"NC","TRANSYLVANIA",37175,20,0,0,20,0,20,0,NA,NA,NA,NA,3,0
"3099",2023-05-01,"NC","UNION",37179,206,0,1,205,0,205,1,NA,NA,NA,NA,11,0
"3100",2023-05-01,"NC","VANCE",37181,20,0,0,20,0,20,0,NA,NA,NA,NA,3,0
"3101",2023-05-01,"NC","WAKE",37183,886,0,2,884,0,881,5,NA,NA,NA,NA,48,0
"3102",2023-05-01,"NC","WATAUGA",37189,30,0,1,29,0,30,0,NA,NA,NA,NA,6,0
"3103",2023-05-01,"NC","WAYNE",37191,77,0,0,77,0,77,0,NA,NA,NA,NA,8,0
"3104",2023-05-01,"NC","WILKES",37193,117,0,0,117,0,116,1,NA,NA,NA,NA,8,0
"3105",2023-05-01,"NC","WILSON",37195,49,0,0,49,0,48,1,NA,NA,NA,NA,2,0
"3106",2023-05-01,"NC","YADKIN",37197,35,0,0,35,0,24,11,NA,NA,NA,NA,NA,0
"3107",2023-06-01,"NC","ALAMANCE",37001,87,0,73,14,0,86,1,NA,NA,NA,NA,NA,NA
"3108",2023-06-01,"NC","ALEXANDER",37003,12,0,0,12,0,12,0,NA,NA,NA,NA,NA,NA
"3109",2023-06-01,"NC","BEAUFORT",37013,23,0,0,23,0,23,0,NA,NA,NA,NA,NA,NA
"3110",2023-06-01,"NC","BLADEN",37017,28,2,3,23,0,28,0,NA,NA,NA,NA,NA,NA
"3111",2023-06-01,"NC","BRUNSWICK",37019,144,0,0,144,0,144,0,NA,NA,NA,NA,NA,NA
"3112",2023-06-01,"NC","BUNCOMBE",37021,74,0,0,74,0,74,0,NA,NA,NA,NA,NA,NA
"3113",2023-06-01,"NC","BURKE",37023,47,0,0,47,0,36,11,NA,NA,NA,NA,NA,NA
"3114",2023-06-01,"NC","CABARRUS",37025,143,0,0,143,0,143,0,NA,NA,NA,NA,NA,NA
"3115",2023-06-01,"NC","CALDWELL",37027,68,0,0,68,0,68,0,NA,NA,NA,NA,NA,NA
"3116",2023-06-01,"NC","CATAWBA",37035,91,0,0,91,0,91,0,NA,NA,NA,NA,NA,NA
"3117",2023-06-01,"NC","CHATHAM",37037,40,0,3,37,0,40,0,NA,NA,NA,NA,NA,NA
"3118",2023-06-01,"NC","CHEROKEE",37039,14,2,0,12,0,11,3,NA,NA,NA,NA,NA,NA
"3119",2023-06-01,"NC","CLEVELAND",37045,29,0,0,29,0,29,0,NA,NA,NA,NA,NA,NA
"3120",2023-06-01,"NC","COLUMBUS",37047,26,0,0,26,0,26,0,NA,NA,NA,NA,NA,NA
"3121",2023-06-01,"NC","CRAVEN",37049,54,0,0,54,0,53,1,NA,NA,NA,NA,NA,NA
"3122",2023-06-01,"NC","CUMBERLAND",37051,205,0,4,201,0,204,1,NA,NA,NA,NA,NA,NA
"3123",2023-06-01,"NC","CURRITUCK",37053,15,0,0,15,0,15,0,NA,NA,NA,NA,NA,NA
"3124",2023-06-01,"NC","DARE",37055,11,0,0,11,0,11,0,NA,NA,NA,NA,NA,NA
"3125",2023-06-01,"NC","DAVIDSON",37057,107,0,1,106,0,107,0,NA,NA,NA,NA,NA,NA
"3126",2023-06-01,"NC","DAVIE",37059,31,0,3,28,0,31,0,NA,NA,NA,NA,NA,NA
"3127",2023-06-01,"NC","DUPLIN",37061,34,1,5,28,0,34,0,NA,NA,NA,NA,NA,NA
"3128",2023-06-01,"NC","DURHAM",37063,270,0,67,203,0,268,2,NA,NA,NA,NA,NA,NA
"3129",2023-06-01,"NC","EDGECOMBE",37065,20,0,3,17,0,20,0,NA,NA,NA,NA,NA,NA
"3130",2023-06-01,"NC","FORSYTH",37067,297,0,5,292,0,294,3,NA,NA,NA,NA,NA,NA
"3131",2023-06-01,"NC","FRANKLIN",37069,42,0,0,42,0,42,0,NA,NA,NA,NA,NA,NA
"3132",2023-06-01,"NC","GASTON",37071,143,0,6,137,0,143,0,NA,NA,NA,NA,NA,NA
"3133",2023-06-01,"NC","GRANVILLE",37077,37,0,0,37,0,37,0,NA,NA,NA,NA,NA,NA
"3134",2023-06-01,"NC","GUILFORD",37081,269,0,7,262,0,258,11,NA,NA,NA,NA,NA,NA
"3135",2023-06-01,"NC","HALIFAX",37083,35,0,0,35,0,35,0,NA,NA,NA,NA,NA,NA
"3136",2023-06-01,"NC","HARNETT",37085,99,4,30,65,0,98,1,NA,NA,NA,NA,NA,NA
"3137",2023-06-01,"NC","HAYWOOD",37087,29,0,0,29,0,29,0,NA,NA,NA,NA,NA,NA
"3138",2023-06-01,"NC","HENDERSON",37089,80,0,0,80,0,80,0,NA,NA,NA,NA,NA,NA
"3139",2023-06-01,"NC","HOKE",37093,36,0,0,36,0,36,0,NA,NA,NA,NA,NA,NA
"3140",2023-06-01,"NC","IREDELL",37097,89,0,0,89,0,88,1,NA,NA,NA,NA,NA,NA
"3141",2023-06-01,"NC","JOHNSTON",37101,116,1,2,113,0,104,12,NA,NA,NA,NA,NA,NA
"3142",2023-06-01,"NC","LEE",37105,27,0,2,25,0,27,0,NA,NA,NA,NA,NA,NA
"3143",2023-06-01,"NC","LENOIR",37107,17,2,10,5,0,17,0,NA,NA,NA,NA,NA,NA
"3144",2023-06-01,"NC","LINCOLN",37109,36,0,0,36,0,36,0,NA,NA,NA,NA,NA,NA
"3145",2023-06-01,"NC","MCDOWELL",37111,25,0,0,25,0,25,0,NA,NA,NA,NA,NA,NA
"3146",2023-06-01,"NC","MECKLENBURG",37119,764,0,0,764,0,760,4,NA,NA,NA,NA,NA,NA
"3147",2023-06-01,"NC","MONTGOMERY",37123,11,0,0,11,0,11,0,NA,NA,NA,NA,NA,NA
"3148",2023-06-01,"NC","MOORE",37125,76,0,1,75,0,73,3,NA,NA,NA,NA,NA,NA
"3149",2023-06-01,"NC","NASH",37127,38,0,0,38,0,38,0,NA,NA,NA,NA,NA,NA
"3150",2023-06-01,"NC","NEW HANOVER",37129,174,0,0,174,0,174,0,NA,NA,NA,NA,NA,NA
"3151",2023-06-01,"NC","ONSLOW",37133,26,0,0,26,0,26,0,NA,NA,NA,NA,NA,NA
"3152",2023-06-01,"NC","ORANGE",37135,97,3,6,88,0,95,2,NA,NA,NA,NA,NA,NA
"3153",2023-06-01,"NC","PASQUOTANK",37139,19,0,1,18,0,19,0,NA,NA,NA,NA,NA,NA
"3154",2023-06-01,"NC","PENDER",37141,43,0,0,43,0,42,1,NA,NA,NA,NA,NA,NA
"3155",2023-06-01,"NC","PERSON",37145,22,0,2,20,0,22,0,NA,NA,NA,NA,NA,NA
"3156",2023-06-01,"NC","PITT",37147,56,0,0,56,0,56,0,NA,NA,NA,NA,NA,NA
"3157",2023-06-01,"NC","RANDOLPH",37151,69,0,0,69,0,66,3,NA,NA,NA,NA,NA,NA
"3158",2023-06-01,"NC","RICHMOND",37153,24,0,0,24,0,24,0,NA,NA,NA,NA,NA,NA
"3159",2023-06-01,"NC","ROBESON",37155,40,0,0,40,0,39,1,NA,NA,NA,NA,NA,NA
"3160",2023-06-01,"NC","ROCKINGHAM",37157,84,0,0,84,0,83,1,NA,NA,NA,NA,NA,NA
"3161",2023-06-01,"NC","ROWAN",37159,124,0,0,124,0,123,1,NA,NA,NA,NA,NA,NA
"3162",2023-06-01,"NC","RUTHERFORD",37161,74,0,0,74,0,63,11,NA,NA,NA,NA,NA,NA
"3163",2023-06-01,"NC","SAMPSON",37163,38,0,5,33,0,38,0,NA,NA,NA,NA,NA,NA
"3164",2023-06-01,"NC","STANLY",37167,24,0,0,24,0,24,0,NA,NA,NA,NA,NA,NA
"3165",2023-06-01,"NC","STOKES",37169,63,0,0,63,0,63,0,NA,NA,NA,NA,NA,NA
"3166",2023-06-01,"NC","SURRY",37171,38,0,0,38,0,38,0,NA,NA,NA,NA,NA,NA
"3167",2023-06-01,"NC","TRANSYLVANIA",37175,12,0,0,12,0,12,0,NA,NA,NA,NA,NA,NA
"3168",2023-06-01,"NC","UNION",37179,137,0,0,137,0,136,1,NA,NA,NA,NA,NA,NA
"3169",2023-06-01,"NC","VANCE",37181,26,0,0,26,0,26,0,NA,NA,NA,NA,NA,NA
"3170",2023-06-01,"NC","WAKE",37183,616,0,1,615,0,615,1,NA,NA,NA,NA,NA,NA
"3171",2023-06-01,"NC","WATAUGA",37189,17,0,2,15,0,17,0,NA,NA,NA,NA,NA,NA
"3172",2023-06-01,"NC","WAYNE",37191,42,1,0,41,0,41,1,NA,NA,NA,NA,NA,NA
"3173",2023-06-01,"NC","WILKES",37193,27,0,0,27,0,27,0,NA,NA,NA,NA,NA,NA
"3174",2023-06-01,"NC","WILSON",37195,32,0,0,32,0,32,0,NA,NA,NA,NA,NA,NA
"3175",2023-06-01,"NC","YADKIN",37197,24,0,0,24,0,24,0,NA,NA,NA,NA,NA,NA
"3176",2023-07-01,"NC","ALAMANCE",37001,277,3,261,13,0,277,0,NA,NA,NA,NA,NA,NA
"3177",2023-07-01,"NC","ALEXANDER",37003,28,0,0,28,0,28,0,NA,NA,NA,NA,NA,NA
"3178",2023-07-01,"NC","ANSON",37007,22,0,0,22,0,22,0,NA,NA,NA,NA,NA,NA
"3179",2023-07-01,"NC","BEAUFORT",37013,31,0,0,31,0,31,0,NA,NA,NA,NA,NA,NA
"3180",2023-07-01,"NC","BLADEN",37017,32,2,13,17,0,32,0,NA,NA,NA,NA,NA,NA
"3181",2023-07-01,"NC","BRUNSWICK",37019,106,0,0,106,0,106,0,NA,NA,NA,NA,NA,NA
"3182",2023-07-01,"NC","BUNCOMBE",37021,215,0,0,215,0,215,0,NA,NA,NA,NA,NA,NA
"3183",2023-07-01,"NC","BURKE",37023,80,0,0,80,0,80,0,NA,NA,NA,NA,NA,NA
"3184",2023-07-01,"NC","CABARRUS",37025,261,0,0,261,0,261,0,NA,NA,NA,NA,NA,NA
"3185",2023-07-01,"NC","CALDWELL",37027,90,0,3,87,0,90,0,NA,NA,NA,NA,NA,NA
"3186",2023-07-01,"NC","CARTERET",37031,14,0,0,14,0,13,1,NA,NA,NA,NA,NA,NA
"3187",2023-07-01,"NC","CASWELL",37033,11,0,0,11,0,11,0,NA,NA,NA,NA,NA,NA
"3188",2023-07-01,"NC","CATAWBA",37035,102,0,0,102,0,102,0,NA,NA,NA,NA,NA,NA
"3189",2023-07-01,"NC","CHATHAM",37037,80,0,1,79,0,80,0,NA,NA,NA,NA,NA,NA
"3190",2023-07-01,"NC","CHEROKEE",37039,57,2,2,53,0,52,5,NA,NA,NA,NA,NA,NA
"3191",2023-07-01,"NC","CLEVELAND",37045,103,0,0,103,0,103,0,NA,NA,NA,NA,NA,NA
"3192",2023-07-01,"NC","COLUMBUS",37047,28,0,0,28,0,28,0,NA,NA,NA,NA,NA,NA
"3193",2023-07-01,"NC","CRAVEN",37049,56,0,0,56,0,56,0,NA,NA,NA,NA,NA,NA
"3194",2023-07-01,"NC","CUMBERLAND",37051,397,1,1,395,0,396,1,NA,NA,NA,NA,NA,NA
"3195",2023-07-01,"NC","CURRITUCK",37053,44,2,18,24,0,44,0,NA,NA,NA,NA,NA,NA
"3196",2023-07-01,"NC","DARE",37055,54,0,0,54,0,54,0,NA,NA,NA,NA,NA,NA
"3197",2023-07-01,"NC","DAVIDSON",37057,140,0,0,140,0,140,0,NA,NA,NA,NA,NA,NA
"3198",2023-07-01,"NC","DAVIE",37059,58,1,11,46,0,58,0,NA,NA,NA,NA,NA,NA
"3199",2023-07-01,"NC","DUPLIN",37061,55,1,9,45,0,53,2,NA,NA,NA,NA,NA,NA
"3200",2023-07-01,"NC","DURHAM",37063,446,1,58,387,0,445,1,NA,NA,NA,NA,NA,NA
"3201",2023-07-01,"NC","EDGECOMBE",37065,38,0,0,38,0,38,0,NA,NA,NA,NA,NA,NA
"3202",2023-07-01,"NC","FORSYTH",37067,457,0,6,451,0,456,1,NA,NA,NA,NA,NA,NA
"3203",2023-07-01,"NC","FRANKLIN",37069,51,0,0,51,0,51,0,NA,NA,NA,NA,NA,NA
"3204",2023-07-01,"NC","GASTON",37071,224,0,2,222,0,224,0,NA,NA,NA,NA,NA,NA
"3205",2023-07-01,"NC","GRANVILLE",37077,86,0,0,86,0,86,0,NA,NA,NA,NA,NA,NA
"3206",2023-07-01,"NC","GUILFORD",37081,511,2,7,502,0,508,3,NA,NA,NA,NA,NA,NA
"3207",2023-07-01,"NC","HALIFAX",37083,63,0,0,63,0,63,0,NA,NA,NA,NA,NA,NA
"3208",2023-07-01,"NC","HARNETT",37085,104,1,23,80,0,104,0,NA,NA,NA,NA,NA,NA
"3209",2023-07-01,"NC","HAYWOOD",37087,40,0,0,40,0,40,0,NA,NA,NA,NA,NA,NA
"3210",2023-07-01,"NC","HENDERSON",37089,102,0,0,102,0,101,1,NA,NA,NA,NA,NA,NA
"3211",2023-07-01,"NC","HERTFORD",37091,34,0,2,32,0,34,0,NA,NA,NA,NA,NA,NA
"3212",2023-07-01,"NC","HOKE",37093,56,0,0,56,0,56,0,NA,NA,NA,NA,NA,NA
"3213",2023-07-01,"NC","IREDELL",37097,128,0,0,128,0,128,0,NA,NA,NA,NA,NA,NA
"3214",2023-07-01,"NC","JOHNSTON",37101,220,0,1,219,0,220,0,NA,NA,NA,NA,NA,NA
"3215",2023-07-01,"NC","LEE",37105,58,0,0,58,0,58,0,NA,NA,NA,NA,NA,NA
"3216",2023-07-01,"NC","LENOIR",37107,87,4,70,13,0,87,0,NA,NA,NA,NA,NA,NA
"3217",2023-07-01,"NC","LINCOLN",37109,79,0,0,79,0,79,0,NA,NA,NA,NA,NA,NA
"3218",2023-07-01,"NC","MACON",37113,15,0,0,15,0,15,0,NA,NA,NA,NA,NA,NA
"3219",2023-07-01,"NC","MADISON",37115,15,1,2,12,0,14,1,NA,NA,NA,NA,NA,NA
"3220",2023-07-01,"NC","MCDOWELL",37111,23,0,0,23,0,23,0,NA,NA,NA,NA,NA,NA
"3221",2023-07-01,"NC","MECKLENBURG",37119,1112,0,1,1111,0,1109,3,NA,NA,NA,NA,NA,NA
"3222",2023-07-01,"NC","MONTGOMERY",37123,28,0,0,28,0,28,0,NA,NA,NA,NA,NA,NA
"3223",2023-07-01,"NC","MOORE",37125,112,0,0,112,0,112,0,NA,NA,NA,NA,NA,NA
"3224",2023-07-01,"NC","NASH",37127,73,0,0,73,0,73,0,NA,NA,NA,NA,NA,NA
"3225",2023-07-01,"NC","NEW HANOVER",37129,196,0,0,196,0,185,11,NA,NA,NA,NA,NA,NA
"3226",2023-07-01,"NC","ONSLOW",37133,28,0,0,28,0,27,1,NA,NA,NA,NA,NA,NA
"3227",2023-07-01,"NC","ORANGE",37135,139,0,0,139,0,139,0,NA,NA,NA,NA,NA,NA
"3228",2023-07-01,"NC","PASQUOTANK",37139,30,0,2,28,0,29,1,NA,NA,NA,NA,NA,NA
"3229",2023-07-01,"NC","PENDER",37141,58,0,0,58,0,58,0,NA,NA,NA,NA,NA,NA
"3230",2023-07-01,"NC","PERSON",37145,33,0,0,33,0,33,0,NA,NA,NA,NA,NA,NA
"3231",2023-07-01,"NC","PITT",37147,215,0,0,215,0,215,0,NA,NA,NA,NA,NA,NA
"3232",2023-07-01,"NC","RANDOLPH",37151,66,1,0,65,0,65,1,NA,NA,NA,NA,NA,NA
"3233",2023-07-01,"NC","RICHMOND",37153,36,0,0,36,0,36,0,NA,NA,NA,NA,NA,NA
"3234",2023-07-01,"NC","ROBESON",37155,72,0,0,72,0,72,0,NA,NA,NA,NA,NA,NA
"3235",2023-07-01,"NC","ROCKINGHAM",37157,84,0,0,84,0,84,0,NA,NA,NA,NA,NA,NA
"3236",2023-07-01,"NC","ROWAN",37159,141,0,0,141,0,141,0,NA,NA,NA,NA,NA,NA
"3237",2023-07-01,"NC","RUTHERFORD",37161,34,0,0,34,0,34,0,NA,NA,NA,NA,NA,NA
"3238",2023-07-01,"NC","SAMPSON",37163,55,0,9,46,0,55,0,NA,NA,NA,NA,NA,NA
"3239",2023-07-01,"NC","SCOTLAND",37165,13,0,0,13,0,13,0,NA,NA,NA,NA,NA,NA
"3240",2023-07-01,"NC","STANLY",37167,91,0,0,91,0,91,0,NA,NA,NA,NA,NA,NA
"3241",2023-07-01,"NC","STOKES",37169,92,0,0,92,0,92,0,NA,NA,NA,NA,NA,NA
"3242",2023-07-01,"NC","SURRY",37171,65,0,0,65,0,65,0,NA,NA,NA,NA,NA,NA
"3243",2023-07-01,"NC","TRANSYLVANIA",37175,44,0,0,44,0,44,0,NA,NA,NA,NA,NA,NA
"3244",2023-07-01,"NC","UNION",37179,271,0,0,271,0,270,1,NA,NA,NA,NA,NA,NA
"3245",2023-07-01,"NC","VANCE",37181,56,0,0,56,0,56,0,NA,NA,NA,NA,NA,NA
"3246",2023-07-01,"NC","WAKE",37183,1154,0,1,1153,0,1152,2,NA,NA,NA,NA,NA,NA
"3247",2023-07-01,"NC","WATAUGA",37189,45,1,16,28,0,45,0,NA,NA,NA,NA,NA,NA
"3248",2023-07-01,"NC","WAYNE",37191,185,1,3,181,0,174,11,NA,NA,NA,NA,NA,NA
"3249",2023-07-01,"NC","WILKES",37193,70,0,0,70,0,70,0,NA,NA,NA,NA,NA,NA
"3250",2023-07-01,"NC","WILSON",37195,97,0,0,97,0,97,0,NA,NA,NA,NA,NA,NA
"3251",2023-07-01,"NC","YADKIN",37197,31,0,0,31,0,31,0,NA,NA,NA,NA,NA,NA
"3252",2023-08-01,"NC","ALAMANCE",37001,46,0,34,12,0,46,0,NA,NA,NA,NA,NA,NA
"3253",2023-08-01,"NC","BEAUFORT",37013,12,0,0,12,0,12,0,NA,NA,NA,NA,NA,NA
"3254",2023-08-01,"NC","BLADEN",37017,11,0,0,11,0,11,0,NA,NA,NA,NA,NA,NA
"3255",2023-08-01,"NC","BRUNSWICK",37019,11,0,0,11,0,11,0,NA,NA,NA,NA,NA,NA
"3256",2023-08-01,"NC","BUNCOMBE",37021,19,0,0,19,0,18,1,NA,NA,NA,NA,NA,NA
"3257",2023-08-01,"NC","BURKE",37023,23,0,0,23,0,23,0,NA,NA,NA,NA,NA,NA
"3258",2023-08-01,"NC","CABARRUS",37025,31,0,0,31,0,30,1,NA,NA,NA,NA,NA,NA
"3259",2023-08-01,"NC","CALDWELL",37027,25,0,0,25,0,25,0,NA,NA,NA,NA,NA,NA
"3260",2023-08-01,"NC","CATAWBA",37035,33,0,0,33,0,33,0,NA,NA,NA,NA,NA,NA
"3261",2023-08-01,"NC","CHEROKEE",37039,38,2,10,26,0,0,38,NA,NA,NA,NA,NA,NA
"3262",2023-08-01,"NC","CLEVELAND",37045,15,0,0,15,0,15,0,NA,NA,NA,NA,NA,NA
"3263",2023-08-01,"NC","COLUMBUS",37047,19,0,0,19,0,19,0,NA,NA,NA,NA,NA,NA
"3264",2023-08-01,"NC","CUMBERLAND",37051,109,0,0,109,0,109,0,NA,NA,NA,NA,NA,NA
"3265",2023-08-01,"NC","DAVIDSON",37057,55,0,2,53,0,55,0,NA,NA,NA,NA,NA,NA
"3266",2023-08-01,"NC","DAVIE",37059,11,0,0,11,0,11,0,NA,NA,NA,NA,NA,NA
"3267",2023-08-01,"NC","DUPLIN",37061,12,0,2,10,0,12,0,NA,NA,NA,NA,NA,NA
"3268",2023-08-01,"NC","DURHAM",37063,70,0,6,64,0,70,0,NA,NA,NA,NA,NA,NA
"3269",2023-08-01,"NC","EDGECOMBE",37065,23,0,0,23,0,23,0,NA,NA,NA,NA,NA,NA
"3270",2023-08-01,"NC","FORSYTH",37067,59,0,0,59,0,59,0,NA,NA,NA,NA,NA,NA
"3271",2023-08-01,"NC","GASTON",37071,38,0,1,37,0,38,0,NA,NA,NA,NA,NA,NA
"3272",2023-08-01,"NC","GRANVILLE",37077,23,0,0,23,0,23,0,NA,NA,NA,NA,NA,NA
"3273",2023-08-01,"NC","GUILFORD",37081,91,0,0,91,0,90,1,NA,NA,NA,NA,NA,NA
"3274",2023-08-01,"NC","HALIFAX",37083,11,0,0,11,0,0,11,NA,NA,NA,NA,NA,NA
"3275",2023-08-01,"NC","HARNETT",37085,52,1,5,46,0,52,0,NA,NA,NA,NA,NA,NA
"3276",2023-08-01,"NC","HENDERSON",37089,15,0,0,15,0,14,1,NA,NA,NA,NA,NA,NA
"3277",2023-08-01,"NC","HOKE",37093,16,0,0,16,0,14,2,NA,NA,NA,NA,NA,NA
"3278",2023-08-01,"NC","IREDELL",37097,16,0,0,16,0,16,0,NA,NA,NA,NA,NA,NA
"3279",2023-08-01,"NC","JOHNSTON",37101,64,0,0,64,0,63,1,NA,NA,NA,NA,NA,NA
"3280",2023-08-01,"NC","LENOIR",37107,16,0,8,8,0,16,0,NA,NA,NA,NA,NA,NA
"3281",2023-08-01,"NC","LINCOLN",37109,14,0,0,14,0,14,0,NA,NA,NA,NA,NA,NA
"3282",2023-08-01,"NC","MECKLENBURG",37119,140,0,0,140,0,139,1,NA,NA,NA,NA,NA,NA
"3283",2023-08-01,"NC","MOORE",37125,12,0,0,12,0,12,0,NA,NA,NA,NA,NA,NA
"3284",2023-08-01,"NC","NASH",37127,11,0,0,11,0,11,0,NA,NA,NA,NA,NA,NA
"3285",2023-08-01,"NC","NEW HANOVER",37129,39,0,0,39,0,39,0,NA,NA,NA,NA,NA,NA
"3286",2023-08-01,"NC","ORANGE",37135,21,0,0,21,0,21,0,NA,NA,NA,NA,NA,NA
"3287",2023-08-01,"NC","PENDER",37141,16,0,0,16,0,16,0,NA,NA,NA,NA,NA,NA
"3288",2023-08-01,"NC","PITT",37147,34,0,0,34,0,34,0,NA,NA,NA,NA,NA,NA
"3289",2023-08-01,"NC","RANDOLPH",37151,17,0,0,17,0,17,0,NA,NA,NA,NA,NA,NA
"3290",2023-08-01,"NC","RICHMOND",37153,18,0,0,18,0,18,0,NA,NA,NA,NA,NA,NA
"3291",2023-08-01,"NC","ROBESON",37155,24,0,0,24,0,24,0,NA,NA,NA,NA,NA,NA
"3292",2023-08-01,"NC","ROCKINGHAM",37157,26,0,0,26,0,26,0,NA,NA,NA,NA,NA,NA
"3293",2023-08-01,"NC","ROWAN",37159,18,0,0,18,0,18,0,NA,NA,NA,NA,NA,NA
"3294",2023-08-01,"NC","SAMPSON",37163,12,0,0,12,0,12,0,NA,NA,NA,NA,NA,NA
"3295",2023-08-01,"NC","UNION",37179,22,0,0,22,0,22,0,NA,NA,NA,NA,NA,NA
"3296",2023-08-01,"NC","WAKE",37183,179,0,1,178,0,156,23,NA,NA,NA,NA,NA,NA
"3297",2023-08-01,"NC","WAYNE",37191,24,0,1,23,0,24,0,NA,NA,NA,NA,NA,NA
"3298",2023-08-01,"NC","WILKES",37193,27,0,0,27,0,27,0,NA,NA,NA,NA,NA,NA
"3299",2020-01-01,NA,NA,37001,NA,NA,NA,NA,NA,NA,NA,NA,NA,0,0,NA,NA
"3300",2020-01-01,NA,NA,37003,NA,NA,NA,NA,NA,NA,NA,NA,NA,0,0,NA,NA
"3301",2020-01-01,NA,NA,37005,NA,NA,NA,NA,NA,NA,NA,NA,NA,0,0,NA,NA
"3302",2020-01-01,NA,NA,37007,NA,NA,NA,NA,NA,NA,NA,NA,NA,0,0,NA,NA
"3303",2020-01-01,NA,NA,37009,NA,NA,NA,NA,NA,NA,NA,NA,NA,0,0,NA,NA
"3304",2020-01-01,NA,NA,37011,NA,NA,NA,NA,NA,NA,NA,NA,NA,0,0,NA,NA
"3305",2020-01-01,NA,NA,37013,NA,NA,NA,NA,NA,NA,NA,NA,NA,0,0,NA,NA
"3306",2020-01-01,NA,NA,37015,NA,NA,NA,NA,NA,NA,NA,NA,NA,0,0,NA,NA
"3307",2020-01-01,NA,NA,37017,NA,NA,NA,NA,NA,NA,NA,NA,NA,0,0,NA,NA
"3308",2020-01-01,NA,NA,37019,NA,NA,NA,NA,NA,NA,NA,NA,NA,0,0,NA,NA
"3309",2020-01-01,NA,NA,37021,NA,NA,NA,NA,NA,NA,NA,NA,NA,0,0,NA,NA
"3310",2020-01-01,NA,NA,37023,NA,NA,NA,NA,NA,NA,NA,NA,NA,0,0,NA,NA
"3311",2020-01-01,NA,NA,37025,NA,NA,NA,NA,NA,NA,NA,NA,NA,0,0,NA,NA
"3312",2020-01-01,NA,NA,37027,NA,NA,NA,NA,NA,NA,NA,NA,NA,0,0,NA,NA
"3313",2020-01-01,NA,NA,37029,NA,NA,NA,NA,NA,NA,NA,NA,NA,0,0,NA,NA
"3314",2020-01-01,NA,NA,37031,NA,NA,NA,NA,NA,NA,NA,NA,NA,0,0,NA,NA
"3315",2020-01-01,NA,NA,37033,NA,NA,NA,NA,NA,NA,NA,NA,NA,0,0,NA,NA
"3316",2020-01-01,NA,NA,37035,NA,NA,NA,NA,NA,NA,NA,NA,NA,0,0,NA,NA
"3317",2020-01-01,NA,NA,37037,NA,NA,NA,NA,NA,NA,NA,NA,NA,0,0,NA,NA
"3318",2020-01-01,NA,NA,37039,NA,NA,NA,NA,NA,NA,NA,NA,NA,0,0,NA,NA
"3319",2020-01-01,NA,NA,37041,NA,NA,NA,NA,NA,NA,NA,NA,NA,0,0,NA,NA
"3320",2020-01-01,NA,NA,37043,NA,NA,NA,NA,NA,NA,NA,NA,NA,0,0,NA,NA
"3321",2020-01-01,NA,NA,37045,NA,NA,NA,NA,NA,NA,NA,NA,NA,0,0,NA,NA
"3322",2020-01-01,NA,NA,37047,NA,NA,NA,NA,NA,NA,NA,NA,NA,0,0,NA,NA
"3323",2020-01-01,NA,NA,37049,NA,NA,NA,NA,NA,NA,NA,NA,NA,0,0,NA,NA
"3324",2020-01-01,NA,NA,37051,NA,NA,NA,NA,NA,NA,NA,NA,NA,0,0,NA,NA
"3325",2020-01-01,NA,NA,37053,NA,NA,NA,NA,NA,NA,NA,NA,NA,0,0,NA,NA
"3326",2020-01-01,NA,NA,37055,NA,NA,NA,NA,NA,NA,NA,NA,NA,0,0,NA,NA
"3327",2020-01-01,NA,NA,37057,NA,NA,NA,NA,NA,NA,NA,NA,NA,0,0,NA,NA
"3328",2020-01-01,NA,NA,37059,NA,NA,NA,NA,NA,NA,NA,NA,NA,0,0,NA,NA
"3329",2020-01-01,NA,NA,37061,NA,NA,NA,NA,NA,NA,NA,NA,NA,0,0,NA,NA
"3330",2020-01-01,NA,NA,37063,NA,NA,NA,NA,NA,NA,NA,NA,NA,0,0,NA,NA
"3331",2020-01-01,NA,NA,37065,NA,NA,NA,NA,NA,NA,NA,NA,NA,0,0,NA,NA
"3332",2020-01-01,NA,NA,37067,NA,NA,NA,NA,NA,NA,NA,NA,NA,0,0,NA,NA
"3333",2020-01-01,NA,NA,37069,NA,NA,NA,NA,NA,NA,NA,NA,NA,0,0,NA,NA
"3334",2020-01-01,NA,NA,37071,NA,NA,NA,NA,NA,NA,NA,NA,NA,0,0,NA,NA
"3335",2020-01-01,NA,NA,37073,NA,NA,NA,NA,NA,NA,NA,NA,NA,0,0,NA,NA
"3336",2020-01-01,NA,NA,37075,NA,NA,NA,NA,NA,NA,NA,NA,NA,0,0,NA,NA
"3337",2020-01-01,NA,NA,37077,NA,NA,NA,NA,NA,NA,NA,NA,NA,0,0,NA,NA
"3338",2020-01-01,NA,NA,37079,NA,NA,NA,NA,NA,NA,NA,NA,NA,0,0,NA,NA
"3339",2020-01-01,NA,NA,37081,NA,NA,NA,NA,NA,NA,NA,NA,NA,0,0,NA,NA
"3340",2020-01-01,NA,NA,37083,NA,NA,NA,NA,NA,NA,NA,NA,NA,0,0,NA,NA
"3341",2020-01-01,NA,NA,37085,NA,NA,NA,NA,NA,NA,NA,NA,NA,0,0,NA,NA
"3342",2020-01-01,NA,NA,37087,NA,NA,NA,NA,NA,NA,NA,NA,NA,0,0,NA,NA
"3343",2020-01-01,NA,NA,37089,NA,NA,NA,NA,NA,NA,NA,NA,NA,0,0,NA,NA
"3344",2020-01-01,NA,NA,37091,NA,NA,NA,NA,NA,NA,NA,NA,NA,0,0,NA,NA
"3345",2020-01-01,NA,NA,37093,NA,NA,NA,NA,NA,NA,NA,NA,NA,0,0,NA,NA
"3346",2020-01-01,NA,NA,37095,NA,NA,NA,NA,NA,NA,NA,NA,NA,0,0,NA,NA
"3347",2020-01-01,NA,NA,37097,NA,NA,NA,NA,NA,NA,NA,NA,NA,0,0,NA,NA
"3348",2020-01-01,NA,NA,37099,NA,NA,NA,NA,NA,NA,NA,NA,NA,0,0,NA,NA
"3349",2020-01-01,NA,NA,37101,NA,NA,NA,NA,NA,NA,NA,NA,NA,0,0,NA,NA
"3350",2020-01-01,NA,NA,37103,NA,NA,NA,NA,NA,NA,NA,NA,NA,0,0,NA,NA
"3351",2020-01-01,NA,NA,37105,NA,NA,NA,NA,NA,NA,NA,NA,NA,0,0,NA,NA
"3352",2020-01-01,NA,NA,37107,NA,NA,NA,NA,NA,NA,NA,NA,NA,0,0,NA,NA
"3353",2020-01-01,NA,NA,37109,NA,NA,NA,NA,NA,NA,NA,NA,NA,0,0,NA,NA
"3354",2020-01-01,NA,NA,37111,NA,NA,NA,NA,NA,NA,NA,NA,NA,0,0,NA,NA
"3355",2020-01-01,NA,NA,37113,NA,NA,NA,NA,NA,NA,NA,NA,NA,0,0,NA,NA
"3356",2020-01-01,NA,NA,37115,NA,NA,NA,NA,NA,NA,NA,NA,NA,0,0,NA,NA
"3357",2020-01-01,NA,NA,37117,NA,NA,NA,NA,NA,NA,NA,NA,NA,0,0,NA,NA
"3358",2020-01-01,NA,NA,37121,NA,NA,NA,NA,NA,NA,NA,NA,NA,0,0,NA,NA
"3359",2020-01-01,NA,NA,37123,NA,NA,NA,NA,NA,NA,NA,NA,NA,0,0,NA,NA
"3360",2020-01-01,NA,NA,37125,NA,NA,NA,NA,NA,NA,NA,NA,NA,0,0,NA,NA
"3361",2020-01-01,NA,NA,37127,NA,NA,NA,NA,NA,NA,NA,NA,NA,0,0,NA,NA
"3362",2020-01-01,NA,NA,37129,NA,NA,NA,NA,NA,NA,NA,NA,NA,0,0,NA,NA
"3363",2020-01-01,NA,NA,37131,NA,NA,NA,NA,NA,NA,NA,NA,NA,0,0,NA,NA
"3364",2020-01-01,NA,NA,37133,NA,NA,NA,NA,NA,NA,NA,NA,NA,0,0,NA,NA
"3365",2020-01-01,NA,NA,37135,NA,NA,NA,NA,NA,NA,NA,NA,NA,0,0,NA,NA
"3366",2020-01-01,NA,NA,37137,NA,NA,NA,NA,NA,NA,NA,NA,NA,0,0,NA,NA
"3367",2020-01-01,NA,NA,37139,NA,NA,NA,NA,NA,NA,NA,NA,NA,0,0,NA,NA
"3368",2020-01-01,NA,NA,37141,NA,NA,NA,NA,NA,NA,NA,NA,NA,0,0,NA,NA
"3369",2020-01-01,NA,NA,37143,NA,NA,NA,NA,NA,NA,NA,NA,NA,0,0,NA,NA
"3370",2020-01-01,NA,NA,37145,NA,NA,NA,NA,NA,NA,NA,NA,NA,0,0,NA,NA
"3371",2020-01-01,NA,NA,37147,NA,NA,NA,NA,NA,NA,NA,NA,NA,0,0,NA,NA
"3372",2020-01-01,NA,NA,37149,NA,NA,NA,NA,NA,NA,NA,NA,NA,0,0,NA,NA
"3373",2020-01-01,NA,NA,37151,NA,NA,NA,NA,NA,NA,NA,NA,NA,0,0,NA,NA
"3374",2020-01-01,NA,NA,37153,NA,NA,NA,NA,NA,NA,NA,NA,NA,0,0,NA,NA
"3375",2020-01-01,NA,NA,37155,NA,NA,NA,NA,NA,NA,NA,NA,NA,0,0,NA,NA
"3376",2020-01-01,NA,NA,37157,NA,NA,NA,NA,NA,NA,NA,NA,NA,0,0,NA,NA
"3377",2020-01-01,NA,NA,37159,NA,NA,NA,NA,NA,NA,NA,NA,NA,0,0,NA,NA
"3378",2020-01-01,NA,NA,37161,NA,NA,NA,NA,NA,NA,NA,NA,NA,0,0,NA,NA
"3379",2020-01-01,NA,NA,37163,NA,NA,NA,NA,NA,NA,NA,NA,NA,0,0,NA,NA
"3380",2020-01-01,NA,NA,37165,NA,NA,NA,NA,NA,NA,NA,NA,NA,0,0,NA,NA
"3381",2020-01-01,NA,NA,37167,NA,NA,NA,NA,NA,NA,NA,NA,NA,0,0,NA,NA
"3382",2020-01-01,NA,NA,37169,NA,NA,NA,NA,NA,NA,NA,NA,NA,0,0,NA,NA
"3383",2020-01-01,NA,NA,37171,NA,NA,NA,NA,NA,NA,NA,NA,NA,0,0,NA,NA
"3384",2020-01-01,NA,NA,37173,NA,NA,NA,NA,NA,NA,NA,NA,NA,0,0,NA,NA
"3385",2020-01-01,NA,NA,37175,NA,NA,NA,NA,NA,NA,NA,NA,NA,0,0,NA,NA
"3386",2020-01-01,NA,NA,37177,NA,NA,NA,NA,NA,NA,NA,NA,NA,0,0,NA,NA
"3387",2020-01-01,NA,NA,37179,NA,NA,NA,NA,NA,NA,NA,NA,NA,0,0,NA,NA
"3388",2020-01-01,NA,NA,37181,NA,NA,NA,NA,NA,NA,NA,NA,NA,0,0,NA,NA
"3389",2020-01-01,NA,NA,37183,NA,NA,NA,NA,NA,NA,NA,NA,NA,0,0,NA,NA
"3390",2020-01-01,NA,NA,37185,NA,NA,NA,NA,NA,NA,NA,NA,NA,0,0,NA,NA
"3391",2020-01-01,NA,NA,37187,NA,NA,NA,NA,NA,NA,NA,NA,NA,0,0,NA,NA
"3392",2020-01-01,NA,NA,37189,NA,NA,NA,NA,NA,NA,NA,NA,NA,0,0,NA,NA
"3393",2020-01-01,NA,NA,37191,NA,NA,NA,NA,NA,NA,NA,NA,NA,0,0,NA,NA
"3394",2020-01-01,NA,NA,37193,NA,NA,NA,NA,NA,NA,NA,NA,NA,0,0,NA,NA
"3395",2020-01-01,NA,NA,37195,NA,NA,NA,NA,NA,NA,NA,NA,NA,0,0,NA,NA
"3396",2020-01-01,NA,NA,37197,NA,NA,NA,NA,NA,NA,NA,NA,NA,0,0,NA,NA
"3397",2020-01-01,NA,NA,37199,NA,NA,NA,NA,NA,NA,NA,NA,NA,0,0,NA,NA
"3398",2020-02-01,NA,NA,37001,NA,NA,NA,NA,NA,NA,NA,0,0,0,0,NA,NA
"3399",2020-02-01,NA,NA,37003,NA,NA,NA,NA,NA,NA,NA,0,0,0,0,NA,NA
"3400",2020-02-01,NA,NA,37005,NA,NA,NA,NA,NA,NA,NA,0,0,0,0,NA,NA
"3401",2020-02-01,NA,NA,37007,NA,NA,NA,NA,NA,NA,NA,0,0,0,0,NA,NA
"3402",2020-02-01,NA,NA,37009,NA,NA,NA,NA,NA,NA,NA,0,0,0,0,NA,NA
"3403",2020-02-01,NA,NA,37011,NA,NA,NA,NA,NA,NA,NA,0,0,0,0,NA,NA
"3404",2020-02-01,NA,NA,37013,NA,NA,NA,NA,NA,NA,NA,0,0,0,0,NA,NA
"3405",2020-02-01,NA,NA,37015,NA,NA,NA,NA,NA,NA,NA,0,0,0,0,NA,NA
"3406",2020-02-01,NA,NA,37017,NA,NA,NA,NA,NA,NA,NA,0,0,0,0,NA,NA
"3407",2020-02-01,NA,NA,37019,NA,NA,NA,NA,NA,NA,NA,0,0,0,0,NA,NA
"3408",2020-02-01,NA,NA,37021,NA,NA,NA,NA,NA,NA,NA,0,0,0,0,NA,NA
"3409",2020-02-01,NA,NA,37023,NA,NA,NA,NA,NA,NA,NA,0,0,0,0,NA,NA
"3410",2020-02-01,NA,NA,37025,NA,NA,NA,NA,NA,NA,NA,0,0,0,0,NA,NA
"3411",2020-02-01,NA,NA,37027,NA,NA,NA,NA,NA,NA,NA,0,0,0,0,NA,NA
"3412",2020-02-01,NA,NA,37029,NA,NA,NA,NA,NA,NA,NA,0,0,0,0,NA,NA
"3413",2020-02-01,NA,NA,37031,NA,NA,NA,NA,NA,NA,NA,0,0,0,0,NA,NA
"3414",2020-02-01,NA,NA,37033,NA,NA,NA,NA,NA,NA,NA,0,0,0,0,NA,NA
"3415",2020-02-01,NA,NA,37035,NA,NA,NA,NA,NA,NA,NA,0,0,0,0,NA,NA
"3416",2020-02-01,NA,NA,37037,NA,NA,NA,NA,NA,NA,NA,0,0,0,0,NA,NA
"3417",2020-02-01,NA,NA,37039,NA,NA,NA,NA,NA,NA,NA,0,0,0,0,NA,NA
"3418",2020-02-01,NA,NA,37041,NA,NA,NA,NA,NA,NA,NA,0,0,0,0,NA,NA
"3419",2020-02-01,NA,NA,37043,NA,NA,NA,NA,NA,NA,NA,0,0,0,0,NA,NA
"3420",2020-02-01,NA,NA,37045,NA,NA,NA,NA,NA,NA,NA,0,0,0,0,NA,NA
"3421",2020-02-01,NA,NA,37047,NA,NA,NA,NA,NA,NA,NA,0,0,0,0,NA,NA
"3422",2020-02-01,NA,NA,37049,NA,NA,NA,NA,NA,NA,NA,0,0,0,0,NA,NA
"3423",2020-02-01,NA,NA,37051,NA,NA,NA,NA,NA,NA,NA,0,0,0,0,NA,NA
"3424",2020-02-01,NA,NA,37053,NA,NA,NA,NA,NA,NA,NA,0,0,0,0,NA,NA
"3425",2020-02-01,NA,NA,37055,NA,NA,NA,NA,NA,NA,NA,0,0,0,0,NA,NA
"3426",2020-02-01,NA,NA,37057,NA,NA,NA,NA,NA,NA,NA,0,0,0,0,NA,NA
"3427",2020-02-01,NA,NA,37059,NA,NA,NA,NA,NA,NA,NA,0,0,0,0,NA,NA
"3428",2020-02-01,NA,NA,37061,NA,NA,NA,NA,NA,NA,NA,0,0,0,0,NA,NA
"3429",2020-02-01,NA,NA,37063,NA,NA,NA,NA,NA,NA,NA,0,0,0,0,NA,NA
"3430",2020-02-01,NA,NA,37065,NA,NA,NA,NA,NA,NA,NA,0,0,0,0,NA,NA
"3431",2020-02-01,NA,NA,37067,NA,NA,NA,NA,NA,NA,NA,0,0,1,1,NA,NA
"3432",2020-02-01,NA,NA,37069,NA,NA,NA,NA,NA,NA,NA,0,0,0,0,NA,NA
"3433",2020-02-01,NA,NA,37071,NA,NA,NA,NA,NA,NA,NA,0,0,0,0,NA,NA
"3434",2020-02-01,NA,NA,37073,NA,NA,NA,NA,NA,NA,NA,0,0,0,0,NA,NA
"3435",2020-02-01,NA,NA,37075,NA,NA,NA,NA,NA,NA,NA,0,0,0,0,NA,NA
"3436",2020-02-01,NA,NA,37077,NA,NA,NA,NA,NA,NA,NA,0,0,0,0,NA,NA
"3437",2020-02-01,NA,NA,37079,NA,NA,NA,NA,NA,NA,NA,0,0,0,0,NA,NA
"3438",2020-02-01,NA,NA,37081,NA,NA,NA,NA,NA,NA,NA,0,0,0,0,NA,NA
"3439",2020-02-01,NA,NA,37083,NA,NA,NA,NA,NA,NA,NA,0,0,0,0,NA,NA
"3440",2020-02-01,NA,NA,37085,NA,NA,NA,NA,NA,NA,NA,0,0,0,0,NA,NA
"3441",2020-02-01,NA,NA,37087,NA,NA,NA,NA,NA,NA,NA,0,0,0,0,NA,NA
"3442",2020-02-01,NA,NA,37089,NA,NA,NA,NA,NA,NA,NA,0,0,0,0,NA,NA
"3443",2020-02-01,NA,NA,37091,NA,NA,NA,NA,NA,NA,NA,0,0,0,0,NA,NA
"3444",2020-02-01,NA,NA,37093,NA,NA,NA,NA,NA,NA,NA,0,0,0,0,NA,NA
"3445",2020-02-01,NA,NA,37095,NA,NA,NA,NA,NA,NA,NA,0,0,0,0,NA,NA
"3446",2020-02-01,NA,NA,37097,NA,NA,NA,NA,NA,NA,NA,0,0,0,0,NA,NA
"3447",2020-02-01,NA,NA,37099,NA,NA,NA,NA,NA,NA,NA,0,0,0,0,NA,NA
"3448",2020-02-01,NA,NA,37101,NA,NA,NA,NA,NA,NA,NA,0,0,0,0,NA,NA
"3449",2020-02-01,NA,NA,37103,NA,NA,NA,NA,NA,NA,NA,0,0,0,0,NA,NA
"3450",2020-02-01,NA,NA,37105,NA,NA,NA,NA,NA,NA,NA,0,0,0,0,NA,NA
"3451",2020-02-01,NA,NA,37107,NA,NA,NA,NA,NA,NA,NA,0,0,0,0,NA,NA
"3452",2020-02-01,NA,NA,37109,NA,NA,NA,NA,NA,NA,NA,0,0,0,0,NA,NA
"3453",2020-02-01,NA,NA,37111,NA,NA,NA,NA,NA,NA,NA,0,0,0,0,NA,NA
"3454",2020-02-01,NA,NA,37113,NA,NA,NA,NA,NA,NA,NA,0,0,0,0,NA,NA
"3455",2020-02-01,NA,NA,37115,NA,NA,NA,NA,NA,NA,NA,0,0,0,0,NA,NA
"3456",2020-02-01,NA,NA,37117,NA,NA,NA,NA,NA,NA,NA,0,0,0,0,NA,NA
"3457",2020-02-01,NA,NA,37121,NA,NA,NA,NA,NA,NA,NA,0,0,0,0,NA,NA
"3458",2020-02-01,NA,NA,37123,NA,NA,NA,NA,NA,NA,NA,0,0,0,0,NA,NA
"3459",2020-02-01,NA,NA,37125,NA,NA,NA,NA,NA,NA,NA,0,0,0,0,NA,NA
"3460",2020-02-01,NA,NA,37127,NA,NA,NA,NA,NA,NA,NA,0,0,0,0,NA,NA
"3461",2020-02-01,NA,NA,37129,NA,NA,NA,NA,NA,NA,NA,0,0,0,0,NA,NA
"3462",2020-02-01,NA,NA,37131,NA,NA,NA,NA,NA,NA,NA,0,0,0,0,NA,NA
"3463",2020-02-01,NA,NA,37133,NA,NA,NA,NA,NA,NA,NA,0,0,0,0,NA,NA
"3464",2020-02-01,NA,NA,37135,NA,NA,NA,NA,NA,NA,NA,0,0,0,0,NA,NA
"3465",2020-02-01,NA,NA,37137,NA,NA,NA,NA,NA,NA,NA,0,0,0,0,NA,NA
"3466",2020-02-01,NA,NA,37139,NA,NA,NA,NA,NA,NA,NA,0,0,0,0,NA,NA
"3467",2020-02-01,NA,NA,37141,NA,NA,NA,NA,NA,NA,NA,0,0,0,0,NA,NA
"3468",2020-02-01,NA,NA,37143,NA,NA,NA,NA,NA,NA,NA,0,0,0,0,NA,NA
"3469",2020-02-01,NA,NA,37145,NA,NA,NA,NA,NA,NA,NA,0,0,0,0,NA,NA
"3470",2020-02-01,NA,NA,37147,NA,NA,NA,NA,NA,NA,NA,0,0,0,0,NA,NA
"3471",2020-02-01,NA,NA,37149,NA,NA,NA,NA,NA,NA,NA,0,0,0,0,NA,NA
"3472",2020-02-01,NA,NA,37151,NA,NA,NA,NA,NA,NA,NA,0,0,0,0,NA,NA
"3473",2020-02-01,NA,NA,37153,NA,NA,NA,NA,NA,NA,NA,0,0,0,0,NA,NA
"3474",2020-02-01,NA,NA,37155,NA,NA,NA,NA,NA,NA,NA,0,0,0,0,NA,NA
"3475",2020-02-01,NA,NA,37157,NA,NA,NA,NA,NA,NA,NA,0,0,0,0,NA,NA
"3476",2020-02-01,NA,NA,37159,NA,NA,NA,NA,NA,NA,NA,0,0,0,0,NA,NA
"3477",2020-02-01,NA,NA,37161,NA,NA,NA,NA,NA,NA,NA,0,0,0,0,NA,NA
"3478",2020-02-01,NA,NA,37163,NA,NA,NA,NA,NA,NA,NA,0,0,0,0,NA,NA
"3479",2020-02-01,NA,NA,37165,NA,NA,NA,NA,NA,NA,NA,0,0,0,0,NA,NA
"3480",2020-02-01,NA,NA,37167,NA,NA,NA,NA,NA,NA,NA,0,0,0,0,NA,NA
"3481",2020-02-01,NA,NA,37169,NA,NA,NA,NA,NA,NA,NA,0,0,0,0,NA,NA
"3482",2020-02-01,NA,NA,37171,NA,NA,NA,NA,NA,NA,NA,0,0,0,0,NA,NA
"3483",2020-02-01,NA,NA,37173,NA,NA,NA,NA,NA,NA,NA,0,0,0,0,NA,NA
"3484",2020-02-01,NA,NA,37175,NA,NA,NA,NA,NA,NA,NA,0,0,0,0,NA,NA
"3485",2020-02-01,NA,NA,37177,NA,NA,NA,NA,NA,NA,NA,0,0,0,0,NA,NA
"3486",2020-02-01,NA,NA,37179,NA,NA,NA,NA,NA,NA,NA,0,0,0,0,NA,NA
"3487",2020-02-01,NA,NA,37181,NA,NA,NA,NA,NA,NA,NA,0,0,0,0,NA,NA
"3488",2020-02-01,NA,NA,37183,NA,NA,NA,NA,NA,NA,NA,0,0,0,0,NA,NA
"3489",2020-02-01,NA,NA,37185,NA,NA,NA,NA,NA,NA,NA,0,0,0,0,NA,NA
"3490",2020-02-01,NA,NA,37187,NA,NA,NA,NA,NA,NA,NA,0,0,0,0,NA,NA
"3491",2020-02-01,NA,NA,37189,NA,NA,NA,NA,NA,NA,NA,0,0,0,0,NA,NA
"3492",2020-02-01,NA,NA,37191,NA,NA,NA,NA,NA,NA,NA,0,0,0,0,NA,NA
"3493",2020-02-01,NA,NA,37193,NA,NA,NA,NA,NA,NA,NA,0,0,0,0,NA,NA
"3494",2020-02-01,NA,NA,37195,NA,NA,NA,NA,NA,NA,NA,0,0,0,0,NA,NA
"3495",2020-02-01,NA,NA,37197,NA,NA,NA,NA,NA,NA,NA,0,0,0,0,NA,NA
"3496",2020-02-01,NA,NA,37199,NA,NA,NA,NA,NA,NA,NA,0,0,0,0,NA,NA
"3497",2020-03-01,NA,NA,37003,NA,NA,NA,NA,NA,NA,NA,2,0,0,0,NA,NA
"3498",2020-03-01,NA,NA,37005,NA,NA,NA,NA,NA,NA,NA,2,0,0,0,NA,NA
"3499",2020-03-01,NA,NA,37007,NA,NA,NA,NA,NA,NA,NA,1,0,0,0,NA,NA
"3500",2020-03-01,NA,NA,37009,NA,NA,NA,NA,NA,NA,NA,0,0,0,0,NA,NA
"3501",2020-03-01,NA,NA,37011,NA,NA,NA,NA,NA,NA,NA,0,0,0,0,NA,NA
"3502",2020-03-01,NA,NA,37015,NA,NA,NA,NA,NA,NA,NA,6,0,0,0,NA,NA
"3503",2020-03-01,NA,NA,37017,NA,NA,NA,NA,NA,NA,NA,0,0,0,0,NA,NA
"3504",2020-03-01,NA,NA,37029,NA,NA,NA,NA,NA,NA,NA,0,0,0,0,NA,NA
"3505",2020-03-01,NA,NA,37033,NA,NA,NA,NA,NA,NA,NA,1,0,0,0,NA,NA
"3506",2020-03-01,NA,NA,37041,NA,NA,NA,NA,NA,NA,NA,0,0,0,0,NA,NA
"3507",2020-03-01,NA,NA,37043,NA,NA,NA,NA,NA,NA,NA,3,0,0,0,NA,NA
"3508",2020-03-01,NA,NA,37053,NA,NA,NA,NA,NA,NA,NA,0,0,0,0,NA,NA
"3509",2020-03-01,NA,NA,37055,NA,NA,NA,NA,NA,NA,NA,0,0,0,0,NA,NA
"3510",2020-03-01,NA,NA,37061,NA,NA,NA,NA,NA,NA,NA,2,0,0,0,NA,NA
"3511",2020-03-01,NA,NA,37073,NA,NA,NA,NA,NA,NA,NA,0,0,0,0,NA,NA
"3512",2020-03-01,NA,NA,37075,NA,NA,NA,NA,NA,NA,NA,0,0,0,0,NA,NA
"3513",2020-03-01,NA,NA,37079,NA,NA,NA,NA,NA,NA,NA,3,0,0,0,NA,NA
"3514",2020-03-01,NA,NA,37087,NA,NA,NA,NA,NA,NA,NA,0,0,0,0,NA,NA
"3515",2020-03-01,NA,NA,37091,NA,NA,NA,NA,NA,NA,NA,4,0,0,0,NA,NA
"3516",2020-03-01,NA,NA,37095,NA,NA,NA,NA,NA,NA,NA,0,0,0,0,NA,NA
"3517",2020-03-01,NA,NA,37099,NA,NA,NA,NA,NA,NA,NA,0,0,0,0,NA,NA
"3518",2020-03-01,NA,NA,37103,NA,NA,NA,NA,NA,NA,NA,0,0,0,0,NA,NA
"3519",2020-03-01,NA,NA,37105,NA,NA,NA,NA,NA,NA,NA,3,0,0,0,NA,NA
"3520",2020-03-01,NA,NA,37113,NA,NA,NA,NA,NA,NA,NA,0,0,0,0,NA,NA
"3521",2020-03-01,NA,NA,37115,NA,NA,NA,NA,NA,NA,NA,0,0,0,0,NA,NA
"3522",2020-03-01,NA,NA,37117,NA,NA,NA,NA,NA,NA,NA,3,0,0,0,NA,NA
"3523",2020-03-01,NA,NA,37121,NA,NA,NA,NA,NA,NA,NA,1,0,0,0,NA,NA
"3524",2020-03-01,NA,NA,37123,NA,NA,NA,NA,NA,NA,NA,6,0,0,0,NA,NA
"3525",2020-03-01,NA,NA,37131,NA,NA,NA,NA,NA,NA,NA,32,1,0,0,NA,NA
"3526",2020-03-01,NA,NA,37137,NA,NA,NA,NA,NA,NA,NA,1,0,0,0,NA,NA
"3527",2020-03-01,NA,NA,37139,NA,NA,NA,NA,NA,NA,NA,5,0,0,0,NA,NA
"3528",2020-03-01,NA,NA,37141,NA,NA,NA,NA,NA,NA,NA,0,0,0,0,NA,NA
"3529",2020-03-01,NA,NA,37143,NA,NA,NA,NA,NA,NA,NA,1,0,0,0,NA,NA
"3530",2020-03-01,NA,NA,37145,NA,NA,NA,NA,NA,NA,NA,3,0,0,0,NA,NA
"3531",2020-03-01,NA,NA,37149,NA,NA,NA,NA,NA,NA,NA,3,0,0,0,NA,NA
"3532",2020-03-01,NA,NA,37153,NA,NA,NA,NA,NA,NA,NA,0,0,0,0,NA,NA
"3533",2020-03-01,NA,NA,37155,NA,NA,NA,NA,NA,NA,NA,3,0,1,1,NA,NA
"3534",2020-03-01,NA,NA,37157,NA,NA,NA,NA,NA,NA,NA,2,0,0,0,NA,NA
"3535",2020-03-01,NA,NA,37163,NA,NA,NA,NA,NA,NA,NA,2,0,0,0,NA,NA
"3536",2020-03-01,NA,NA,37165,NA,NA,NA,NA,NA,NA,NA,2,0,0,0,NA,NA
"3537",2020-03-01,NA,NA,37167,NA,NA,NA,NA,NA,NA,NA,5,0,0,0,NA,NA
"3538",2020-03-01,NA,NA,37169,NA,NA,NA,NA,NA,NA,NA,0,0,0,0,NA,NA
"3539",2020-03-01,NA,NA,37173,NA,NA,NA,NA,NA,NA,NA,0,0,0,0,NA,NA
"3540",2020-03-01,NA,NA,37175,NA,NA,NA,NA,NA,NA,NA,5,0,0,0,NA,NA
"3541",2020-03-01,NA,NA,37177,NA,NA,NA,NA,NA,NA,NA,0,0,0,0,NA,NA
"3542",2020-03-01,NA,NA,37185,NA,NA,NA,NA,NA,NA,NA,0,0,0,0,NA,NA
"3543",2020-03-01,NA,NA,37187,NA,NA,NA,NA,NA,NA,NA,2,0,0,0,NA,NA
"3544",2020-03-01,NA,NA,37193,NA,NA,NA,NA,NA,NA,NA,2,0,1,1,NA,NA
"3545",2020-03-01,NA,NA,37199,NA,NA,NA,NA,NA,NA,NA,0,0,0,0,NA,NA
"3546",2020-04-01,NA,NA,37003,NA,NA,NA,NA,NA,NA,NA,2,0,0,0,NA,NA
"3547",2020-04-01,NA,NA,37005,NA,NA,NA,NA,NA,NA,NA,2,0,0,0,NA,NA
"3548",2020-04-01,NA,NA,37009,NA,NA,NA,NA,NA,NA,NA,5,0,0,0,NA,NA
"3549",2020-04-01,NA,NA,37011,NA,NA,NA,NA,NA,NA,NA,0,0,0,0,NA,NA
"3550",2020-04-01,NA,NA,37015,NA,NA,NA,NA,NA,NA,NA,39,2,0,0,NA,NA
"3551",2020-04-01,NA,NA,37029,NA,NA,NA,NA,NA,NA,NA,2,0,0,0,NA,NA
"3552",2020-04-01,NA,NA,37041,NA,NA,NA,NA,NA,NA,NA,6,0,1,1,NA,NA
"3553",2020-04-01,NA,NA,37043,NA,NA,NA,NA,NA,NA,NA,4,0,0,0,NA,NA
"3554",2020-04-01,NA,NA,37053,NA,NA,NA,NA,NA,NA,NA,4,0,0,0,NA,NA
"3555",2020-04-01,NA,NA,37073,NA,NA,NA,NA,NA,NA,NA,8,0,0,0,NA,NA
"3556",2020-04-01,NA,NA,37075,NA,NA,NA,NA,NA,NA,NA,1,0,0,0,NA,NA
"3557",2020-04-01,NA,NA,37095,NA,NA,NA,NA,NA,NA,NA,1,0,0,0,NA,NA
"3558",2020-04-01,NA,NA,37103,NA,NA,NA,NA,NA,NA,NA,15,2,0,0,NA,NA
"3559",2020-04-01,NA,NA,37113,NA,NA,NA,NA,NA,NA,NA,3,1,0,0,NA,NA
"3560",2020-04-01,NA,NA,37115,NA,NA,NA,NA,NA,NA,NA,1,0,0,0,NA,NA
"3561",2020-04-01,NA,NA,37121,NA,NA,NA,NA,NA,NA,NA,4,0,0,0,NA,NA
"3562",2020-04-01,NA,NA,37131,NA,NA,NA,NA,NA,NA,NA,52,4,0,0,NA,NA
"3563",2020-04-01,NA,NA,37137,NA,NA,NA,NA,NA,NA,NA,6,0,0,0,NA,NA
"3564",2020-04-01,NA,NA,37143,NA,NA,NA,NA,NA,NA,NA,13,0,1,1,NA,NA
"3565",2020-04-01,NA,NA,37169,NA,NA,NA,NA,NA,NA,NA,10,0,0,0,NA,NA
"3566",2020-04-01,NA,NA,37173,NA,NA,NA,NA,NA,NA,NA,5,0,0,0,NA,NA
"3567",2020-04-01,NA,NA,37175,NA,NA,NA,NA,NA,NA,NA,4,0,0,0,NA,NA
"3568",2020-04-01,NA,NA,37177,NA,NA,NA,NA,NA,NA,NA,4,0,0,0,NA,NA
"3569",2020-04-01,NA,NA,37185,NA,NA,NA,NA,NA,NA,NA,15,0,0,0,NA,NA
"3570",2020-04-01,NA,NA,37187,NA,NA,NA,NA,NA,NA,NA,23,2,1,1,NA,NA
"3571",2020-04-01,NA,NA,37189,NA,NA,NA,NA,NA,NA,NA,2,0,0,0,NA,NA
"3572",2020-04-01,NA,NA,37199,NA,NA,NA,NA,NA,NA,NA,0,0,0,0,NA,NA
"3573",2020-05-01,NA,NA,37005,NA,NA,NA,NA,NA,NA,NA,15,0,0,0,NA,NA
"3574",2020-05-01,NA,NA,37011,NA,NA,NA,NA,NA,NA,NA,2,0,0,0,NA,NA
"3575",2020-05-01,NA,NA,37015,NA,NA,NA,NA,NA,NA,NA,78,2,1,1,NA,NA
"3576",2020-05-01,NA,NA,37029,NA,NA,NA,NA,NA,NA,NA,1,0,0,0,NA,NA
"3577",2020-05-01,NA,NA,37039,NA,NA,NA,NA,NA,NA,NA,7,0,0,0,NA,NA
"3578",2020-05-01,NA,NA,37041,NA,NA,NA,NA,NA,NA,NA,11,0,1,1,NA,NA
"3579",2020-05-01,NA,NA,37043,NA,NA,NA,NA,NA,NA,NA,0,0,0,0,NA,NA
"3580",2020-05-01,NA,NA,37053,NA,NA,NA,NA,NA,NA,NA,10,0,0,0,NA,NA
"3581",2020-05-01,NA,NA,37055,NA,NA,NA,NA,NA,NA,NA,7,2,0,0,NA,NA
"3582",2020-05-01,NA,NA,37073,NA,NA,NA,NA,NA,NA,NA,14,1,0,0,NA,NA
"3583",2020-05-01,NA,NA,37075,NA,NA,NA,NA,NA,NA,NA,2,0,0,0,NA,NA
"3584",2020-05-01,NA,NA,37095,NA,NA,NA,NA,NA,NA,NA,0,0,0,0,NA,NA
"3585",2020-05-01,NA,NA,37103,NA,NA,NA,NA,NA,NA,NA,10,1,0,0,NA,NA
"3586",2020-05-01,NA,NA,37115,NA,NA,NA,NA,NA,NA,NA,2,0,0,0,NA,NA
"3587",2020-05-01,NA,NA,37121,NA,NA,NA,NA,NA,NA,NA,7,0,0,0,NA,NA
"3588",2020-05-01,NA,NA,37131,NA,NA,NA,NA,NA,NA,NA,64,9,2,2,NA,NA
"3589",2020-05-01,NA,NA,37137,NA,NA,NA,NA,NA,NA,NA,3,0,0,0,NA,NA
"3590",2020-05-01,NA,NA,37143,NA,NA,NA,NA,NA,NA,NA,10,2,0,0,NA,NA
"3591",2020-05-01,NA,NA,37173,NA,NA,NA,NA,NA,NA,NA,11,0,0,0,NA,NA
"3592",2020-05-01,NA,NA,37175,NA,NA,NA,NA,NA,NA,NA,6,0,0,0,NA,NA
"3593",2020-05-01,NA,NA,37177,NA,NA,NA,NA,NA,NA,NA,0,0,0,0,NA,NA
"3594",2020-05-01,NA,NA,37185,NA,NA,NA,NA,NA,NA,NA,48,2,0,0,NA,NA
"3595",2020-05-01,NA,NA,37187,NA,NA,NA,NA,NA,NA,NA,5,1,0,0,NA,NA
"3596",2020-05-01,NA,NA,37199,NA,NA,NA,NA,NA,NA,NA,14,0,0,0,NA,NA
"3597",2020-06-01,NA,NA,37005,NA,NA,NA,NA,NA,NA,NA,13,0,0,0,NA,NA
"3598",2020-06-01,NA,NA,37011,NA,NA,NA,NA,NA,NA,NA,13,0,0,0,NA,NA
"3599",2020-06-01,NA,NA,37015,NA,NA,NA,NA,NA,NA,NA,23,0,0,0,NA,NA
"3600",2020-06-01,NA,NA,37029,NA,NA,NA,NA,NA,NA,NA,28,0,0,0,NA,NA
"3601",2020-06-01,NA,NA,37041,NA,NA,NA,NA,NA,NA,NA,8,0,0,0,NA,NA
"3602",2020-06-01,NA,NA,37043,NA,NA,NA,NA,NA,NA,NA,4,0,0,0,NA,NA
"3603",2020-06-01,NA,NA,37073,NA,NA,NA,NA,NA,NA,NA,5,1,0,0,NA,NA
"3604",2020-06-01,NA,NA,37075,NA,NA,NA,NA,NA,NA,NA,7,0,0,0,NA,NA
"3605",2020-06-01,NA,NA,37095,NA,NA,NA,NA,NA,NA,NA,11,0,0,0,NA,NA
"3606",2020-06-01,NA,NA,37103,NA,NA,NA,NA,NA,NA,NA,10,0,0,0,NA,NA
"3607",2020-06-01,NA,NA,37121,NA,NA,NA,NA,NA,NA,NA,22,0,0,0,NA,NA
"3608",2020-06-01,NA,NA,37131,NA,NA,NA,NA,NA,NA,NA,33,1,0,0,NA,NA
"3609",2020-06-01,NA,NA,37137,NA,NA,NA,NA,NA,NA,NA,11,1,0,0,NA,NA
"3610",2020-06-01,NA,NA,37143,NA,NA,NA,NA,NA,NA,NA,11,0,0,0,NA,NA
"3611",2020-06-01,NA,NA,37173,NA,NA,NA,NA,NA,NA,NA,43,0,0,0,NA,NA
"3612",2020-06-01,NA,NA,37177,NA,NA,NA,NA,NA,NA,NA,7,0,0,0,NA,NA
"3613",2020-06-01,NA,NA,37185,NA,NA,NA,NA,NA,NA,NA,95,3,1,1,NA,NA
"3614",2020-06-01,NA,NA,37187,NA,NA,NA,NA,NA,NA,NA,8,0,0,0,NA,NA
"3615",2020-06-01,NA,NA,37199,NA,NA,NA,NA,NA,NA,NA,30,0,0,0,NA,NA
"3616",2020-07-01,NA,NA,37005,NA,NA,NA,NA,NA,NA,NA,36,0,0,0,NA,NA
"3617",2020-07-01,NA,NA,37011,NA,NA,NA,NA,NA,NA,NA,74,0,0,0,NA,NA
"3618",2020-07-01,NA,NA,37015,NA,NA,NA,NA,NA,NA,NA,106,0,1,1,NA,NA
"3619",2020-07-01,NA,NA,37029,NA,NA,NA,NA,NA,NA,NA,35,2,0,0,NA,NA
"3620",2020-07-01,NA,NA,37041,NA,NA,NA,NA,NA,NA,NA,111,1,1,1,NA,NA
"3621",2020-07-01,NA,NA,37043,NA,NA,NA,NA,NA,NA,NA,55,0,0,0,NA,NA
"3622",2020-07-01,NA,NA,37073,NA,NA,NA,NA,NA,NA,NA,19,0,0,0,NA,NA
"3623",2020-07-01,NA,NA,37075,NA,NA,NA,NA,NA,NA,NA,17,0,0,0,NA,NA
"3624",2020-07-01,NA,NA,37095,NA,NA,NA,NA,NA,NA,NA,25,0,0,0,NA,NA
"3625",2020-07-01,NA,NA,37103,NA,NA,NA,NA,NA,NA,NA,28,0,0,0,NA,NA
"3626",2020-07-01,NA,NA,37121,NA,NA,NA,NA,NA,NA,NA,62,2,0,0,NA,NA
"3627",2020-07-01,NA,NA,37131,NA,NA,NA,NA,NA,NA,NA,101,1,0,0,NA,NA
"3628",2020-07-01,NA,NA,37137,NA,NA,NA,NA,NA,NA,NA,39,0,0,0,NA,NA
"3629",2020-07-01,NA,NA,37143,NA,NA,NA,NA,NA,NA,NA,32,0,0,0,NA,NA
"3630",2020-07-01,NA,NA,37173,NA,NA,NA,NA,NA,NA,NA,47,2,0,0,NA,NA
"3631",2020-07-01,NA,NA,37177,NA,NA,NA,NA,NA,NA,NA,81,1,0,0,NA,NA
"3632",2020-07-01,NA,NA,37185,NA,NA,NA,NA,NA,NA,NA,84,1,0,0,NA,NA
"3633",2020-07-01,NA,NA,37187,NA,NA,NA,NA,NA,NA,NA,82,0,0,0,NA,NA
"3634",2020-07-01,NA,NA,37199,NA,NA,NA,NA,NA,NA,NA,50,0,0,0,NA,NA
"3635",2020-08-01,NA,NA,37005,NA,NA,NA,NA,NA,NA,NA,138,0,0,0,NA,NA
"3636",2020-08-01,NA,NA,37011,NA,NA,NA,NA,NA,NA,NA,69,0,0,0,NA,NA
"3637",2020-08-01,NA,NA,37015,NA,NA,NA,NA,NA,NA,NA,195,2,0,0,NA,NA
"3638",2020-08-01,NA,NA,37029,NA,NA,NA,NA,NA,NA,NA,35,1,0,0,NA,NA
"3639",2020-08-01,NA,NA,37041,NA,NA,NA,NA,NA,NA,NA,88,1,0,0,NA,NA
"3640",2020-08-01,NA,NA,37043,NA,NA,NA,NA,NA,NA,NA,29,1,0,0,NA,NA
"3641",2020-08-01,NA,NA,37073,NA,NA,NA,NA,NA,NA,NA,49,1,0,0,NA,NA
"3642",2020-08-01,NA,NA,37075,NA,NA,NA,NA,NA,NA,NA,31,0,0,0,NA,NA
"3643",2020-08-01,NA,NA,37095,NA,NA,NA,NA,NA,NA,NA,65,0,1,1,NA,NA
"3644",2020-08-01,NA,NA,37103,NA,NA,NA,NA,NA,NA,NA,75,5,3,3,NA,NA
"3645",2020-08-01,NA,NA,37121,NA,NA,NA,NA,NA,NA,NA,29,2,0,0,NA,NA
"3646",2020-08-01,NA,NA,37131,NA,NA,NA,NA,NA,NA,NA,78,1,0,0,NA,NA
"3647",2020-08-01,NA,NA,37137,NA,NA,NA,NA,NA,NA,NA,127,1,1,1,NA,NA
"3648",2020-08-01,NA,NA,37143,NA,NA,NA,NA,NA,NA,NA,77,0,0,0,NA,NA
"3649",2020-08-01,NA,NA,37173,NA,NA,NA,NA,NA,NA,NA,25,1,0,0,NA,NA
"3650",2020-08-01,NA,NA,37177,NA,NA,NA,NA,NA,NA,NA,18,1,0,0,NA,NA
"3651",2020-08-01,NA,NA,37185,NA,NA,NA,NA,NA,NA,NA,49,1,0,0,NA,NA
"3652",2020-08-01,NA,NA,37187,NA,NA,NA,NA,NA,NA,NA,62,3,0,0,NA,NA
"3653",2020-08-01,NA,NA,37199,NA,NA,NA,NA,NA,NA,NA,20,0,0,0,NA,NA
"3654",2020-09-01,NA,NA,37005,NA,NA,NA,NA,NA,NA,NA,31,0,0,0,NA,NA
"3655",2020-09-01,NA,NA,37011,NA,NA,NA,NA,NA,NA,NA,204,0,0,0,NA,NA
"3656",2020-09-01,NA,NA,37015,NA,NA,NA,NA,NA,NA,NA,158,4,2,2,NA,NA
"3657",2020-09-01,NA,NA,37029,NA,NA,NA,NA,NA,NA,NA,15,0,0,0,NA,NA
"3658",2020-09-01,NA,NA,37041,NA,NA,NA,NA,NA,NA,NA,145,2,1,1,NA,NA
"3659",2020-09-01,NA,NA,37043,NA,NA,NA,NA,NA,NA,NA,29,1,0,0,NA,NA
"3660",2020-09-01,NA,NA,37073,NA,NA,NA,NA,NA,NA,NA,50,0,0,0,NA,NA
"3661",2020-09-01,NA,NA,37075,NA,NA,NA,NA,NA,NA,NA,116,3,4,4,NA,NA
"3662",2020-09-01,NA,NA,37095,NA,NA,NA,NA,NA,NA,NA,24,5,0,0,NA,NA
"3663",2020-09-01,NA,NA,37103,NA,NA,NA,NA,NA,NA,NA,21,3,0,0,NA,NA
"3664",2020-09-01,NA,NA,37121,NA,NA,NA,NA,NA,NA,NA,36,-1,0,0,NA,NA
"3665",2020-09-01,NA,NA,37131,NA,NA,NA,NA,NA,NA,NA,102,0,0,0,NA,NA
"3666",2020-09-01,NA,NA,37137,NA,NA,NA,NA,NA,NA,NA,82,0,0,0,NA,NA
"3667",2020-09-01,NA,NA,37143,NA,NA,NA,NA,NA,NA,NA,44,1,0,0,NA,NA
"3668",2020-09-01,NA,NA,37173,NA,NA,NA,NA,NA,NA,NA,19,0,0,0,NA,NA
"3669",2020-09-01,NA,NA,37177,NA,NA,NA,NA,NA,NA,NA,6,1,0,0,NA,NA
"3670",2020-09-01,NA,NA,37185,NA,NA,NA,NA,NA,NA,NA,57,0,0,0,NA,NA
"3671",2020-09-01,NA,NA,37187,NA,NA,NA,NA,NA,NA,NA,30,2,0,0,NA,NA
"3672",2020-09-01,NA,NA,37199,NA,NA,NA,NA,NA,NA,NA,102,0,0,0,NA,NA
"3673",2020-10-01,NA,NA,37005,NA,NA,NA,NA,NA,NA,NA,74,2,0,0,NA,NA
"3674",2020-10-01,NA,NA,37011,NA,NA,NA,NA,NA,NA,NA,283,1,1,1,NA,NA
"3675",2020-10-01,NA,NA,37015,NA,NA,NA,NA,NA,NA,NA,131,10,4,5,NA,NA
"3676",2020-10-01,NA,NA,37029,NA,NA,NA,NA,NA,NA,NA,24,0,0,0,NA,NA
"3677",2020-10-01,NA,NA,37041,NA,NA,NA,NA,NA,NA,NA,165,8,14,14,NA,NA
"3678",2020-10-01,NA,NA,37043,NA,NA,NA,NA,NA,NA,NA,117,1,0,0,NA,NA
"3679",2020-10-01,NA,NA,37073,NA,NA,NA,NA,NA,NA,NA,25,0,0,0,NA,NA
"3680",2020-10-01,NA,NA,37075,NA,NA,NA,NA,NA,NA,NA,77,5,1,1,NA,NA
"3681",2020-10-01,NA,NA,37095,NA,NA,NA,NA,NA,NA,NA,49,0,0,0,NA,NA
"3682",2020-10-01,NA,NA,37103,NA,NA,NA,NA,NA,NA,NA,42,4,0,0,NA,NA
"3683",2020-10-01,NA,NA,37121,NA,NA,NA,NA,NA,NA,NA,84,1,1,1,NA,NA
"3684",2020-10-01,NA,NA,37131,NA,NA,NA,NA,NA,NA,NA,115,2,1,1,NA,NA
"3685",2020-10-01,NA,NA,37137,NA,NA,NA,NA,NA,NA,NA,61,1,0,0,NA,NA
"3686",2020-10-01,NA,NA,37143,NA,NA,NA,NA,NA,NA,NA,71,1,0,0,NA,NA
"3687",2020-10-01,NA,NA,37173,NA,NA,NA,NA,NA,NA,NA,147,1,0,0,NA,NA
"3688",2020-10-01,NA,NA,37177,NA,NA,NA,NA,NA,NA,NA,16,0,0,0,NA,NA
"3689",2020-10-01,NA,NA,37185,NA,NA,NA,NA,NA,NA,NA,140,0,0,0,NA,NA
"3690",2020-10-01,NA,NA,37187,NA,NA,NA,NA,NA,NA,NA,52,0,1,1,NA,NA
"3691",2020-10-01,NA,NA,37199,NA,NA,NA,NA,NA,NA,NA,122,1,0,1,NA,NA
"3692",2020-11-01,NA,NA,37005,NA,NA,NA,NA,NA,NA,NA,82,-1,0,0,NA,NA
"3693",2020-11-01,NA,NA,37011,NA,NA,NA,NA,NA,NA,NA,326,7,5,5,NA,NA
"3694",2020-11-01,NA,NA,37015,NA,NA,NA,NA,NA,NA,NA,165,4,0,0,NA,NA
"3695",2020-11-01,NA,NA,37029,NA,NA,NA,NA,NA,NA,NA,46,1,0,0,NA,NA
"3696",2020-11-01,NA,NA,37041,NA,NA,NA,NA,NA,NA,NA,103,6,5,6,NA,NA
"3697",2020-11-01,NA,NA,37043,NA,NA,NA,NA,NA,NA,NA,41,3,0,0,NA,NA
"3698",2020-11-01,NA,NA,37073,NA,NA,NA,NA,NA,NA,NA,48,3,0,0,NA,NA
"3699",2020-11-01,NA,NA,37075,NA,NA,NA,NA,NA,NA,NA,22,3,0,0,NA,NA
"3700",2020-11-01,NA,NA,37095,NA,NA,NA,NA,NA,NA,NA,10,0,0,0,NA,NA
"3701",2020-11-01,NA,NA,37103,NA,NA,NA,NA,NA,NA,NA,76,0,0,1,NA,NA
"3702",2020-11-01,NA,NA,37121,NA,NA,NA,NA,NA,NA,NA,278,2,9,11,NA,NA
"3703",2020-11-01,NA,NA,37131,NA,NA,NA,NA,NA,NA,NA,249,6,5,5,NA,NA
"3704",2020-11-01,NA,NA,37137,NA,NA,NA,NA,NA,NA,NA,72,0,0,0,NA,NA
"3705",2020-11-01,NA,NA,37143,NA,NA,NA,NA,NA,NA,NA,91,0,0,0,NA,NA
"3706",2020-11-01,NA,NA,37173,NA,NA,NA,NA,NA,NA,NA,101,1,0,0,NA,NA
"3707",2020-11-01,NA,NA,37177,NA,NA,NA,NA,NA,NA,NA,8,0,0,0,NA,NA
"3708",2020-11-01,NA,NA,37185,NA,NA,NA,NA,NA,NA,NA,188,1,0,0,NA,NA
"3709",2020-11-01,NA,NA,37187,NA,NA,NA,NA,NA,NA,NA,58,0,0,0,NA,NA
"3710",2020-11-01,NA,NA,37199,NA,NA,NA,NA,NA,NA,NA,223,1,1,1,NA,NA
"3711",2020-12-01,NA,NA,37005,NA,NA,NA,NA,NA,NA,NA,245,1,5,5,NA,NA
"3712",2020-12-01,NA,NA,37011,NA,NA,NA,NA,NA,NA,NA,371,7,1,1,NA,NA
"3713",2020-12-01,NA,NA,37015,NA,NA,NA,NA,NA,NA,NA,303,3,2,4,NA,NA
"3714",2020-12-01,NA,NA,37029,NA,NA,NA,NA,NA,NA,NA,99,1,0,0,NA,NA
"3715",2020-12-01,NA,NA,37041,NA,NA,NA,NA,NA,NA,NA,184,2,5,6,NA,NA
"3716",2020-12-01,NA,NA,37043,NA,NA,NA,NA,NA,NA,NA,86,-1,0,0,NA,NA
"3717",2020-12-01,NA,NA,37073,NA,NA,NA,NA,NA,NA,NA,139,6,1,3,NA,NA
"3718",2020-12-01,NA,NA,37075,NA,NA,NA,NA,NA,NA,NA,122,0,0,0,NA,NA
"3719",2020-12-01,NA,NA,37095,NA,NA,NA,NA,NA,NA,NA,141,0,0,0,NA,NA
"3720",2020-12-01,NA,NA,37103,NA,NA,NA,NA,NA,NA,NA,130,1,0,0,NA,NA
"3721",2020-12-01,NA,NA,37121,NA,NA,NA,NA,NA,NA,NA,352,1,11,11,NA,NA
"3722",2020-12-01,NA,NA,37131,NA,NA,NA,NA,NA,NA,NA,226,2,2,2,NA,NA
"3723",2020-12-01,NA,NA,37137,NA,NA,NA,NA,NA,NA,NA,126,2,0,0,NA,NA
"3724",2020-12-01,NA,NA,37143,NA,NA,NA,NA,NA,NA,NA,183,1,1,1,NA,NA
"3725",2020-12-01,NA,NA,37173,NA,NA,NA,NA,NA,NA,NA,294,3,0,0,NA,NA
"3726",2020-12-01,NA,NA,37177,NA,NA,NA,NA,NA,NA,NA,29,0,0,0,NA,NA
"3727",2020-12-01,NA,NA,37185,NA,NA,NA,NA,NA,NA,NA,417,1,0,0,NA,NA
"3728",2020-12-01,NA,NA,37187,NA,NA,NA,NA,NA,NA,NA,122,2,1,2,NA,NA
"3729",2020-12-01,NA,NA,37199,NA,NA,NA,NA,NA,NA,NA,470,6,6,6,NA,NA
"3730",2021-01-01,NA,NA,37005,NA,NA,NA,NA,NA,NA,NA,189,2,0,0,NA,NA
"3731",2021-01-01,NA,NA,37011,NA,NA,NA,NA,NA,NA,NA,341,1,2,2,NA,NA
"3732",2021-01-01,NA,NA,37015,NA,NA,NA,NA,NA,NA,NA,319,8,1,1,NA,NA
"3733",2021-01-01,NA,NA,37029,NA,NA,NA,NA,NA,NA,NA,182,0,1,1,NA,NA
"3734",2021-01-01,NA,NA,37041,NA,NA,NA,NA,NA,NA,NA,393,1,13,16,NA,NA
"3735",2021-01-01,NA,NA,37043,NA,NA,NA,NA,NA,NA,NA,228,0,13,14,NA,NA
"3736",2021-01-01,NA,NA,37073,NA,NA,NA,NA,NA,NA,NA,187,0,3,4,NA,NA
"3737",2021-01-01,NA,NA,37075,NA,NA,NA,NA,NA,NA,NA,135,1,0,0,NA,NA
"3738",2021-01-01,NA,NA,37095,NA,NA,NA,NA,NA,NA,NA,260,1,0,0,NA,NA
"3739",2021-01-01,NA,NA,37103,NA,NA,NA,NA,NA,NA,NA,182,0,0,0,NA,NA
"3740",2021-01-01,NA,NA,37121,NA,NA,NA,NA,NA,NA,NA,269,6,9,9,NA,NA
"3741",2021-01-01,NA,NA,37131,NA,NA,NA,NA,NA,NA,NA,467,0,6,6,NA,NA
"3742",2021-01-01,NA,NA,37137,NA,NA,NA,NA,NA,NA,NA,238,2,0,1,NA,NA
"3743",2021-01-01,NA,NA,37143,NA,NA,NA,NA,NA,NA,NA,236,0,0,0,NA,NA
"3744",2021-01-01,NA,NA,37173,NA,NA,NA,NA,NA,NA,NA,376,7,1,2,NA,NA
"3745",2021-01-01,NA,NA,37177,NA,NA,NA,NA,NA,NA,NA,94,3,0,0,NA,NA
"3746",2021-01-01,NA,NA,37185,NA,NA,NA,NA,NA,NA,NA,321,4,1,1,NA,NA
"3747",2021-01-01,NA,NA,37187,NA,NA,NA,NA,NA,NA,NA,336,12,9,11,NA,NA
"3748",2021-01-01,NA,NA,37199,NA,NA,NA,NA,NA,NA,NA,303,14,7,7,NA,NA
"3749",2021-02-01,NA,NA,37005,NA,NA,NA,NA,NA,NA,NA,82,0,0,0,NA,NA
"3750",2021-02-01,NA,NA,37011,NA,NA,NA,NA,NA,NA,NA,137,4,1,1,NA,NA
"3751",2021-02-01,NA,NA,37015,NA,NA,NA,NA,NA,NA,NA,111,6,2,2,NA,NA
"3752",2021-02-01,NA,NA,37029,NA,NA,NA,NA,NA,NA,NA,115,0,0,0,NA,NA
"3753",2021-02-01,NA,NA,37041,NA,NA,NA,NA,NA,NA,NA,148,1,3,5,NA,NA
"3754",2021-02-01,NA,NA,37043,NA,NA,NA,NA,NA,NA,NA,60,13,5,5,NA,NA
"3755",2021-02-01,NA,NA,37073,NA,NA,NA,NA,NA,NA,NA,132,0,0,1,NA,NA
"3756",2021-02-01,NA,NA,37075,NA,NA,NA,NA,NA,NA,NA,29,0,0,0,NA,NA
"3757",2021-02-01,NA,NA,37095,NA,NA,NA,NA,NA,NA,NA,39,2,0,0,NA,NA
"3758",2021-02-01,NA,NA,37103,NA,NA,NA,NA,NA,NA,NA,123,0,0,0,NA,NA
"3759",2021-02-01,NA,NA,37121,NA,NA,NA,NA,NA,NA,NA,98,3,3,3,NA,NA
"3760",2021-02-01,NA,NA,37131,NA,NA,NA,NA,NA,NA,NA,166,1,4,4,NA,NA
"3761",2021-02-01,NA,NA,37137,NA,NA,NA,NA,NA,NA,NA,188,2,2,2,NA,NA
"3762",2021-02-01,NA,NA,37143,NA,NA,NA,NA,NA,NA,NA,129,3,1,2,NA,NA
"3763",2021-02-01,NA,NA,37173,NA,NA,NA,NA,NA,NA,NA,91,1,0,0,NA,NA
"3764",2021-02-01,NA,NA,37177,NA,NA,NA,NA,NA,NA,NA,38,0,0,0,NA,NA
"3765",2021-02-01,NA,NA,37185,NA,NA,NA,NA,NA,NA,NA,174,5,0,0,NA,NA
"3766",2021-02-01,NA,NA,37187,NA,NA,NA,NA,NA,NA,NA,202,8,3,3,NA,NA
"3767",2021-02-01,NA,NA,37199,NA,NA,NA,NA,NA,NA,NA,108,2,0,1,NA,NA
"3768",2021-03-01,NA,NA,37005,NA,NA,NA,NA,NA,NA,NA,35,1,0,0,NA,NA
"3769",2021-03-01,NA,NA,37011,NA,NA,NA,NA,NA,NA,NA,175,0,0,0,NA,NA
"3770",2021-03-01,NA,NA,37015,NA,NA,NA,NA,NA,NA,NA,63,2,0,0,NA,NA
"3771",2021-03-01,NA,NA,37029,NA,NA,NA,NA,NA,NA,NA,38,0,0,0,NA,NA
"3772",2021-03-01,NA,NA,37041,NA,NA,NA,NA,NA,NA,NA,33,0,2,2,NA,NA
"3773",2021-03-01,NA,NA,37043,NA,NA,NA,NA,NA,NA,NA,27,0,0,0,NA,NA
"3774",2021-03-01,NA,NA,37073,NA,NA,NA,NA,NA,NA,NA,28,0,0,0,NA,NA
"3775",2021-03-01,NA,NA,37075,NA,NA,NA,NA,NA,NA,NA,12,0,0,0,NA,NA
"3776",2021-03-01,NA,NA,37095,NA,NA,NA,NA,NA,NA,NA,5,0,0,0,NA,NA
"3777",2021-03-01,NA,NA,37103,NA,NA,NA,NA,NA,NA,NA,71,0,0,0,NA,NA
"3778",2021-03-01,NA,NA,37121,NA,NA,NA,NA,NA,NA,NA,68,0,0,0,NA,NA
"3779",2021-03-01,NA,NA,37131,NA,NA,NA,NA,NA,NA,NA,105,11,2,2,NA,NA
"3780",2021-03-01,NA,NA,37137,NA,NA,NA,NA,NA,NA,NA,97,2,0,0,NA,NA
"3781",2021-03-01,NA,NA,37143,NA,NA,NA,NA,NA,NA,NA,43,1,0,0,NA,NA
"3782",2021-03-01,NA,NA,37173,NA,NA,NA,NA,NA,NA,NA,36,0,0,0,NA,NA
"3783",2021-03-01,NA,NA,37177,NA,NA,NA,NA,NA,NA,NA,7,0,0,0,NA,NA
"3784",2021-03-01,NA,NA,37185,NA,NA,NA,NA,NA,NA,NA,105,1,0,0,NA,NA
"3785",2021-03-01,NA,NA,37187,NA,NA,NA,NA,NA,NA,NA,37,1,0,0,NA,NA
"3786",2021-03-01,NA,NA,37199,NA,NA,NA,NA,NA,NA,NA,67,3,1,1,NA,NA
"3787",2021-04-01,NA,NA,37005,NA,NA,NA,NA,NA,NA,NA,67,0,0,0,NA,NA
"3788",2021-04-01,NA,NA,37011,NA,NA,NA,NA,NA,NA,NA,100,0,0,0,NA,NA
"3789",2021-04-01,NA,NA,37015,NA,NA,NA,NA,NA,NA,NA,52,0,1,1,NA,NA
"3790",2021-04-01,NA,NA,37029,NA,NA,NA,NA,NA,NA,NA,32,0,0,0,NA,NA
"3791",2021-04-01,NA,NA,37041,NA,NA,NA,NA,NA,NA,NA,56,0,0,1,NA,NA
"3792",2021-04-01,NA,NA,37043,NA,NA,NA,NA,NA,NA,NA,43,0,0,0,NA,NA
"3793",2021-04-01,NA,NA,37073,NA,NA,NA,NA,NA,NA,NA,25,1,0,0,NA,NA
"3794",2021-04-01,NA,NA,37075,NA,NA,NA,NA,NA,NA,NA,10,0,0,0,NA,NA
"3795",2021-04-01,NA,NA,37095,NA,NA,NA,NA,NA,NA,NA,35,0,0,0,NA,NA
"3796",2021-04-01,NA,NA,37103,NA,NA,NA,NA,NA,NA,NA,36,3,0,0,NA,NA
"3797",2021-04-01,NA,NA,37121,NA,NA,NA,NA,NA,NA,NA,95,0,0,0,NA,NA
"3798",2021-04-01,NA,NA,37131,NA,NA,NA,NA,NA,NA,NA,73,19,0,1,NA,NA
"3799",2021-04-01,NA,NA,37137,NA,NA,NA,NA,NA,NA,NA,64,2,1,1,NA,NA
"3800",2021-04-01,NA,NA,37143,NA,NA,NA,NA,NA,NA,NA,47,1,0,0,NA,NA
"3801",2021-04-01,NA,NA,37173,NA,NA,NA,NA,NA,NA,NA,12,2,0,0,NA,NA
"3802",2021-04-01,NA,NA,37177,NA,NA,NA,NA,NA,NA,NA,10,0,0,0,NA,NA
"3803",2021-04-01,NA,NA,37185,NA,NA,NA,NA,NA,NA,NA,84,1,0,0,NA,NA
"3804",2021-04-01,NA,NA,37187,NA,NA,NA,NA,NA,NA,NA,35,0,1,1,NA,NA
"3805",2021-04-01,NA,NA,37199,NA,NA,NA,NA,NA,NA,NA,79,1,1,1,NA,NA
"3806",2021-05-01,NA,NA,37005,NA,NA,NA,NA,NA,NA,NA,61,0,0,0,NA,NA
"3807",2021-05-01,NA,NA,37011,NA,NA,NA,NA,NA,NA,NA,56,0,0,0,NA,NA
"3808",2021-05-01,NA,NA,37015,NA,NA,NA,NA,NA,NA,NA,33,1,0,0,NA,NA
"3809",2021-05-01,NA,NA,37029,NA,NA,NA,NA,NA,NA,NA,28,0,0,0,NA,NA
"3810",2021-05-01,NA,NA,37041,NA,NA,NA,NA,NA,NA,NA,29,1,0,0,NA,NA
"3811",2021-05-01,NA,NA,37043,NA,NA,NA,NA,NA,NA,NA,69,0,0,0,NA,NA
"3812",2021-05-01,NA,NA,37073,NA,NA,NA,NA,NA,NA,NA,16,0,0,0,NA,NA
"3813",2021-05-01,NA,NA,37075,NA,NA,NA,NA,NA,NA,NA,34,0,0,0,NA,NA
"3814",2021-05-01,NA,NA,37095,NA,NA,NA,NA,NA,NA,NA,4,1,0,0,NA,NA
"3815",2021-05-01,NA,NA,37103,NA,NA,NA,NA,NA,NA,NA,60,9,0,0,NA,NA
"3816",2021-05-01,NA,NA,37121,NA,NA,NA,NA,NA,NA,NA,69,0,0,0,NA,NA
"3817",2021-05-01,NA,NA,37131,NA,NA,NA,NA,NA,NA,NA,28,1,0,0,NA,NA
"3818",2021-05-01,NA,NA,37137,NA,NA,NA,NA,NA,NA,NA,5,0,0,0,NA,NA
"3819",2021-05-01,NA,NA,37143,NA,NA,NA,NA,NA,NA,NA,35,2,0,0,NA,NA
"3820",2021-05-01,NA,NA,37173,NA,NA,NA,NA,NA,NA,NA,14,0,0,0,NA,NA
"3821",2021-05-01,NA,NA,37177,NA,NA,NA,NA,NA,NA,NA,4,0,0,0,NA,NA
"3822",2021-05-01,NA,NA,37185,NA,NA,NA,NA,NA,NA,NA,26,0,0,0,NA,NA
"3823",2021-05-01,NA,NA,37187,NA,NA,NA,NA,NA,NA,NA,59,0,1,1,NA,NA
"3824",2021-05-01,NA,NA,37199,NA,NA,NA,NA,NA,NA,NA,48,0,1,2,NA,NA
"3825",2021-06-01,NA,NA,37005,NA,NA,NA,NA,NA,NA,NA,24,0,0,0,NA,NA
"3826",2021-06-01,NA,NA,37011,NA,NA,NA,NA,NA,NA,NA,11,1,0,0,NA,NA
"3827",2021-06-01,NA,NA,37015,NA,NA,NA,NA,NA,NA,NA,12,1,0,0,NA,NA
"3828",2021-06-01,NA,NA,37029,NA,NA,NA,NA,NA,NA,NA,16,1,0,0,NA,NA
"3829",2021-06-01,NA,NA,37041,NA,NA,NA,NA,NA,NA,NA,8,11,0,0,NA,NA
"3830",2021-06-01,NA,NA,37043,NA,NA,NA,NA,NA,NA,NA,111,1,0,0,NA,NA
"3831",2021-06-01,NA,NA,37053,NA,NA,NA,NA,NA,NA,NA,5,0,0,1,NA,NA
"3832",2021-06-01,NA,NA,37073,NA,NA,NA,NA,NA,NA,NA,8,0,0,0,NA,NA
"3833",2021-06-01,NA,NA,37075,NA,NA,NA,NA,NA,NA,NA,51,1,0,0,NA,NA
"3834",2021-06-01,NA,NA,37095,NA,NA,NA,NA,NA,NA,NA,3,0,0,0,NA,NA
"3835",2021-06-01,NA,NA,37103,NA,NA,NA,NA,NA,NA,NA,24,0,0,0,NA,NA
"3836",2021-06-01,NA,NA,37115,NA,NA,NA,NA,NA,NA,NA,1,1,0,0,NA,NA
"3837",2021-06-01,NA,NA,37121,NA,NA,NA,NA,NA,NA,NA,6,0,0,0,NA,NA
"3838",2021-06-01,NA,NA,37131,NA,NA,NA,NA,NA,NA,NA,12,2,0,0,NA,NA
"3839",2021-06-01,NA,NA,37137,NA,NA,NA,NA,NA,NA,NA,2,0,0,0,NA,NA
"3840",2021-06-01,NA,NA,37143,NA,NA,NA,NA,NA,NA,NA,14,0,0,0,NA,NA
"3841",2021-06-01,NA,NA,37149,NA,NA,NA,NA,NA,NA,NA,9,1,0,0,NA,NA
"3842",2021-06-01,NA,NA,37173,NA,NA,NA,NA,NA,NA,NA,-6,0,0,0,NA,NA
"3843",2021-06-01,NA,NA,37177,NA,NA,NA,NA,NA,NA,NA,4,0,0,0,NA,NA
"3844",2021-06-01,NA,NA,37185,NA,NA,NA,NA,NA,NA,NA,13,0,0,0,NA,NA
"3845",2021-06-01,NA,NA,37187,NA,NA,NA,NA,NA,NA,NA,26,1,0,0,NA,NA
"3846",2021-06-01,NA,NA,37199,NA,NA,NA,NA,NA,NA,NA,6,0,0,0,NA,NA
"3847",2021-07-01,NA,NA,37005,NA,NA,NA,NA,NA,NA,NA,11,0,0,0,NA,NA
"3848",2021-07-01,NA,NA,37011,NA,NA,NA,NA,NA,NA,NA,33,0,0,0,NA,NA
"3849",2021-07-01,NA,NA,37015,NA,NA,NA,NA,NA,NA,NA,20,0,0,0,NA,NA
"3850",2021-07-01,NA,NA,37029,NA,NA,NA,NA,NA,NA,NA,9,0,0,0,NA,NA
"3851",2021-07-01,NA,NA,37041,NA,NA,NA,NA,NA,NA,NA,54,3,0,0,NA,NA
"3852",2021-07-01,NA,NA,37043,NA,NA,NA,NA,NA,NA,NA,37,-1,0,0,NA,NA
"3853",2021-07-01,NA,NA,37073,NA,NA,NA,NA,NA,NA,NA,10,0,0,0,NA,NA
"3854",2021-07-01,NA,NA,37075,NA,NA,NA,NA,NA,NA,NA,50,0,0,0,NA,NA
"3855",2021-07-01,NA,NA,37095,NA,NA,NA,NA,NA,NA,NA,1,0,0,0,NA,NA
"3856",2021-07-01,NA,NA,37103,NA,NA,NA,NA,NA,NA,NA,21,1,1,1,NA,NA
"3857",2021-07-01,NA,NA,37121,NA,NA,NA,NA,NA,NA,NA,4,0,0,0,NA,NA
"3858",2021-07-01,NA,NA,37131,NA,NA,NA,NA,NA,NA,NA,25,0,0,0,NA,NA
"3859",2021-07-01,NA,NA,37137,NA,NA,NA,NA,NA,NA,NA,21,0,0,0,NA,NA
"3860",2021-07-01,NA,NA,37143,NA,NA,NA,NA,NA,NA,NA,18,0,0,0,NA,NA
"3861",2021-07-01,NA,NA,37173,NA,NA,NA,NA,NA,NA,NA,28,0,0,0,NA,NA
"3862",2021-07-01,NA,NA,37177,NA,NA,NA,NA,NA,NA,NA,12,0,0,0,NA,NA
"3863",2021-07-01,NA,NA,37185,NA,NA,NA,NA,NA,NA,NA,21,0,0,0,NA,NA
"3864",2021-07-01,NA,NA,37187,NA,NA,NA,NA,NA,NA,NA,9,0,0,0,NA,NA
"3865",2021-07-01,NA,NA,37199,NA,NA,NA,NA,NA,NA,NA,62,0,0,0,NA,NA
"3866",2021-08-01,NA,NA,37005,NA,NA,NA,NA,NA,NA,NA,103,0,0,0,NA,NA
"3867",2021-08-01,NA,NA,37011,NA,NA,NA,NA,NA,NA,NA,126,1,2,2,NA,NA
"3868",2021-08-01,NA,NA,37015,NA,NA,NA,NA,NA,NA,NA,242,1,0,0,NA,NA
"3869",2021-08-01,NA,NA,37029,NA,NA,NA,NA,NA,NA,NA,96,1,0,0,NA,NA
"3870",2021-08-01,NA,NA,37041,NA,NA,NA,NA,NA,NA,NA,233,0,1,1,NA,NA
"3871",2021-08-01,NA,NA,37043,NA,NA,NA,NA,NA,NA,NA,236,2,0,0,NA,NA
"3872",2021-08-01,NA,NA,37073,NA,NA,NA,NA,NA,NA,NA,89,0,0,0,NA,NA
"3873",2021-08-01,NA,NA,37075,NA,NA,NA,NA,NA,NA,NA,219,4,0,1,NA,NA
"3874",2021-08-01,NA,NA,37095,NA,NA,NA,NA,NA,NA,NA,55,0,0,0,NA,NA
"3875",2021-08-01,NA,NA,37103,NA,NA,NA,NA,NA,NA,NA,102,0,0,0,NA,NA
"3876",2021-08-01,NA,NA,37121,NA,NA,NA,NA,NA,NA,NA,183,0,6,6,NA,NA
"3877",2021-08-01,NA,NA,37131,NA,NA,NA,NA,NA,NA,NA,179,1,0,0,NA,NA
"3878",2021-08-01,NA,NA,37137,NA,NA,NA,NA,NA,NA,NA,154,1,0,0,NA,NA
"3879",2021-08-01,NA,NA,37143,NA,NA,NA,NA,NA,NA,NA,146,-1,0,0,NA,NA
"3880",2021-08-01,NA,NA,37173,NA,NA,NA,NA,NA,NA,NA,250,3,1,1,NA,NA
"3881",2021-08-01,NA,NA,37177,NA,NA,NA,NA,NA,NA,NA,101,0,0,0,NA,NA
"3882",2021-08-01,NA,NA,37185,NA,NA,NA,NA,NA,NA,NA,138,0,0,0,NA,NA
"3883",2021-08-01,NA,NA,37187,NA,NA,NA,NA,NA,NA,NA,154,0,3,3,NA,NA
"3884",2021-08-01,NA,NA,37199,NA,NA,NA,NA,NA,NA,NA,493,0,1,1,NA,NA
"3885",2021-09-01,NA,NA,37005,NA,NA,NA,NA,NA,NA,NA,323,0,0,3,NA,NA
"3886",2021-09-01,NA,NA,37011,NA,NA,NA,NA,NA,NA,NA,253,10,2,2,NA,NA
"3887",2021-09-01,NA,NA,37015,NA,NA,NA,NA,NA,NA,NA,303,3,1,1,NA,NA
"3888",2021-09-01,NA,NA,37029,NA,NA,NA,NA,NA,NA,NA,226,1,0,0,NA,NA
"3889",2021-09-01,NA,NA,37041,NA,NA,NA,NA,NA,NA,NA,406,3,1,1,NA,NA
"3890",2021-09-01,NA,NA,37043,NA,NA,NA,NA,NA,NA,NA,332,14,2,4,NA,NA
"3891",2021-09-01,NA,NA,37073,NA,NA,NA,NA,NA,NA,NA,133,3,0,0,NA,NA
"3892",2021-09-01,NA,NA,37075,NA,NA,NA,NA,NA,NA,NA,327,7,0,0,NA,NA
"3893",2021-09-01,NA,NA,37095,NA,NA,NA,NA,NA,NA,NA,80,2,1,1,NA,NA
"3894",2021-09-01,NA,NA,37103,NA,NA,NA,NA,NA,NA,NA,225,0,1,2,NA,NA
"3895",2021-09-01,NA,NA,37121,NA,NA,NA,NA,NA,NA,NA,216,2,12,12,NA,NA
"3896",2021-09-01,NA,NA,37131,NA,NA,NA,NA,NA,NA,NA,370,0,0,0,NA,NA
"3897",2021-09-01,NA,NA,37137,NA,NA,NA,NA,NA,NA,NA,302,5,1,2,NA,NA
"3898",2021-09-01,NA,NA,37143,NA,NA,NA,NA,NA,NA,NA,230,0,1,1,NA,NA
"3899",2021-09-01,NA,NA,37173,NA,NA,NA,NA,NA,NA,NA,338,1,5,5,NA,NA
"3900",2021-09-01,NA,NA,37177,NA,NA,NA,NA,NA,NA,NA,74,0,0,0,NA,NA
"3901",2021-09-01,NA,NA,37185,NA,NA,NA,NA,NA,NA,NA,275,7,0,0,NA,NA
"3902",2021-09-01,NA,NA,37187,NA,NA,NA,NA,NA,NA,NA,189,2,2,2,NA,NA
"3903",2021-09-01,NA,NA,37199,NA,NA,NA,NA,NA,NA,NA,452,1,3,3,NA,NA
"3904",2021-10-01,NA,NA,37005,NA,NA,NA,NA,NA,NA,NA,81,1,0,0,NA,NA
"3905",2021-10-01,NA,NA,37011,NA,NA,NA,NA,NA,NA,NA,172,4,0,0,NA,NA
"3906",2021-10-01,NA,NA,37015,NA,NA,NA,NA,NA,NA,NA,116,3,0,0,NA,NA
"3907",2021-10-01,NA,NA,37029,NA,NA,NA,NA,NA,NA,NA,118,0,0,0,NA,NA
"3908",2021-10-01,NA,NA,37041,NA,NA,NA,NA,NA,NA,NA,116,2,2,2,NA,NA
"3909",2021-10-01,NA,NA,37043,NA,NA,NA,NA,NA,NA,NA,145,2,1,1,NA,NA
"3910",2021-10-01,NA,NA,37073,NA,NA,NA,NA,NA,NA,NA,103,3,0,0,NA,NA
"3911",2021-10-01,NA,NA,37075,NA,NA,NA,NA,NA,NA,NA,68,4,1,1,NA,NA
"3912",2021-10-01,NA,NA,37095,NA,NA,NA,NA,NA,NA,NA,18,1,1,1,NA,NA
"3913",2021-10-01,NA,NA,37103,NA,NA,NA,NA,NA,NA,NA,100,5,1,1,NA,NA
"3914",2021-10-01,NA,NA,37121,NA,NA,NA,NA,NA,NA,NA,174,3,2,2,NA,NA
"3915",2021-10-01,NA,NA,37131,NA,NA,NA,NA,NA,NA,NA,124,3,0,0,NA,NA
"3916",2021-10-01,NA,NA,37137,NA,NA,NA,NA,NA,NA,NA,120,7,0,0,NA,NA
"3917",2021-10-01,NA,NA,37143,NA,NA,NA,NA,NA,NA,NA,127,4,1,1,NA,NA
"3918",2021-10-01,NA,NA,37173,NA,NA,NA,NA,NA,NA,NA,141,2,1,3,NA,NA
"3919",2021-10-01,NA,NA,37177,NA,NA,NA,NA,NA,NA,NA,39,1,0,0,NA,NA
"3920",2021-10-01,NA,NA,37185,NA,NA,NA,NA,NA,NA,NA,138,4,1,1,NA,NA
"3921",2021-10-01,NA,NA,37187,NA,NA,NA,NA,NA,NA,NA,102,3,2,2,NA,NA
"3922",2021-10-01,NA,NA,37199,NA,NA,NA,NA,NA,NA,NA,174,3,0,0,NA,NA
"3923",2021-11-01,NA,NA,37005,NA,NA,NA,NA,NA,NA,NA,193,0,0,0,NA,NA
"3924",2021-11-01,NA,NA,37011,NA,NA,NA,NA,NA,NA,NA,117,3,0,0,NA,NA
"3925",2021-11-01,NA,NA,37015,NA,NA,NA,NA,NA,NA,NA,72,1,0,0,NA,NA
"3926",2021-11-01,NA,NA,37029,NA,NA,NA,NA,NA,NA,NA,81,0,1,1,NA,NA
"3927",2021-11-01,NA,NA,37041,NA,NA,NA,NA,NA,NA,NA,73,1,1,1,NA,NA
"3928",2021-11-01,NA,NA,37043,NA,NA,NA,NA,NA,NA,NA,44,2,0,0,NA,NA
"3929",2021-11-01,NA,NA,37073,NA,NA,NA,NA,NA,NA,NA,49,-1,0,0,NA,NA
"3930",2021-11-01,NA,NA,37075,NA,NA,NA,NA,NA,NA,NA,30,0,0,0,NA,NA
"3931",2021-11-01,NA,NA,37095,NA,NA,NA,NA,NA,NA,NA,31,0,0,0,NA,NA
"3932",2021-11-01,NA,NA,37103,NA,NA,NA,NA,NA,NA,NA,36,1,0,0,NA,NA
"3933",2021-11-01,NA,NA,37121,NA,NA,NA,NA,NA,NA,NA,106,1,0,0,NA,NA
"3934",2021-11-01,NA,NA,37131,NA,NA,NA,NA,NA,NA,NA,30,1,0,0,NA,NA
"3935",2021-11-01,NA,NA,37137,NA,NA,NA,NA,NA,NA,NA,41,0,0,0,NA,NA
"3936",2021-11-01,NA,NA,37143,NA,NA,NA,NA,NA,NA,NA,131,0,0,1,NA,NA
"3937",2021-11-01,NA,NA,37173,NA,NA,NA,NA,NA,NA,NA,99,4,0,0,NA,NA
"3938",2021-11-01,NA,NA,37177,NA,NA,NA,NA,NA,NA,NA,33,0,0,0,NA,NA
"3939",2021-11-01,NA,NA,37185,NA,NA,NA,NA,NA,NA,NA,76,2,0,0,NA,NA
"3940",2021-11-01,NA,NA,37187,NA,NA,NA,NA,NA,NA,NA,49,0,1,1,NA,NA
"3941",2021-11-01,NA,NA,37199,NA,NA,NA,NA,NA,NA,NA,201,3,1,1,NA,NA
"3942",2021-12-01,NA,NA,37005,NA,NA,NA,NA,NA,NA,NA,270,1,2,2,NA,NA
"3943",2021-12-01,NA,NA,37011,NA,NA,NA,NA,NA,NA,NA,267,0,1,1,NA,NA
"3944",2021-12-01,NA,NA,37015,NA,NA,NA,NA,NA,NA,NA,126,1,0,0,NA,NA
"3945",2021-12-01,NA,NA,37029,NA,NA,NA,NA,NA,NA,NA,89,1,1,1,NA,NA
"3946",2021-12-01,NA,NA,37041,NA,NA,NA,NA,NA,NA,NA,143,1,1,1,NA,NA
"3947",2021-12-01,NA,NA,37043,NA,NA,NA,NA,NA,NA,NA,63,0,0,0,NA,NA
"3948",2021-12-01,NA,NA,37073,NA,NA,NA,NA,NA,NA,NA,86,0,0,0,NA,NA
"3949",2021-12-01,NA,NA,37075,NA,NA,NA,NA,NA,NA,NA,103,0,0,0,NA,NA
"3950",2021-12-01,NA,NA,37095,NA,NA,NA,NA,NA,NA,NA,31,0,0,0,NA,NA
"3951",2021-12-01,NA,NA,37103,NA,NA,NA,NA,NA,NA,NA,51,3,0,0,NA,NA
"3952",2021-12-01,NA,NA,37121,NA,NA,NA,NA,NA,NA,NA,202,2,6,6,NA,NA
"3953",2021-12-01,NA,NA,37131,NA,NA,NA,NA,NA,NA,NA,128,0,1,1,NA,NA
"3954",2021-12-01,NA,NA,37137,NA,NA,NA,NA,NA,NA,NA,63,0,0,0,NA,NA
"3955",2021-12-01,NA,NA,37143,NA,NA,NA,NA,NA,NA,NA,125,1,0,0,NA,NA
"3956",2021-12-01,NA,NA,37173,NA,NA,NA,NA,NA,NA,NA,218,1,2,3,NA,NA
"3957",2021-12-01,NA,NA,37177,NA,NA,NA,NA,NA,NA,NA,33,0,0,0,NA,NA
"3958",2021-12-01,NA,NA,37185,NA,NA,NA,NA,NA,NA,NA,226,3,0,0,NA,NA
"3959",2021-12-01,NA,NA,37187,NA,NA,NA,NA,NA,NA,NA,87,2,2,2,NA,NA
"3960",2021-12-01,NA,NA,37199,NA,NA,NA,NA,NA,NA,NA,448,1,1,1,NA,NA
"3961",2022-01-01,NA,NA,37005,NA,NA,NA,NA,NA,NA,NA,579,4,5,5,NA,NA
"3962",2022-01-01,NA,NA,37011,NA,NA,NA,NA,NA,NA,NA,831,0,0,0,NA,NA
"3963",2022-01-01,NA,NA,37015,NA,NA,NA,NA,NA,NA,NA,1332,5,2,3,NA,NA
"3964",2022-01-01,NA,NA,37029,NA,NA,NA,NA,NA,NA,NA,356,0,0,1,NA,NA
"3965",2022-01-01,NA,NA,37041,NA,NA,NA,NA,NA,NA,NA,1437,4,13,13,NA,NA
"3966",2022-01-01,NA,NA,37043,NA,NA,NA,NA,NA,NA,NA,587,0,1,2,NA,NA
"3967",2022-01-01,NA,NA,37073,NA,NA,NA,NA,NA,NA,NA,494,1,0,2,NA,NA
"3968",2022-01-01,NA,NA,37075,NA,NA,NA,NA,NA,NA,NA,589,2,1,1,NA,NA
"3969",2022-01-01,NA,NA,37095,NA,NA,NA,NA,NA,NA,NA,313,1,0,0,NA,NA
"3970",2022-01-01,NA,NA,37103,NA,NA,NA,NA,NA,NA,NA,594,0,1,1,NA,NA
"3971",2022-01-01,NA,NA,37121,NA,NA,NA,NA,NA,NA,NA,619,4,14,14,NA,NA
"3972",2022-01-01,NA,NA,37131,NA,NA,NA,NA,NA,NA,NA,1302,2,2,4,NA,NA
"3973",2022-01-01,NA,NA,37137,NA,NA,NA,NA,NA,NA,NA,588,1,0,0,NA,NA
"3974",2022-01-01,NA,NA,37143,NA,NA,NA,NA,NA,NA,NA,700,1,1,1,NA,NA
"3975",2022-01-01,NA,NA,37173,NA,NA,NA,NA,NA,NA,NA,738,4,1,2,NA,NA
"3976",2022-01-01,NA,NA,37177,NA,NA,NA,NA,NA,NA,NA,291,0,0,0,NA,NA
"3977",2022-01-01,NA,NA,37185,NA,NA,NA,NA,NA,NA,NA,1222,2,1,1,NA,NA
"3978",2022-01-01,NA,NA,37187,NA,NA,NA,NA,NA,NA,NA,1053,3,0,1,NA,NA
"3979",2022-01-01,NA,NA,37199,NA,NA,NA,NA,NA,NA,NA,928,9,3,3,NA,NA
"3980",2022-02-01,NA,NA,37005,NA,NA,NA,NA,NA,NA,NA,265,1,2,2,NA,NA
"3981",2022-02-01,NA,NA,37011,NA,NA,NA,NA,NA,NA,NA,415,2,0,0,NA,NA
"3982",2022-02-01,NA,NA,37015,NA,NA,NA,NA,NA,NA,NA,196,6,1,1,NA,NA
"3983",2022-02-01,NA,NA,37029,NA,NA,NA,NA,NA,NA,NA,17,0,0,0,NA,NA
"3984",2022-02-01,NA,NA,37041,NA,NA,NA,NA,NA,NA,NA,153,6,6,6,NA,NA
"3985",2022-02-01,NA,NA,37043,NA,NA,NA,NA,NA,NA,NA,261,1,4,4,NA,NA
"3986",2022-02-01,NA,NA,37073,NA,NA,NA,NA,NA,NA,NA,114,0,0,0,NA,NA
"3987",2022-02-01,NA,NA,37075,NA,NA,NA,NA,NA,NA,NA,198,0,0,0,NA,NA
"3988",2022-02-01,NA,NA,37095,NA,NA,NA,NA,NA,NA,NA,97,0,0,0,NA,NA
"3989",2022-02-01,NA,NA,37103,NA,NA,NA,NA,NA,NA,NA,159,0,0,0,NA,NA
"3990",2022-02-01,NA,NA,37121,NA,NA,NA,NA,NA,NA,NA,260,5,7,7,NA,NA
"3991",2022-02-01,NA,NA,37131,NA,NA,NA,NA,NA,NA,NA,224,10,0,0,NA,NA
"3992",2022-02-01,NA,NA,37137,NA,NA,NA,NA,NA,NA,NA,165,0,1,1,NA,NA
"3993",2022-02-01,NA,NA,37143,NA,NA,NA,NA,NA,NA,NA,178,0,1,1,NA,NA
"3994",2022-02-01,NA,NA,37173,NA,NA,NA,NA,NA,NA,NA,378,2,2,2,NA,NA
"3995",2022-02-01,NA,NA,37177,NA,NA,NA,NA,NA,NA,NA,58,1,0,0,NA,NA
"3996",2022-02-01,NA,NA,37185,NA,NA,NA,NA,NA,NA,NA,328,1,1,1,NA,NA
"3997",2022-02-01,NA,NA,37187,NA,NA,NA,NA,NA,NA,NA,177,6,2,2,NA,NA
"3998",2022-02-01,NA,NA,37199,NA,NA,NA,NA,NA,NA,NA,394,6,3,3,NA,NA
"3999",2022-03-01,NA,NA,37005,NA,NA,NA,NA,NA,NA,NA,25,0,0,0,NA,NA
"4000",2022-03-01,NA,NA,37011,NA,NA,NA,NA,NA,NA,NA,171,2,0,0,NA,NA
"4001",2022-03-01,NA,NA,37015,NA,NA,NA,NA,NA,NA,NA,33,2,1,1,NA,NA
"4002",2022-03-01,NA,NA,37029,NA,NA,NA,NA,NA,NA,NA,59,0,0,0,NA,NA
"4003",2022-03-01,NA,NA,37041,NA,NA,NA,NA,NA,NA,NA,22,1,2,2,NA,NA
"4004",2022-03-01,NA,NA,37043,NA,NA,NA,NA,NA,NA,NA,34,0,1,2,NA,NA
"4005",2022-03-01,NA,NA,37073,NA,NA,NA,NA,NA,NA,NA,60,0,0,0,NA,NA
"4006",2022-03-01,NA,NA,37075,NA,NA,NA,NA,NA,NA,NA,22,0,0,0,NA,NA
"4007",2022-03-01,NA,NA,37095,NA,NA,NA,NA,NA,NA,NA,12,0,0,0,NA,NA
"4008",2022-03-01,NA,NA,37103,NA,NA,NA,NA,NA,NA,NA,18,0,0,0,NA,NA
"4009",2022-03-01,NA,NA,37121,NA,NA,NA,NA,NA,NA,NA,173,1,3,3,NA,NA
"4010",2022-03-01,NA,NA,37131,NA,NA,NA,NA,NA,NA,NA,30,4,0,0,NA,NA
"4011",2022-03-01,NA,NA,37137,NA,NA,NA,NA,NA,NA,NA,16,0,0,0,NA,NA
"4012",2022-03-01,NA,NA,37143,NA,NA,NA,NA,NA,NA,NA,53,1,1,1,NA,NA
"4013",2022-03-01,NA,NA,37173,NA,NA,NA,NA,NA,NA,NA,85,3,0,0,NA,NA
"4014",2022-03-01,NA,NA,37177,NA,NA,NA,NA,NA,NA,NA,7,0,0,0,NA,NA
"4015",2022-03-01,NA,NA,37185,NA,NA,NA,NA,NA,NA,NA,68,0,0,0,NA,NA
"4016",2022-03-01,NA,NA,37187,NA,NA,NA,NA,NA,NA,NA,53,2,0,0,NA,NA
"4017",2022-03-01,NA,NA,37199,NA,NA,NA,NA,NA,NA,NA,205,0,0,0,NA,NA
"4018",2022-04-01,NA,NA,37005,NA,NA,NA,NA,NA,NA,NA,11,0,0,0,NA,NA
"4019",2022-04-01,NA,NA,37007,NA,NA,NA,NA,NA,NA,NA,7,0,0,0,NA,NA
"4020",2022-04-01,NA,NA,37011,NA,NA,NA,NA,NA,NA,NA,45,0,1,2,NA,NA
"4021",2022-04-01,NA,NA,37015,NA,NA,NA,NA,NA,NA,NA,12,0,0,1,NA,NA
"4022",2022-04-01,NA,NA,37029,NA,NA,NA,NA,NA,NA,NA,19,0,0,0,NA,NA
"4023",2022-04-01,NA,NA,37041,NA,NA,NA,NA,NA,NA,NA,18,1,0,0,NA,NA
"4024",2022-04-01,NA,NA,37043,NA,NA,NA,NA,NA,NA,NA,0,1,0,2,NA,NA
"4025",2022-04-01,NA,NA,37073,NA,NA,NA,NA,NA,NA,NA,16,0,0,0,NA,NA
"4026",2022-04-01,NA,NA,37075,NA,NA,NA,NA,NA,NA,NA,25,0,0,0,NA,NA
"4027",2022-04-01,NA,NA,37095,NA,NA,NA,NA,NA,NA,NA,7,0,0,0,NA,NA
"4028",2022-04-01,NA,NA,37103,NA,NA,NA,NA,NA,NA,NA,10,0,1,2,NA,NA
"4029",2022-04-01,NA,NA,37121,NA,NA,NA,NA,NA,NA,NA,47,0,0,0,NA,NA
"4030",2022-04-01,NA,NA,37131,NA,NA,NA,NA,NA,NA,NA,10,0,0,0,NA,NA
"4031",2022-04-01,NA,NA,37137,NA,NA,NA,NA,NA,NA,NA,18,0,0,0,NA,NA
"4032",2022-04-01,NA,NA,37143,NA,NA,NA,NA,NA,NA,NA,8,0,0,0,NA,NA
"4033",2022-04-01,NA,NA,37173,NA,NA,NA,NA,NA,NA,NA,120,1,0,1,NA,NA
"4034",2022-04-01,NA,NA,37177,NA,NA,NA,NA,NA,NA,NA,4,0,0,0,NA,NA
"4035",2022-04-01,NA,NA,37185,NA,NA,NA,NA,NA,NA,NA,29,0,0,0,NA,NA
"4036",2022-04-01,NA,NA,37187,NA,NA,NA,NA,NA,NA,NA,29,0,0,0,NA,NA
"4037",2022-04-01,NA,NA,37199,NA,NA,NA,NA,NA,NA,NA,306,0,0,0,NA,NA
"4038",2022-05-01,NA,NA,37005,NA,NA,NA,NA,NA,NA,NA,57,4,1,1,NA,NA
"4039",2022-05-01,NA,NA,37011,NA,NA,NA,NA,NA,NA,NA,80,1,0,0,NA,NA
"4040",2022-05-01,NA,NA,37015,NA,NA,NA,NA,NA,NA,NA,72,1,0,0,NA,NA
"4041",2022-05-01,NA,NA,37029,NA,NA,NA,NA,NA,NA,NA,51,0,0,0,NA,NA
"4042",2022-05-01,NA,NA,37041,NA,NA,NA,NA,NA,NA,NA,92,5,0,0,NA,NA
"4043",2022-05-01,NA,NA,37043,NA,NA,NA,NA,NA,NA,NA,16,4,1,1,NA,NA
"4044",2022-05-01,NA,NA,37073,NA,NA,NA,NA,NA,NA,NA,44,1,0,0,NA,NA
"4045",2022-05-01,NA,NA,37075,NA,NA,NA,NA,NA,NA,NA,33,1,0,0,NA,NA
"4046",2022-05-01,NA,NA,37095,NA,NA,NA,NA,NA,NA,NA,72,0,0,0,NA,NA
"4047",2022-05-01,NA,NA,37103,NA,NA,NA,NA,NA,NA,NA,44,1,0,0,NA,NA
"4048",2022-05-01,NA,NA,37121,NA,NA,NA,NA,NA,NA,NA,54,4,0,0,NA,NA
"4049",2022-05-01,NA,NA,37131,NA,NA,NA,NA,NA,NA,NA,81,2,0,1,NA,NA
"4050",2022-05-01,NA,NA,37137,NA,NA,NA,NA,NA,NA,NA,61,1,0,1,NA,NA
"4051",2022-05-01,NA,NA,37143,NA,NA,NA,NA,NA,NA,NA,58,6,0,0,NA,NA
"4052",2022-05-01,NA,NA,37173,NA,NA,NA,NA,NA,NA,NA,206,4,0,1,NA,NA
"4053",2022-05-01,NA,NA,37177,NA,NA,NA,NA,NA,NA,NA,19,0,1,1,NA,NA
"4054",2022-05-01,NA,NA,37185,NA,NA,NA,NA,NA,NA,NA,113,7,0,0,NA,NA
"4055",2022-05-01,NA,NA,37187,NA,NA,NA,NA,NA,NA,NA,43,1,0,0,NA,NA
"4056",2022-05-01,NA,NA,37199,NA,NA,NA,NA,NA,NA,NA,225,6,0,0,NA,NA
"4057",2022-06-01,NA,NA,37005,NA,NA,NA,NA,NA,NA,NA,68,1,0,0,NA,NA
"4058",2022-06-01,NA,NA,37011,NA,NA,NA,NA,NA,NA,NA,107,2,0,0,NA,NA
"4059",2022-06-01,NA,NA,37015,NA,NA,NA,NA,NA,NA,NA,179,2,2,2,NA,NA
"4060",2022-06-01,NA,NA,37029,NA,NA,NA,NA,NA,NA,NA,62,0,0,0,NA,NA
"4061",2022-06-01,NA,NA,37041,NA,NA,NA,NA,NA,NA,NA,133,0,0,0,NA,NA
"4062",2022-06-01,NA,NA,37043,NA,NA,NA,NA,NA,NA,NA,94,3,0,0,NA,NA
"4063",2022-06-01,NA,NA,37073,NA,NA,NA,NA,NA,NA,NA,76,0,0,0,NA,NA
"4064",2022-06-01,NA,NA,37075,NA,NA,NA,NA,NA,NA,NA,38,0,0,0,NA,NA
"4065",2022-06-01,NA,NA,37095,NA,NA,NA,NA,NA,NA,NA,68,1,0,0,NA,NA
"4066",2022-06-01,NA,NA,37103,NA,NA,NA,NA,NA,NA,NA,103,0,0,0,NA,NA
"4067",2022-06-01,NA,NA,37121,NA,NA,NA,NA,NA,NA,NA,276,2,1,1,NA,NA
"4068",2022-06-01,NA,NA,37131,NA,NA,NA,NA,NA,NA,NA,260,3,1,2,NA,NA
"4069",2022-06-01,NA,NA,37137,NA,NA,NA,NA,NA,NA,NA,141,1,0,0,NA,NA
"4070",2022-06-01,NA,NA,37143,NA,NA,NA,NA,NA,NA,NA,118,1,0,0,NA,NA
"4071",2022-06-01,NA,NA,37173,NA,NA,NA,NA,NA,NA,NA,158,3,0,0,NA,NA
"4072",2022-06-01,NA,NA,37177,NA,NA,NA,NA,NA,NA,NA,29,0,0,0,NA,NA
"4073",2022-06-01,NA,NA,37185,NA,NA,NA,NA,NA,NA,NA,214,1,0,0,NA,NA
"4074",2022-06-01,NA,NA,37187,NA,NA,NA,NA,NA,NA,NA,102,0,0,0,NA,NA
"4075",2022-06-01,NA,NA,37199,NA,NA,NA,NA,NA,NA,NA,154,1,2,2,NA,NA
"4076",2022-07-01,NA,NA,37005,NA,NA,NA,NA,NA,NA,NA,58,1,0,0,NA,NA
"4077",2022-07-01,NA,NA,37011,NA,NA,NA,NA,NA,NA,NA,177,0,0,0,NA,NA
"4078",2022-07-01,NA,NA,37015,NA,NA,NA,NA,NA,NA,NA,161,1,1,1,NA,NA
"4079",2022-07-01,NA,NA,37029,NA,NA,NA,NA,NA,NA,NA,53,0,0,0,NA,NA
"4080",2022-07-01,NA,NA,37041,NA,NA,NA,NA,NA,NA,NA,194,1,0,0,NA,NA
"4081",2022-07-01,NA,NA,37043,NA,NA,NA,NA,NA,NA,NA,118,0,0,0,NA,NA
"4082",2022-07-01,NA,NA,37073,NA,NA,NA,NA,NA,NA,NA,62,0,0,0,NA,NA
"4083",2022-07-01,NA,NA,37075,NA,NA,NA,NA,NA,NA,NA,108,0,0,0,NA,NA
"4084",2022-07-01,NA,NA,37095,NA,NA,NA,NA,NA,NA,NA,36,0,0,0,NA,NA
"4085",2022-07-01,NA,NA,37103,NA,NA,NA,NA,NA,NA,NA,106,0,0,0,NA,NA
"4086",2022-07-01,NA,NA,37121,NA,NA,NA,NA,NA,NA,NA,177,0,1,3,NA,NA
"4087",2022-07-01,NA,NA,37131,NA,NA,NA,NA,NA,NA,NA,247,0,0,0,NA,NA
"4088",2022-07-01,NA,NA,37137,NA,NA,NA,NA,NA,NA,NA,164,2,0,0,NA,NA
"4089",2022-07-01,NA,NA,37143,NA,NA,NA,NA,NA,NA,NA,82,0,0,0,NA,NA
"4090",2022-07-01,NA,NA,37173,NA,NA,NA,NA,NA,NA,NA,132,1,1,2,NA,NA
"4091",2022-07-01,NA,NA,37177,NA,NA,NA,NA,NA,NA,NA,41,1,0,0,NA,NA
"4092",2022-07-01,NA,NA,37185,NA,NA,NA,NA,NA,NA,NA,234,0,0,0,NA,NA
"4093",2022-07-01,NA,NA,37187,NA,NA,NA,NA,NA,NA,NA,134,0,1,1,NA,NA
"4094",2022-07-01,NA,NA,37199,NA,NA,NA,NA,NA,NA,NA,55,1,0,0,NA,NA
"4095",2022-08-01,NA,NA,37005,NA,NA,NA,NA,NA,NA,NA,156,0,0,0,NA,NA
"4096",2022-08-01,NA,NA,37011,NA,NA,NA,NA,NA,NA,NA,215,1,0,0,NA,NA
"4097",2022-08-01,NA,NA,37015,NA,NA,NA,NA,NA,NA,NA,266,3,0,0,NA,NA
"4098",2022-08-01,NA,NA,37029,NA,NA,NA,NA,NA,NA,NA,79,0,0,0,NA,NA
"4099",2022-08-01,NA,NA,37041,NA,NA,NA,NA,NA,NA,NA,134,1,0,0,NA,NA
"4100",2022-08-01,NA,NA,37043,NA,NA,NA,NA,NA,NA,NA,166,2,0,1,NA,NA
"4101",2022-08-01,NA,NA,37073,NA,NA,NA,NA,NA,NA,NA,88,1,0,0,NA,NA
"4102",2022-08-01,NA,NA,37075,NA,NA,NA,NA,NA,NA,NA,137,0,0,1,NA,NA
"4103",2022-08-01,NA,NA,37095,NA,NA,NA,NA,NA,NA,NA,61,0,0,0,NA,NA
"4104",2022-08-01,NA,NA,37103,NA,NA,NA,NA,NA,NA,NA,110,4,0,0,NA,NA
"4105",2022-08-01,NA,NA,37121,NA,NA,NA,NA,NA,NA,NA,293,2,2,2,NA,NA
"4106",2022-08-01,NA,NA,37131,NA,NA,NA,NA,NA,NA,NA,289,4,0,1,NA,NA
"4107",2022-08-01,NA,NA,37137,NA,NA,NA,NA,NA,NA,NA,176,4,0,0,NA,NA
"4108",2022-08-01,NA,NA,37143,NA,NA,NA,NA,NA,NA,NA,160,0,0,0,NA,NA
"4109",2022-08-01,NA,NA,37173,NA,NA,NA,NA,NA,NA,NA,268,5,1,1,NA,NA
"4110",2022-08-01,NA,NA,37177,NA,NA,NA,NA,NA,NA,NA,47,0,0,0,NA,NA
"4111",2022-08-01,NA,NA,37185,NA,NA,NA,NA,NA,NA,NA,237,1,0,0,NA,NA
"4112",2022-08-01,NA,NA,37187,NA,NA,NA,NA,NA,NA,NA,198,1,0,0,NA,NA
"4113",2022-08-01,NA,NA,37199,NA,NA,NA,NA,NA,NA,NA,211,4,0,0,NA,NA
"4114",2022-09-01,NA,NA,37005,NA,NA,NA,NA,NA,NA,NA,118,0,0,0,NA,NA
"4115",2022-09-01,NA,NA,37011,NA,NA,NA,NA,NA,NA,NA,84,0,0,1,NA,NA
"4116",2022-09-01,NA,NA,37015,NA,NA,NA,NA,NA,NA,NA,104,1,0,0,NA,NA
"4117",2022-09-01,NA,NA,37029,NA,NA,NA,NA,NA,NA,NA,44,0,0,0,NA,NA
"4118",2022-09-01,NA,NA,37041,NA,NA,NA,NA,NA,NA,NA,83,1,0,1,NA,NA
"4119",2022-09-01,NA,NA,37043,NA,NA,NA,NA,NA,NA,NA,62,0,1,1,NA,NA
"4120",2022-09-01,NA,NA,37073,NA,NA,NA,NA,NA,NA,NA,66,0,0,0,NA,NA
"4121",2022-09-01,NA,NA,37075,NA,NA,NA,NA,NA,NA,NA,127,0,0,0,NA,NA
"4122",2022-09-01,NA,NA,37095,NA,NA,NA,NA,NA,NA,NA,50,0,0,0,NA,NA
"4123",2022-09-01,NA,NA,37103,NA,NA,NA,NA,NA,NA,NA,80,1,0,0,NA,NA
"4124",2022-09-01,NA,NA,37121,NA,NA,NA,NA,NA,NA,NA,105,0,0,0,NA,NA
"4125",2022-09-01,NA,NA,37131,NA,NA,NA,NA,NA,NA,NA,126,0,0,0,NA,NA
"4126",2022-09-01,NA,NA,37137,NA,NA,NA,NA,NA,NA,NA,50,0,1,1,NA,NA
"4127",2022-09-01,NA,NA,37143,NA,NA,NA,NA,NA,NA,NA,64,0,0,0,NA,NA
"4128",2022-09-01,NA,NA,37173,NA,NA,NA,NA,NA,NA,NA,106,0,0,0,NA,NA
"4129",2022-09-01,NA,NA,37177,NA,NA,NA,NA,NA,NA,NA,28,0,0,0,NA,NA
"4130",2022-09-01,NA,NA,37185,NA,NA,NA,NA,NA,NA,NA,133,0,0,0,NA,NA
"4131",2022-09-01,NA,NA,37187,NA,NA,NA,NA,NA,NA,NA,100,0,1,1,NA,NA
"4132",2022-09-01,NA,NA,37199,NA,NA,NA,NA,NA,NA,NA,146,1,0,0,NA,NA
"4133",2022-10-01,NA,NA,37005,NA,NA,NA,NA,NA,NA,NA,52,0,0,0,NA,NA
"4134",2022-10-01,NA,NA,37011,NA,NA,NA,NA,NA,NA,NA,43,1,0,0,NA,NA
"4135",2022-10-01,NA,NA,37015,NA,NA,NA,NA,NA,NA,NA,50,0,0,0,NA,NA
"4136",2022-10-01,NA,NA,37029,NA,NA,NA,NA,NA,NA,NA,20,1,0,0,NA,NA
"4137",2022-10-01,NA,NA,37041,NA,NA,NA,NA,NA,NA,NA,44,0,0,0,NA,NA
"4138",2022-10-01,NA,NA,37043,NA,NA,NA,NA,NA,NA,NA,40,1,0,0,NA,NA
"4139",2022-10-01,NA,NA,37073,NA,NA,NA,NA,NA,NA,NA,30,0,0,0,NA,NA
"4140",2022-10-01,NA,NA,37075,NA,NA,NA,NA,NA,NA,NA,36,0,0,0,NA,NA
"4141",2022-10-01,NA,NA,37095,NA,NA,NA,NA,NA,NA,NA,18,0,0,1,NA,NA
"4142",2022-10-01,NA,NA,37103,NA,NA,NA,NA,NA,NA,NA,58,3,0,0,NA,NA
"4143",2022-10-01,NA,NA,37121,NA,NA,NA,NA,NA,NA,NA,75,0,1,1,NA,NA
"4144",2022-10-01,NA,NA,37131,NA,NA,NA,NA,NA,NA,NA,88,0,0,0,NA,NA
"4145",2022-10-01,NA,NA,37137,NA,NA,NA,NA,NA,NA,NA,47,1,0,0,NA,NA
"4146",2022-10-01,NA,NA,37143,NA,NA,NA,NA,NA,NA,NA,45,0,0,0,NA,NA
"4147",2022-10-01,NA,NA,37173,NA,NA,NA,NA,NA,NA,NA,57,0,0,0,NA,NA
"4148",2022-10-01,NA,NA,37177,NA,NA,NA,NA,NA,NA,NA,8,0,0,0,NA,NA
"4149",2022-10-01,NA,NA,37185,NA,NA,NA,NA,NA,NA,NA,80,0,0,0,NA,NA
"4150",2022-10-01,NA,NA,37187,NA,NA,NA,NA,NA,NA,NA,30,0,0,0,NA,NA
"4151",2022-10-01,NA,NA,37199,NA,NA,NA,NA,NA,NA,NA,53,2,0,0,NA,NA
"4152",2022-11-01,NA,NA,37005,NA,NA,NA,NA,NA,NA,NA,48,1,0,1,NA,NA
"4153",2022-11-01,NA,NA,37011,NA,NA,NA,NA,NA,NA,NA,58,0,1,2,NA,NA
"4154",2022-11-01,NA,NA,37015,NA,NA,NA,NA,NA,NA,NA,70,1,0,0,NA,NA
"4155",2022-11-01,NA,NA,37029,NA,NA,NA,NA,NA,NA,NA,23,0,0,0,NA,NA
"4156",2022-11-01,NA,NA,37041,NA,NA,NA,NA,NA,NA,NA,34,1,0,0,NA,NA
"4157",2022-11-01,NA,NA,37043,NA,NA,NA,NA,NA,NA,NA,48,0,0,0,NA,NA
"4158",2022-11-01,NA,NA,37073,NA,NA,NA,NA,NA,NA,NA,18,0,0,0,NA,NA
"4159",2022-11-01,NA,NA,37075,NA,NA,NA,NA,NA,NA,NA,44,0,0,0,NA,NA
"4160",2022-11-01,NA,NA,37095,NA,NA,NA,NA,NA,NA,NA,14,0,0,0,NA,NA
"4161",2022-11-01,NA,NA,37103,NA,NA,NA,NA,NA,NA,NA,16,0,0,0,NA,NA
"4162",2022-11-01,NA,NA,37121,NA,NA,NA,NA,NA,NA,NA,82,0,1,1,NA,NA
"4163",2022-11-01,NA,NA,37131,NA,NA,NA,NA,NA,NA,NA,87,1,0,0,NA,NA
"4164",2022-11-01,NA,NA,37137,NA,NA,NA,NA,NA,NA,NA,34,0,0,0,NA,NA
"4165",2022-11-01,NA,NA,37143,NA,NA,NA,NA,NA,NA,NA,42,1,0,0,NA,NA
"4166",2022-11-01,NA,NA,37173,NA,NA,NA,NA,NA,NA,NA,104,1,0,0,NA,NA
"4167",2022-11-01,NA,NA,37177,NA,NA,NA,NA,NA,NA,NA,15,0,0,0,NA,NA
"4168",2022-11-01,NA,NA,37185,NA,NA,NA,NA,NA,NA,NA,70,3,0,0,NA,NA
"4169",2022-11-01,NA,NA,37187,NA,NA,NA,NA,NA,NA,NA,20,1,0,0,NA,NA
"4170",2022-11-01,NA,NA,37199,NA,NA,NA,NA,NA,NA,NA,28,2,1,1,NA,NA
"4171",2022-12-01,NA,NA,37005,NA,NA,NA,NA,NA,NA,NA,64,0,0,0,NA,NA
"4172",2022-12-01,NA,NA,37011,NA,NA,NA,NA,NA,NA,NA,46,0,0,0,NA,NA
"4173",2022-12-01,NA,NA,37015,NA,NA,NA,NA,NA,NA,NA,59,1,0,0,NA,NA
"4174",2022-12-01,NA,NA,37029,NA,NA,NA,NA,NA,NA,NA,21,0,0,0,NA,NA
"4175",2022-12-01,NA,NA,37041,NA,NA,NA,NA,NA,NA,NA,46,1,0,0,NA,NA
"4176",2022-12-01,NA,NA,37043,NA,NA,NA,NA,NA,NA,NA,44,0,1,1,NA,NA
"4177",2022-12-01,NA,NA,37073,NA,NA,NA,NA,NA,NA,NA,12,0,0,0,NA,NA
"4178",2022-12-01,NA,NA,37075,NA,NA,NA,NA,NA,NA,NA,18,0,0,0,NA,NA
"4179",2022-12-01,NA,NA,37095,NA,NA,NA,NA,NA,NA,NA,7,1,0,0,NA,NA
"4180",2022-12-01,NA,NA,37103,NA,NA,NA,NA,NA,NA,NA,23,0,0,0,NA,NA
"4181",2022-12-01,NA,NA,37121,NA,NA,NA,NA,NA,NA,NA,48,0,0,0,NA,NA
"4182",2022-12-01,NA,NA,37131,NA,NA,NA,NA,NA,NA,NA,76,2,0,0,NA,NA
"4183",2022-12-01,NA,NA,37137,NA,NA,NA,NA,NA,NA,NA,28,0,0,0,NA,NA
"4184",2022-12-01,NA,NA,37143,NA,NA,NA,NA,NA,NA,NA,49,0,0,0,NA,NA
"4185",2022-12-01,NA,NA,37173,NA,NA,NA,NA,NA,NA,NA,78,0,0,0,NA,NA
"4186",2022-12-01,NA,NA,37177,NA,NA,NA,NA,NA,NA,NA,5,0,0,0,NA,NA
"4187",2022-12-01,NA,NA,37185,NA,NA,NA,NA,NA,NA,NA,72,0,1,1,NA,NA
"4188",2022-12-01,NA,NA,37187,NA,NA,NA,NA,NA,NA,NA,38,0,2,2,NA,NA
"4189",2022-12-01,NA,NA,37199,NA,NA,NA,NA,NA,NA,NA,39,1,0,1,NA,NA
"4190",2023-01-01,NA,NA,37005,NA,NA,NA,NA,NA,NA,NA,107,1,NA,NA,NA,NA
"4191",2023-01-01,NA,NA,37011,NA,NA,NA,NA,NA,NA,NA,82,0,NA,NA,NA,NA
"4192",2023-01-01,NA,NA,37015,NA,NA,NA,NA,NA,NA,NA,160,1,NA,NA,NA,NA
"4193",2023-01-01,NA,NA,37029,NA,NA,NA,NA,NA,NA,NA,49,0,NA,NA,NA,NA
"4194",2023-01-01,NA,NA,37041,NA,NA,NA,NA,NA,NA,NA,219,0,NA,NA,NA,NA
"4195",2023-01-01,NA,NA,37043,NA,NA,NA,NA,NA,NA,NA,183,0,NA,NA,NA,NA
"4196",2023-01-01,NA,NA,37073,NA,NA,NA,NA,NA,NA,NA,65,0,NA,NA,NA,NA
"4197",2023-01-01,NA,NA,37075,NA,NA,NA,NA,NA,NA,NA,90,0,NA,NA,NA,NA
"4198",2023-01-01,NA,NA,37095,NA,NA,NA,NA,NA,NA,NA,34,0,NA,NA,NA,NA
"4199",2023-01-01,NA,NA,37103,NA,NA,NA,NA,NA,NA,NA,105,2,NA,NA,NA,NA
"4200",2023-01-01,NA,NA,37121,NA,NA,NA,NA,NA,NA,NA,131,0,NA,NA,NA,NA
"4201",2023-01-01,NA,NA,37131,NA,NA,NA,NA,NA,NA,NA,212,0,NA,NA,NA,NA
"4202",2023-01-01,NA,NA,37137,NA,NA,NA,NA,NA,NA,NA,85,1,NA,NA,NA,NA
"4203",2023-01-01,NA,NA,37143,NA,NA,NA,NA,NA,NA,NA,111,0,NA,NA,NA,NA
"4204",2023-01-01,NA,NA,37173,NA,NA,NA,NA,NA,NA,NA,202,0,NA,NA,NA,NA
"4205",2023-01-01,NA,NA,37177,NA,NA,NA,NA,NA,NA,NA,16,0,NA,NA,NA,NA
"4206",2023-01-01,NA,NA,37185,NA,NA,NA,NA,NA,NA,NA,209,0,NA,NA,NA,NA
"4207",2023-01-01,NA,NA,37187,NA,NA,NA,NA,NA,NA,NA,116,0,NA,NA,NA,NA
"4208",2023-01-01,NA,NA,37199,NA,NA,NA,NA,NA,NA,NA,72,0,NA,NA,NA,NA
"4209",2023-02-01,NA,NA,37005,NA,NA,NA,NA,NA,NA,NA,68,0,NA,NA,NA,NA
"4210",2023-02-01,NA,NA,37011,NA,NA,NA,NA,NA,NA,NA,61,0,NA,NA,NA,NA
"4211",2023-02-01,NA,NA,37015,NA,NA,NA,NA,NA,NA,NA,87,0,NA,NA,NA,NA
"4212",2023-02-01,NA,NA,37029,NA,NA,NA,NA,NA,NA,NA,30,0,NA,NA,NA,NA
"4213",2023-02-01,NA,NA,37041,NA,NA,NA,NA,NA,NA,NA,150,0,NA,NA,NA,NA
"4214",2023-02-01,NA,NA,37043,NA,NA,NA,NA,NA,NA,NA,56,1,NA,NA,NA,NA
"4215",2023-02-01,NA,NA,37073,NA,NA,NA,NA,NA,NA,NA,82,1,NA,NA,NA,NA
"4216",2023-02-01,NA,NA,37075,NA,NA,NA,NA,NA,NA,NA,35,0,NA,NA,NA,NA
"4217",2023-02-01,NA,NA,37095,NA,NA,NA,NA,NA,NA,NA,25,0,NA,NA,NA,NA
"4218",2023-02-01,NA,NA,37103,NA,NA,NA,NA,NA,NA,NA,44,0,NA,NA,NA,NA
"4219",2023-02-01,NA,NA,37121,NA,NA,NA,NA,NA,NA,NA,60,1,NA,NA,NA,NA
"4220",2023-02-01,NA,NA,37131,NA,NA,NA,NA,NA,NA,NA,104,2,NA,NA,NA,NA
"4221",2023-02-01,NA,NA,37137,NA,NA,NA,NA,NA,NA,NA,63,0,NA,NA,NA,NA
"4222",2023-02-01,NA,NA,37143,NA,NA,NA,NA,NA,NA,NA,67,0,NA,NA,NA,NA
"4223",2023-02-01,NA,NA,37173,NA,NA,NA,NA,NA,NA,NA,66,0,NA,NA,NA,NA
"4224",2023-02-01,NA,NA,37177,NA,NA,NA,NA,NA,NA,NA,40,0,NA,NA,NA,NA
"4225",2023-02-01,NA,NA,37185,NA,NA,NA,NA,NA,NA,NA,127,1,NA,NA,NA,NA
"4226",2023-02-01,NA,NA,37187,NA,NA,NA,NA,NA,NA,NA,81,3,NA,NA,NA,NA
"4227",2023-02-01,NA,NA,37199,NA,NA,NA,NA,NA,NA,NA,41,1,NA,NA,NA,NA
"4228",2023-03-01,NA,NA,37005,NA,NA,NA,NA,NA,NA,NA,14,1,NA,NA,NA,NA
"4229",2023-03-01,NA,NA,37011,NA,NA,NA,NA,NA,NA,NA,8,0,NA,NA,NA,NA
"4230",2023-03-01,NA,NA,37015,NA,NA,NA,NA,NA,NA,NA,21,0,NA,NA,NA,NA
"4231",2023-03-01,NA,NA,37029,NA,NA,NA,NA,NA,NA,NA,9,0,NA,NA,NA,NA
"4232",2023-03-01,NA,NA,37041,NA,NA,NA,NA,NA,NA,NA,24,0,NA,NA,NA,NA
"4233",2023-03-01,NA,NA,37043,NA,NA,NA,NA,NA,NA,NA,14,0,NA,NA,NA,NA
"4234",2023-03-01,NA,NA,37073,NA,NA,NA,NA,NA,NA,NA,7,0,NA,NA,NA,NA
"4235",2023-03-01,NA,NA,37075,NA,NA,NA,NA,NA,NA,NA,5,0,NA,NA,NA,NA
"4236",2023-03-01,NA,NA,37095,NA,NA,NA,NA,NA,NA,NA,4,0,NA,NA,NA,NA
"4237",2023-03-01,NA,NA,37103,NA,NA,NA,NA,NA,NA,NA,8,0,NA,NA,NA,NA
"4238",2023-03-01,NA,NA,37121,NA,NA,NA,NA,NA,NA,NA,14,0,NA,NA,NA,NA
"4239",2023-03-01,NA,NA,37131,NA,NA,NA,NA,NA,NA,NA,39,1,NA,NA,NA,NA
"4240",2023-03-01,NA,NA,37137,NA,NA,NA,NA,NA,NA,NA,12,0,NA,NA,NA,NA
"4241",2023-03-01,NA,NA,37143,NA,NA,NA,NA,NA,NA,NA,20,0,NA,NA,NA,NA
"4242",2023-03-01,NA,NA,37173,NA,NA,NA,NA,NA,NA,NA,34,0,NA,NA,NA,NA
"4243",2023-03-01,NA,NA,37177,NA,NA,NA,NA,NA,NA,NA,2,1,NA,NA,NA,NA
"4244",2023-03-01,NA,NA,37185,NA,NA,NA,NA,NA,NA,NA,36,0,NA,NA,NA,NA
"4245",2023-03-01,NA,NA,37187,NA,NA,NA,NA,NA,NA,NA,5,1,NA,NA,NA,NA
"4246",2023-03-01,NA,NA,37199,NA,NA,NA,NA,NA,NA,NA,12,0,NA,NA,NA,NA
"4247",2020-03-01,NA,"ALEXANDER",NA,NA,NA,NA,NA,NA,NA,NA,NA,NA,NA,NA,NA,0
"4248",2020-04-01,NA,"ALEXANDER",NA,NA,NA,NA,NA,NA,NA,NA,NA,NA,NA,NA,NA,0
"4249",2020-03-01,NA,"ALLEGHANY",NA,NA,NA,NA,NA,NA,NA,NA,NA,NA,NA,NA,NA,0
"4250",2020-04-01,NA,"ALLEGHANY",NA,NA,NA,NA,NA,NA,NA,NA,NA,NA,NA,NA,NA,0
"4251",2020-05-01,NA,"ALLEGHANY",NA,NA,NA,NA,NA,NA,NA,NA,NA,NA,NA,NA,NA,0
"4252",2020-06-01,NA,"ALLEGHANY",NA,NA,NA,NA,NA,NA,NA,NA,NA,NA,NA,NA,0,0
"4253",2020-07-01,NA,"ALLEGHANY",NA,NA,NA,NA,NA,NA,NA,NA,NA,NA,NA,NA,0,0
"4254",2020-08-01,NA,"ALLEGHANY",NA,NA,NA,NA,NA,NA,NA,NA,NA,NA,NA,NA,0,0
"4255",2020-09-01,NA,"ALLEGHANY",NA,NA,NA,NA,NA,NA,NA,NA,NA,NA,NA,NA,0,0
"4256",2020-10-01,NA,"ALLEGHANY",NA,NA,NA,NA,NA,NA,NA,NA,NA,NA,NA,NA,6,1
"4257",2020-11-01,NA,"ALLEGHANY",NA,NA,NA,NA,NA,NA,NA,NA,NA,NA,NA,NA,1,1
"4258",2020-12-01,NA,"ALLEGHANY",NA,NA,NA,NA,NA,NA,NA,NA,NA,NA,NA,NA,0,2
"4259",2021-01-01,NA,"ALLEGHANY",NA,NA,NA,NA,NA,NA,NA,NA,NA,NA,NA,NA,14,0
"4260",2021-02-01,NA,"ALLEGHANY",NA,NA,NA,NA,NA,NA,NA,NA,NA,NA,NA,NA,8,1
"4261",2021-03-01,NA,"ALLEGHANY",NA,NA,NA,NA,NA,NA,NA,NA,NA,NA,NA,NA,0,0
"4262",2021-04-01,NA,"ALLEGHANY",NA,NA,NA,NA,NA,NA,NA,NA,NA,NA,NA,NA,0,0
"4263",2021-05-01,NA,"ALLEGHANY",NA,NA,NA,NA,NA,NA,NA,NA,NA,NA,NA,NA,1,0
"4264",2021-06-01,NA,"ALLEGHANY",NA,NA,NA,NA,NA,NA,NA,NA,NA,NA,NA,NA,3,0
"4265",2021-07-01,NA,"ALLEGHANY",NA,NA,NA,NA,NA,NA,NA,NA,NA,NA,NA,NA,0,0
"4266",2021-08-01,NA,"ALLEGHANY",NA,NA,NA,NA,NA,NA,NA,NA,NA,NA,NA,NA,3,1
"4267",2021-09-01,NA,"ALLEGHANY",NA,NA,NA,NA,NA,NA,NA,NA,NA,NA,NA,NA,25,1
"4268",2021-10-01,NA,"ALLEGHANY",NA,NA,NA,NA,NA,NA,NA,NA,NA,NA,NA,NA,5,0
"4269",2021-11-01,NA,"ALLEGHANY",NA,NA,NA,NA,NA,NA,NA,NA,NA,NA,NA,NA,28,0
"4270",2021-12-01,NA,"ALLEGHANY",NA,NA,NA,NA,NA,NA,NA,NA,NA,NA,NA,NA,68,4
"4271",2022-01-01,NA,"ALLEGHANY",NA,NA,NA,NA,NA,NA,NA,NA,NA,NA,NA,NA,48,3
"4272",2022-02-01,NA,"ALLEGHANY",NA,NA,NA,NA,NA,NA,NA,NA,NA,NA,NA,NA,54,2
"4273",2022-03-01,NA,"ALLEGHANY",NA,NA,NA,NA,NA,NA,NA,NA,NA,NA,NA,NA,4,1
"4274",2022-04-01,NA,"ALLEGHANY",NA,NA,NA,NA,NA,NA,NA,NA,NA,NA,NA,NA,0,0
"4275",2022-05-01,NA,"ALLEGHANY",NA,NA,NA,NA,NA,NA,NA,NA,NA,NA,NA,NA,9,1
"4276",2022-06-01,NA,"ALLEGHANY",NA,NA,NA,NA,NA,NA,NA,NA,NA,NA,NA,NA,12,0
"4277",2022-07-01,NA,"ALLEGHANY",NA,NA,NA,NA,NA,NA,NA,NA,NA,NA,NA,NA,7,0
"4278",2022-08-01,NA,"ALLEGHANY",NA,NA,NA,NA,NA,NA,NA,NA,NA,NA,NA,NA,0,0
"4279",2022-09-01,NA,"ALLEGHANY",NA,NA,NA,NA,NA,NA,NA,NA,NA,NA,NA,NA,0,0
"4280",2022-10-01,NA,"ALLEGHANY",NA,NA,NA,NA,NA,NA,NA,NA,NA,NA,NA,NA,10,1
"4281",2022-11-01,NA,"ALLEGHANY",NA,NA,NA,NA,NA,NA,NA,NA,NA,NA,NA,NA,5,0
"4282",2022-12-01,NA,"ALLEGHANY",NA,NA,NA,NA,NA,NA,NA,NA,NA,NA,NA,NA,36,0
"4283",2023-01-01,NA,"ALLEGHANY",NA,NA,NA,NA,NA,NA,NA,NA,NA,NA,NA,NA,0,2
"4284",2023-02-01,NA,"ALLEGHANY",NA,NA,NA,NA,NA,NA,NA,NA,NA,NA,NA,NA,0,1
"4285",2023-03-01,NA,"ALLEGHANY",NA,NA,NA,NA,NA,NA,NA,NA,NA,NA,NA,NA,1,0
"4286",2023-04-01,NA,"ALLEGHANY",NA,NA,NA,NA,NA,NA,NA,NA,NA,NA,NA,NA,10,1
"4287",2023-05-01,NA,"ALLEGHANY",NA,NA,NA,NA,NA,NA,NA,NA,NA,NA,NA,NA,2,0
"4288",2020-03-01,NA,"ANSON",NA,NA,NA,NA,NA,NA,NA,NA,NA,NA,NA,NA,NA,0
"4289",2022-04-01,NA,"ANSON",NA,NA,NA,NA,NA,NA,NA,NA,NA,NA,NA,NA,0,0
"4290",2020-03-01,NA,"ASHE",NA,NA,NA,NA,NA,NA,NA,NA,NA,NA,NA,NA,NA,0
"4291",2020-04-01,NA,"ASHE",NA,NA,NA,NA,NA,NA,NA,NA,NA,NA,NA,NA,NA,0
"4292",2023-05-01,NA,"ASHE",NA,NA,NA,NA,NA,NA,NA,NA,NA,NA,NA,NA,1,0
"4293",2020-03-01,NA,"AVERY",NA,NA,NA,NA,NA,NA,NA,NA,NA,NA,NA,NA,NA,0
"4294",2020-04-01,NA,"AVERY",NA,NA,NA,NA,NA,NA,NA,NA,NA,NA,NA,NA,NA,0
"4295",2020-05-01,NA,"AVERY",NA,NA,NA,NA,NA,NA,NA,NA,NA,NA,NA,NA,NA,0
"4296",2020-06-01,NA,"AVERY",NA,NA,NA,NA,NA,NA,NA,NA,NA,NA,NA,NA,0,0
"4297",2020-07-01,NA,"AVERY",NA,NA,NA,NA,NA,NA,NA,NA,NA,NA,NA,NA,0,0
"4298",2020-08-01,NA,"AVERY",NA,NA,NA,NA,NA,NA,NA,NA,NA,NA,NA,NA,0,0
"4299",2020-09-01,NA,"AVERY",NA,NA,NA,NA,NA,NA,NA,NA,NA,NA,NA,NA,0,0
"4300",2020-10-01,NA,"AVERY",NA,NA,NA,NA,NA,NA,NA,NA,NA,NA,NA,NA,0,1
"4301",2020-11-01,NA,"AVERY",NA,NA,NA,NA,NA,NA,NA,NA,NA,NA,NA,NA,0,7
"4302",2020-12-01,NA,"AVERY",NA,NA,NA,NA,NA,NA,NA,NA,NA,NA,NA,NA,0,7
"4303",2021-01-01,NA,"AVERY",NA,NA,NA,NA,NA,NA,NA,NA,NA,NA,NA,NA,0,2
"4304",2021-02-01,NA,"AVERY",NA,NA,NA,NA,NA,NA,NA,NA,NA,NA,NA,NA,0,4
"4305",2021-03-01,NA,"AVERY",NA,NA,NA,NA,NA,NA,NA,NA,NA,NA,NA,NA,0,0
"4306",2021-04-01,NA,"AVERY",NA,NA,NA,NA,NA,NA,NA,NA,NA,NA,NA,NA,0,0
"4307",2021-05-01,NA,"AVERY",NA,NA,NA,NA,NA,NA,NA,NA,NA,NA,NA,NA,0,0
"4308",2021-06-01,NA,"AVERY",NA,NA,NA,NA,NA,NA,NA,NA,NA,NA,NA,NA,0,0
"4309",2021-07-01,NA,"AVERY",NA,NA,NA,NA,NA,NA,NA,NA,NA,NA,NA,NA,0,0
"4310",2021-08-01,NA,"AVERY",NA,NA,NA,NA,NA,NA,NA,NA,NA,NA,NA,NA,0,2
"4311",2021-09-01,NA,"AVERY",NA,NA,NA,NA,NA,NA,NA,NA,NA,NA,NA,NA,0,11
"4312",2021-10-01,NA,"AVERY",NA,NA,NA,NA,NA,NA,NA,NA,NA,NA,NA,NA,0,3
"4313",2021-11-01,NA,"AVERY",NA,NA,NA,NA,NA,NA,NA,NA,NA,NA,NA,NA,0,2
"4314",2021-12-01,NA,"AVERY",NA,NA,NA,NA,NA,NA,NA,NA,NA,NA,NA,NA,0,0
"4315",2022-01-01,NA,"AVERY",NA,NA,NA,NA,NA,NA,NA,NA,NA,NA,NA,NA,0,0
"4316",2022-02-01,NA,"AVERY",NA,NA,NA,NA,NA,NA,NA,NA,NA,NA,NA,NA,0,2
"4317",2022-03-01,NA,"AVERY",NA,NA,NA,NA,NA,NA,NA,NA,NA,NA,NA,NA,0,3
"4318",2022-04-01,NA,"AVERY",NA,NA,NA,NA,NA,NA,NA,NA,NA,NA,NA,NA,0,1
"4319",2022-05-01,NA,"AVERY",NA,NA,NA,NA,NA,NA,NA,NA,NA,NA,NA,NA,0,0
"4320",2022-06-01,NA,"AVERY",NA,NA,NA,NA,NA,NA,NA,NA,NA,NA,NA,NA,0,0
"4321",2022-07-01,NA,"AVERY",NA,NA,NA,NA,NA,NA,NA,NA,NA,NA,NA,NA,0,0
"4322",2022-08-01,NA,"AVERY",NA,NA,NA,NA,NA,NA,NA,NA,NA,NA,NA,NA,0,2
"4323",2022-09-01,NA,"AVERY",NA,NA,NA,NA,NA,NA,NA,NA,NA,NA,NA,NA,0,1
"4324",2022-10-01,NA,"AVERY",NA,NA,NA,NA,NA,NA,NA,NA,NA,NA,NA,NA,0,0
"4325",2022-11-01,NA,"AVERY",NA,NA,NA,NA,NA,NA,NA,NA,NA,NA,NA,NA,0,0
"4326",2022-12-01,NA,"AVERY",NA,NA,NA,NA,NA,NA,NA,NA,NA,NA,NA,NA,3,0
"4327",2023-01-01,NA,"AVERY",NA,NA,NA,NA,NA,NA,NA,NA,NA,NA,NA,NA,4,1
"4328",2023-02-01,NA,"AVERY",NA,NA,NA,NA,NA,NA,NA,NA,NA,NA,NA,NA,1,0
"4329",2023-03-01,NA,"AVERY",NA,NA,NA,NA,NA,NA,NA,NA,NA,NA,NA,NA,2,0
"4330",2023-04-01,NA,"AVERY",NA,NA,NA,NA,NA,NA,NA,NA,NA,NA,NA,NA,1,0
"4331",2023-05-01,NA,"AVERY",NA,NA,NA,NA,NA,NA,NA,NA,NA,NA,NA,NA,5,0
"4332",2020-03-01,NA,"BERTIE",NA,NA,NA,NA,NA,NA,NA,NA,NA,NA,NA,NA,NA,0
"4333",2020-04-01,NA,"BERTIE",NA,NA,NA,NA,NA,NA,NA,NA,NA,NA,NA,NA,NA,2
"4334",2020-05-01,NA,"BERTIE",NA,NA,NA,NA,NA,NA,NA,NA,NA,NA,NA,NA,NA,2
"4335",2020-06-01,NA,"BERTIE",NA,NA,NA,NA,NA,NA,NA,NA,NA,NA,NA,NA,0,0
"4336",2020-07-01,NA,"BERTIE",NA,NA,NA,NA,NA,NA,NA,NA,NA,NA,NA,NA,0,1
"4337",2020-08-01,NA,"BERTIE",NA,NA,NA,NA,NA,NA,NA,NA,NA,NA,NA,NA,7,1
"4338",2020-09-01,NA,"BERTIE",NA,NA,NA,NA,NA,NA,NA,NA,NA,NA,NA,NA,2,7
"4339",2020-10-01,NA,"BERTIE",NA,NA,NA,NA,NA,NA,NA,NA,NA,NA,NA,NA,0,10
"4340",2020-11-01,NA,"BERTIE",NA,NA,NA,NA,NA,NA,NA,NA,NA,NA,NA,NA,0,4
"4341",2020-12-01,NA,"BERTIE",NA,NA,NA,NA,NA,NA,NA,NA,NA,NA,NA,NA,0,4
"4342",2021-01-01,NA,"BERTIE",NA,NA,NA,NA,NA,NA,NA,NA,NA,NA,NA,NA,0,9
"4343",2021-02-01,NA,"BERTIE",NA,NA,NA,NA,NA,NA,NA,NA,NA,NA,NA,NA,0,3
"4344",2021-03-01,NA,"BERTIE",NA,NA,NA,NA,NA,NA,NA,NA,NA,NA,NA,NA,0,1
"4345",2021-04-01,NA,"BERTIE",NA,NA,NA,NA,NA,NA,NA,NA,NA,NA,NA,NA,0,0
"4346",2021-05-01,NA,"BERTIE",NA,NA,NA,NA,NA,NA,NA,NA,NA,NA,NA,NA,0,1
"4347",2021-06-01,NA,"BERTIE",NA,NA,NA,NA,NA,NA,NA,NA,NA,NA,NA,NA,0,0
"4348",2021-07-01,NA,"BERTIE",NA,NA,NA,NA,NA,NA,NA,NA,NA,NA,NA,NA,0,0
"4349",2021-08-01,NA,"BERTIE",NA,NA,NA,NA,NA,NA,NA,NA,NA,NA,NA,NA,0,1
"4350",2021-09-01,NA,"BERTIE",NA,NA,NA,NA,NA,NA,NA,NA,NA,NA,NA,NA,0,3
"4351",2021-10-01,NA,"BERTIE",NA,NA,NA,NA,NA,NA,NA,NA,NA,NA,NA,NA,0,3
"4352",2021-11-01,NA,"BERTIE",NA,NA,NA,NA,NA,NA,NA,NA,NA,NA,NA,NA,0,1
"4353",2021-12-01,NA,"BERTIE",NA,NA,NA,NA,NA,NA,NA,NA,NA,NA,NA,NA,0,1
"4354",2022-01-01,NA,"BERTIE",NA,NA,NA,NA,NA,NA,NA,NA,NA,NA,NA,NA,1,12
"4355",2022-02-01,NA,"BERTIE",NA,NA,NA,NA,NA,NA,NA,NA,NA,NA,NA,NA,0,1
"4356",2022-03-01,NA,"BERTIE",NA,NA,NA,NA,NA,NA,NA,NA,NA,NA,NA,NA,0,2
"4357",2022-04-01,NA,"BERTIE",NA,NA,NA,NA,NA,NA,NA,NA,NA,NA,NA,NA,0,0
"4358",2022-05-01,NA,"BERTIE",NA,NA,NA,NA,NA,NA,NA,NA,NA,NA,NA,NA,0,0
"4359",2022-06-01,NA,"BERTIE",NA,NA,NA,NA,NA,NA,NA,NA,NA,NA,NA,NA,0,4
"4360",2022-07-01,NA,"BERTIE",NA,NA,NA,NA,NA,NA,NA,NA,NA,NA,NA,NA,0,2
"4361",2022-08-01,NA,"BERTIE",NA,NA,NA,NA,NA,NA,NA,NA,NA,NA,NA,NA,0,1
"4362",2022-09-01,NA,"BERTIE",NA,NA,NA,NA,NA,NA,NA,NA,NA,NA,NA,NA,0,0
"4363",2022-10-01,NA,"BERTIE",NA,NA,NA,NA,NA,NA,NA,NA,NA,NA,NA,NA,0,1
"4364",2022-11-01,NA,"BERTIE",NA,NA,NA,NA,NA,NA,NA,NA,NA,NA,NA,NA,0,0
"4365",2022-12-01,NA,"BERTIE",NA,NA,NA,NA,NA,NA,NA,NA,NA,NA,NA,NA,1,1
"4366",2023-01-01,NA,"BERTIE",NA,NA,NA,NA,NA,NA,NA,NA,NA,NA,NA,NA,0,0
"4367",2023-02-01,NA,"BERTIE",NA,NA,NA,NA,NA,NA,NA,NA,NA,NA,NA,NA,0,0
"4368",2023-03-01,NA,"BERTIE",NA,NA,NA,NA,NA,NA,NA,NA,NA,NA,NA,NA,0,0
"4369",2023-04-01,NA,"BERTIE",NA,NA,NA,NA,NA,NA,NA,NA,NA,NA,NA,NA,0,0
"4370",2023-05-01,NA,"BERTIE",NA,NA,NA,NA,NA,NA,NA,NA,NA,NA,NA,NA,0,0
"4371",2020-03-01,NA,"BLADEN",NA,NA,NA,NA,NA,NA,NA,NA,NA,NA,NA,NA,NA,0
"4372",2020-03-01,NA,"CAMDEN",NA,NA,NA,NA,NA,NA,NA,NA,NA,NA,NA,NA,NA,0
"4373",2020-04-01,NA,"CAMDEN",NA,NA,NA,NA,NA,NA,NA,NA,NA,NA,NA,NA,NA,0
"4374",2020-05-01,NA,"CAMDEN",NA,NA,NA,NA,NA,NA,NA,NA,NA,NA,NA,NA,NA,0
"4375",2020-06-01,NA,"CAMDEN",NA,NA,NA,NA,NA,NA,NA,NA,NA,NA,NA,NA,NA,0
"4376",2020-07-01,NA,"CAMDEN",NA,NA,NA,NA,NA,NA,NA,NA,NA,NA,NA,NA,NA,2
"4377",2020-08-01,NA,"CAMDEN",NA,NA,NA,NA,NA,NA,NA,NA,NA,NA,NA,NA,NA,1
"4378",2020-03-01,NA,"CASWELL",NA,NA,NA,NA,NA,NA,NA,NA,NA,NA,NA,NA,NA,0
"4379",2020-05-01,NA,"CHEROKEE",NA,NA,NA,NA,NA,NA,NA,NA,NA,NA,NA,NA,NA,0
"4380",2020-03-01,NA,"CHOWAN",NA,NA,NA,NA,NA,NA,NA,NA,NA,NA,NA,NA,NA,0
"4381",2020-04-01,NA,"CHOWAN",NA,NA,NA,NA,NA,NA,NA,NA,NA,NA,NA,NA,NA,0
"4382",2020-05-01,NA,"CHOWAN",NA,NA,NA,NA,NA,NA,NA,NA,NA,NA,NA,NA,NA,0
"4383",2020-06-01,NA,"CHOWAN",NA,NA,NA,NA,NA,NA,NA,NA,NA,NA,NA,NA,3,0
"4384",2020-07-01,NA,"CHOWAN",NA,NA,NA,NA,NA,NA,NA,NA,NA,NA,NA,NA,21,1
"4385",2020-08-01,NA,"CHOWAN",NA,NA,NA,NA,NA,NA,NA,NA,NA,NA,NA,NA,58,1
"4386",2020-09-01,NA,"CHOWAN",NA,NA,NA,NA,NA,NA,NA,NA,NA,NA,NA,NA,23,3
"4387",2020-10-01,NA,"CHOWAN",NA,NA,NA,NA,NA,NA,NA,NA,NA,NA,NA,NA,30,13
"4388",2020-11-01,NA,"CHOWAN",NA,NA,NA,NA,NA,NA,NA,NA,NA,NA,NA,NA,23,3
"4389",2020-12-01,NA,"CHOWAN",NA,NA,NA,NA,NA,NA,NA,NA,NA,NA,NA,NA,39,6
"4390",2021-01-01,NA,"CHOWAN",NA,NA,NA,NA,NA,NA,NA,NA,NA,NA,NA,NA,37,8
"4391",2021-02-01,NA,"CHOWAN",NA,NA,NA,NA,NA,NA,NA,NA,NA,NA,NA,NA,26,1
"4392",2021-03-01,NA,"CHOWAN",NA,NA,NA,NA,NA,NA,NA,NA,NA,NA,NA,NA,6,1
"4393",2021-04-01,NA,"CHOWAN",NA,NA,NA,NA,NA,NA,NA,NA,NA,NA,NA,NA,7,0
"4394",2021-05-01,NA,"CHOWAN",NA,NA,NA,NA,NA,NA,NA,NA,NA,NA,NA,NA,6,1
"4395",2021-06-01,NA,"CHOWAN",NA,NA,NA,NA,NA,NA,NA,NA,NA,NA,NA,NA,3,0
"4396",2021-07-01,NA,"CHOWAN",NA,NA,NA,NA,NA,NA,NA,NA,NA,NA,NA,NA,1,0
"4397",2021-08-01,NA,"CHOWAN",NA,NA,NA,NA,NA,NA,NA,NA,NA,NA,NA,NA,46,2
"4398",2021-09-01,NA,"CHOWAN",NA,NA,NA,NA,NA,NA,NA,NA,NA,NA,NA,NA,12,2
"4399",2021-10-01,NA,"CHOWAN",NA,NA,NA,NA,NA,NA,NA,NA,NA,NA,NA,NA,10,2
"4400",2021-11-01,NA,"CHOWAN",NA,NA,NA,NA,NA,NA,NA,NA,NA,NA,NA,NA,7,3
"4401",2021-12-01,NA,"CHOWAN",NA,NA,NA,NA,NA,NA,NA,NA,NA,NA,NA,NA,8,1
"4402",2022-01-01,NA,"CHOWAN",NA,NA,NA,NA,NA,NA,NA,NA,NA,NA,NA,NA,45,9
"4403",2022-02-01,NA,"CHOWAN",NA,NA,NA,NA,NA,NA,NA,NA,NA,NA,NA,NA,15,6
"4404",2022-03-01,NA,"CHOWAN",NA,NA,NA,NA,NA,NA,NA,NA,NA,NA,NA,NA,4,2
"4405",2022-04-01,NA,"CHOWAN",NA,NA,NA,NA,NA,NA,NA,NA,NA,NA,NA,NA,0,0
"4406",2022-05-01,NA,"CHOWAN",NA,NA,NA,NA,NA,NA,NA,NA,NA,NA,NA,NA,9,0
"4407",2022-06-01,NA,"CHOWAN",NA,NA,NA,NA,NA,NA,NA,NA,NA,NA,NA,NA,8,0
"4408",2022-07-01,NA,"CHOWAN",NA,NA,NA,NA,NA,NA,NA,NA,NA,NA,NA,NA,21,0
"4409",2022-08-01,NA,"CHOWAN",NA,NA,NA,NA,NA,NA,NA,NA,NA,NA,NA,NA,11,0
"4410",2022-09-01,NA,"CHOWAN",NA,NA,NA,NA,NA,NA,NA,NA,NA,NA,NA,NA,7,1
"4411",2022-10-01,NA,"CHOWAN",NA,NA,NA,NA,NA,NA,NA,NA,NA,NA,NA,NA,3,0
"4412",2022-11-01,NA,"CHOWAN",NA,NA,NA,NA,NA,NA,NA,NA,NA,NA,NA,NA,2,0
"4413",2022-12-01,NA,"CHOWAN",NA,NA,NA,NA,NA,NA,NA,NA,NA,NA,NA,NA,11,0
"4414",2023-01-01,NA,"CHOWAN",NA,NA,NA,NA,NA,NA,NA,NA,NA,NA,NA,NA,9,0
"4415",2023-02-01,NA,"CHOWAN",NA,NA,NA,NA,NA,NA,NA,NA,NA,NA,NA,NA,11,0
"4416",2023-03-01,NA,"CHOWAN",NA,NA,NA,NA,NA,NA,NA,NA,NA,NA,NA,NA,4,0
"4417",2023-04-01,NA,"CHOWAN",NA,NA,NA,NA,NA,NA,NA,NA,NA,NA,NA,NA,1,1
"4418",2023-05-01,NA,"CHOWAN",NA,NA,NA,NA,NA,NA,NA,NA,NA,NA,NA,NA,1,0
"4419",2020-03-01,NA,"CLAY",NA,NA,NA,NA,NA,NA,NA,NA,NA,NA,NA,NA,NA,0
"4420",2020-04-01,NA,"CLAY",NA,NA,NA,NA,NA,NA,NA,NA,NA,NA,NA,NA,NA,0
"4421",2020-05-01,NA,"CLAY",NA,NA,NA,NA,NA,NA,NA,NA,NA,NA,NA,NA,NA,0
"4422",2020-06-01,NA,"CLAY",NA,NA,NA,NA,NA,NA,NA,NA,NA,NA,NA,NA,NA,0
"4423",2020-07-01,NA,"CLAY",NA,NA,NA,NA,NA,NA,NA,NA,NA,NA,NA,NA,NA,0
"4424",2020-08-01,NA,"CLAY",NA,NA,NA,NA,NA,NA,NA,NA,NA,NA,NA,NA,NA,3
"4425",2020-03-01,NA,"CURRITUCK",NA,NA,NA,NA,NA,NA,NA,NA,NA,NA,NA,NA,NA,0
"4426",2020-04-01,NA,"CURRITUCK",NA,NA,NA,NA,NA,NA,NA,NA,NA,NA,NA,NA,NA,0
"4427",2020-05-01,NA,"CURRITUCK",NA,NA,NA,NA,NA,NA,NA,NA,NA,NA,NA,NA,NA,0
"4428",2020-03-01,NA,"DARE",NA,NA,NA,NA,NA,NA,NA,NA,NA,NA,NA,NA,NA,0
"4429",2020-05-01,NA,"DARE",NA,NA,NA,NA,NA,NA,NA,NA,NA,NA,NA,NA,NA,0
"4430",2020-03-01,NA,"DUPLIN",NA,NA,NA,NA,NA,NA,NA,NA,NA,NA,NA,NA,NA,0
"4431",2020-03-01,NA,"GATES",NA,NA,NA,NA,NA,NA,NA,NA,NA,NA,NA,NA,NA,0
"4432",2020-04-01,NA,"GATES",NA,NA,NA,NA,NA,NA,NA,NA,NA,NA,NA,NA,NA,0
"4433",2020-05-01,NA,"GATES",NA,NA,NA,NA,NA,NA,NA,NA,NA,NA,NA,NA,NA,1
"4434",2020-06-01,NA,"GATES",NA,NA,NA,NA,NA,NA,NA,NA,NA,NA,NA,NA,NA,1
"4435",2020-07-01,NA,"GATES",NA,NA,NA,NA,NA,NA,NA,NA,NA,NA,NA,NA,NA,0
"4436",2020-08-01,NA,"GATES",NA,NA,NA,NA,NA,NA,NA,NA,NA,NA,NA,NA,NA,1
"4437",2020-03-01,NA,"GRAHAM",NA,NA,NA,NA,NA,NA,NA,NA,NA,NA,NA,NA,NA,0
"4438",2020-04-01,NA,"GRAHAM",NA,NA,NA,NA,NA,NA,NA,NA,NA,NA,NA,NA,NA,0
"4439",2020-05-01,NA,"GRAHAM",NA,NA,NA,NA,NA,NA,NA,NA,NA,NA,NA,NA,NA,0
"4440",2020-06-01,NA,"GRAHAM",NA,NA,NA,NA,NA,NA,NA,NA,NA,NA,NA,NA,NA,0
"4441",2020-07-01,NA,"GRAHAM",NA,NA,NA,NA,NA,NA,NA,NA,NA,NA,NA,NA,NA,0
"4442",2020-08-01,NA,"GRAHAM",NA,NA,NA,NA,NA,NA,NA,NA,NA,NA,NA,NA,NA,0
"4443",2020-03-01,NA,"GREENE",NA,NA,NA,NA,NA,NA,NA,NA,NA,NA,NA,NA,NA,0
"4444",2020-03-01,NA,"HAYWOOD",NA,NA,NA,NA,NA,NA,NA,NA,NA,NA,NA,NA,NA,0
"4445",2020-03-01,NA,"HERTFORD",NA,NA,NA,NA,NA,NA,NA,NA,NA,NA,NA,NA,NA,0
"4446",2023-04-01,NA,"HERTFORD",NA,NA,NA,NA,NA,NA,NA,NA,NA,NA,NA,NA,1,0
"4447",2020-03-01,NA,"HYDE",NA,NA,NA,NA,NA,NA,NA,NA,NA,NA,NA,NA,NA,0
"4448",2020-04-01,NA,"HYDE",NA,NA,NA,NA,NA,NA,NA,NA,NA,NA,NA,NA,NA,0
"4449",2020-05-01,NA,"HYDE",NA,NA,NA,NA,NA,NA,NA,NA,NA,NA,NA,NA,NA,0
"4450",2020-06-01,NA,"HYDE",NA,NA,NA,NA,NA,NA,NA,NA,NA,NA,NA,NA,NA,0
"4451",2020-07-01,NA,"HYDE",NA,NA,NA,NA,NA,NA,NA,NA,NA,NA,NA,NA,NA,0
"4452",2020-08-01,NA,"HYDE",NA,NA,NA,NA,NA,NA,NA,NA,NA,NA,NA,NA,NA,2
"4453",2020-03-01,NA,"JACKSON",NA,NA,NA,NA,NA,NA,NA,NA,NA,NA,NA,NA,NA,0
"4454",2020-03-01,NA,"JONES",NA,NA,NA,NA,NA,NA,NA,NA,NA,NA,NA,NA,NA,0
"4455",2020-04-01,NA,"JONES",NA,NA,NA,NA,NA,NA,NA,NA,NA,NA,NA,NA,NA,2
"4456",2020-05-01,NA,"JONES",NA,NA,NA,NA,NA,NA,NA,NA,NA,NA,NA,NA,NA,1
"4457",2020-06-01,NA,"JONES",NA,NA,NA,NA,NA,NA,NA,NA,NA,NA,NA,NA,NA,0
"4458",2020-07-01,NA,"JONES",NA,NA,NA,NA,NA,NA,NA,NA,NA,NA,NA,NA,NA,0
"4459",2020-08-01,NA,"JONES",NA,NA,NA,NA,NA,NA,NA,NA,NA,NA,NA,NA,NA,12
"4460",2020-03-01,NA,"LEE",NA,NA,NA,NA,NA,NA,NA,NA,NA,NA,NA,NA,NA,0
"4461",2020-03-01,NA,"MACON",NA,NA,NA,NA,NA,NA,NA,NA,NA,NA,NA,NA,NA,0
"4462",2020-04-01,NA,"MACON",NA,NA,NA,NA,NA,NA,NA,NA,NA,NA,NA,NA,NA,1
"4463",2020-03-01,NA,"MADISON",NA,NA,NA,NA,NA,NA,NA,NA,NA,NA,NA,NA,NA,0
"4464",2020-04-01,NA,"MADISON",NA,NA,NA,NA,NA,NA,NA,NA,NA,NA,NA,NA,NA,0
"4465",2020-05-01,NA,"MADISON",NA,NA,NA,NA,NA,NA,NA,NA,NA,NA,NA,NA,NA,0
"4466",2020-03-01,NA,"MARTIN",NA,NA,NA,NA,NA,NA,NA,NA,NA,NA,NA,NA,NA,0
"4467",2023-04-01,NA,"MARTIN",NA,NA,NA,NA,NA,NA,NA,NA,NA,NA,NA,NA,1,0
"4468",2023-05-01,NA,"MARTIN",NA,NA,NA,NA,NA,NA,NA,NA,NA,NA,NA,NA,1,0
"4469",2020-03-01,NA,"MITCHELL",NA,NA,NA,NA,NA,NA,NA,NA,NA,NA,NA,NA,NA,0
"4470",2020-04-01,NA,"MITCHELL",NA,NA,NA,NA,NA,NA,NA,NA,NA,NA,NA,NA,NA,0
"4471",2020-05-01,NA,"MITCHELL",NA,NA,NA,NA,NA,NA,NA,NA,NA,NA,NA,NA,NA,0
"4472",2020-06-01,NA,"MITCHELL",NA,NA,NA,NA,NA,NA,NA,NA,NA,NA,NA,NA,1,0
"4473",2020-07-01,NA,"MITCHELL",NA,NA,NA,NA,NA,NA,NA,NA,NA,NA,NA,NA,4,2
"4474",2020-08-01,NA,"MITCHELL",NA,NA,NA,NA,NA,NA,NA,NA,NA,NA,NA,NA,9,1
"4475",2020-09-01,NA,"MITCHELL",NA,NA,NA,NA,NA,NA,NA,NA,NA,NA,NA,NA,11,0
"4476",2020-10-01,NA,"MITCHELL",NA,NA,NA,NA,NA,NA,NA,NA,NA,NA,NA,NA,11,1
"4477",2020-11-01,NA,"MITCHELL",NA,NA,NA,NA,NA,NA,NA,NA,NA,NA,NA,NA,18,8
"4478",2020-12-01,NA,"MITCHELL",NA,NA,NA,NA,NA,NA,NA,NA,NA,NA,NA,NA,49,3
"4479",2021-01-01,NA,"MITCHELL",NA,NA,NA,NA,NA,NA,NA,NA,NA,NA,NA,NA,26,2
"4480",2021-02-01,NA,"MITCHELL",NA,NA,NA,NA,NA,NA,NA,NA,NA,NA,NA,NA,8,1
"4481",2021-03-01,NA,"MITCHELL",NA,NA,NA,NA,NA,NA,NA,NA,NA,NA,NA,NA,4,0
"4482",2021-04-01,NA,"MITCHELL",NA,NA,NA,NA,NA,NA,NA,NA,NA,NA,NA,NA,16,0
"4483",2021-05-01,NA,"MITCHELL",NA,NA,NA,NA,NA,NA,NA,NA,NA,NA,NA,NA,7,0
"4484",2021-06-01,NA,"MITCHELL",NA,NA,NA,NA,NA,NA,NA,NA,NA,NA,NA,NA,1,0
"4485",2021-07-01,NA,"MITCHELL",NA,NA,NA,NA,NA,NA,NA,NA,NA,NA,NA,NA,7,0
"4486",2021-08-01,NA,"MITCHELL",NA,NA,NA,NA,NA,NA,NA,NA,NA,NA,NA,NA,32,1
"4487",2021-09-01,NA,"MITCHELL",NA,NA,NA,NA,NA,NA,NA,NA,NA,NA,NA,NA,26,4
"4488",2021-10-01,NA,"MITCHELL",NA,NA,NA,NA,NA,NA,NA,NA,NA,NA,NA,NA,16,1
"4489",2021-11-01,NA,"MITCHELL",NA,NA,NA,NA,NA,NA,NA,NA,NA,NA,NA,NA,14,2
"4490",2021-12-01,NA,"MITCHELL",NA,NA,NA,NA,NA,NA,NA,NA,NA,NA,NA,NA,35,3
"4491",2022-01-01,NA,"MITCHELL",NA,NA,NA,NA,NA,NA,NA,NA,NA,NA,NA,NA,41,7
"4492",2022-02-01,NA,"MITCHELL",NA,NA,NA,NA,NA,NA,NA,NA,NA,NA,NA,NA,14,3
"4493",2022-03-01,NA,"MITCHELL",NA,NA,NA,NA,NA,NA,NA,NA,NA,NA,NA,NA,15,0
"4494",2022-04-01,NA,"MITCHELL",NA,NA,NA,NA,NA,NA,NA,NA,NA,NA,NA,NA,4,0
"4495",2022-05-01,NA,"MITCHELL",NA,NA,NA,NA,NA,NA,NA,NA,NA,NA,NA,NA,8,0
"4496",2022-06-01,NA,"MITCHELL",NA,NA,NA,NA,NA,NA,NA,NA,NA,NA,NA,NA,15,0
"4497",2022-07-01,NA,"MITCHELL",NA,NA,NA,NA,NA,NA,NA,NA,NA,NA,NA,NA,11,2
"4498",2022-08-01,NA,"MITCHELL",NA,NA,NA,NA,NA,NA,NA,NA,NA,NA,NA,NA,16,1
"4499",2022-09-01,NA,"MITCHELL",NA,NA,NA,NA,NA,NA,NA,NA,NA,NA,NA,NA,10,0
"4500",2022-10-01,NA,"MITCHELL",NA,NA,NA,NA,NA,NA,NA,NA,NA,NA,NA,NA,6,0
"4501",2022-11-01,NA,"MITCHELL",NA,NA,NA,NA,NA,NA,NA,NA,NA,NA,NA,NA,5,0
"4502",2022-12-01,NA,"MITCHELL",NA,NA,NA,NA,NA,NA,NA,NA,NA,NA,NA,NA,12,0
"4503",2023-01-01,NA,"MITCHELL",NA,NA,NA,NA,NA,NA,NA,NA,NA,NA,NA,NA,14,1
"4504",2023-02-01,NA,"MITCHELL",NA,NA,NA,NA,NA,NA,NA,NA,NA,NA,NA,NA,5,0
"4505",2023-03-01,NA,"MITCHELL",NA,NA,NA,NA,NA,NA,NA,NA,NA,NA,NA,NA,6,0
"4506",2023-04-01,NA,"MITCHELL",NA,NA,NA,NA,NA,NA,NA,NA,NA,NA,NA,NA,8,0
"4507",2023-05-01,NA,"MITCHELL",NA,NA,NA,NA,NA,NA,NA,NA,NA,NA,NA,NA,2,0
"4508",2020-03-01,NA,"MONTGOMERY",NA,NA,NA,NA,NA,NA,NA,NA,NA,NA,NA,NA,NA,1
"4509",2020-03-01,NA,"NORTHAMPTON",NA,NA,NA,NA,NA,NA,NA,NA,NA,NA,NA,NA,NA,1
"4510",2020-04-01,NA,"NORTHAMPTON",NA,NA,NA,NA,NA,NA,NA,NA,NA,NA,NA,NA,NA,3
"4511",2020-05-01,NA,"NORTHAMPTON",NA,NA,NA,NA,NA,NA,NA,NA,NA,NA,NA,NA,NA,10
"4512",2020-06-01,NA,"NORTHAMPTON",NA,NA,NA,NA,NA,NA,NA,NA,NA,NA,NA,NA,NA,1
"4513",2020-07-01,NA,"NORTHAMPTON",NA,NA,NA,NA,NA,NA,NA,NA,NA,NA,NA,NA,NA,1
"4514",2020-08-01,NA,"NORTHAMPTON",NA,NA,NA,NA,NA,NA,NA,NA,NA,NA,NA,NA,NA,1
"4515",2020-03-01,NA,"PAMLICO",NA,NA,NA,NA,NA,NA,NA,NA,NA,NA,NA,NA,NA,0
"4516",2020-04-01,NA,"PAMLICO",NA,NA,NA,NA,NA,NA,NA,NA,NA,NA,NA,NA,NA,0
"4517",2020-05-01,NA,"PAMLICO",NA,NA,NA,NA,NA,NA,NA,NA,NA,NA,NA,NA,NA,0
"4518",2020-06-01,NA,"PAMLICO",NA,NA,NA,NA,NA,NA,NA,NA,NA,NA,NA,NA,NA,1
"4519",2020-07-01,NA,"PAMLICO",NA,NA,NA,NA,NA,NA,NA,NA,NA,NA,NA,NA,NA,0
"4520",2020-08-01,NA,"PAMLICO",NA,NA,NA,NA,NA,NA,NA,NA,NA,NA,NA,NA,NA,1
"4521",2020-03-01,NA,"PASQUOTANK",NA,NA,NA,NA,NA,NA,NA,NA,NA,NA,NA,NA,NA,0
"4522",2023-05-01,NA,"PASQUOTANK",NA,NA,NA,NA,NA,NA,NA,NA,NA,NA,NA,NA,6,0
"4523",2020-03-01,NA,"PENDER",NA,NA,NA,NA,NA,NA,NA,NA,NA,NA,NA,NA,NA,0
"4524",2020-03-01,NA,"PERQUIMANS",NA,NA,NA,NA,NA,NA,NA,NA,NA,NA,NA,NA,NA,0
"4525",2020-04-01,NA,"PERQUIMANS",NA,NA,NA,NA,NA,NA,NA,NA,NA,NA,NA,NA,NA,1
"4526",2020-05-01,NA,"PERQUIMANS",NA,NA,NA,NA,NA,NA,NA,NA,NA,NA,NA,NA,NA,1
"4527",2020-06-01,NA,"PERQUIMANS",NA,NA,NA,NA,NA,NA,NA,NA,NA,NA,NA,NA,NA,0
"4528",2020-07-01,NA,"PERQUIMANS",NA,NA,NA,NA,NA,NA,NA,NA,NA,NA,NA,NA,NA,0
"4529",2020-08-01,NA,"PERQUIMANS",NA,NA,NA,NA,NA,NA,NA,NA,NA,NA,NA,NA,NA,0
"4530",2020-03-01,NA,"PERSON",NA,NA,NA,NA,NA,NA,NA,NA,NA,NA,NA,NA,NA,0
"4531",2020-03-01,NA,"POLK",NA,NA,NA,NA,NA,NA,NA,NA,NA,NA,NA,NA,NA,0
"4532",2021-06-01,NA,"POLK",NA,NA,NA,NA,NA,NA,NA,NA,NA,NA,NA,NA,0,0
"4533",2023-05-01,NA,"POLK",NA,NA,NA,NA,NA,NA,NA,NA,NA,NA,NA,NA,2,0
"4534",2020-03-01,NA,"RICHMOND",NA,NA,NA,NA,NA,NA,NA,NA,NA,NA,NA,NA,NA,0
"4535",2020-03-01,NA,"ROBESON",NA,NA,NA,NA,NA,NA,NA,NA,NA,NA,NA,NA,NA,0
"4536",2020-03-01,NA,"ROCKINGHAM",NA,NA,NA,NA,NA,NA,NA,NA,NA,NA,NA,NA,NA,0
"4537",2020-03-01,NA,"SAMPSON",NA,NA,NA,NA,NA,NA,NA,NA,NA,NA,NA,NA,NA,0
"4538",2020-03-01,NA,"SCOTLAND",NA,NA,NA,NA,NA,NA,NA,NA,NA,NA,NA,NA,NA,0
"4539",2020-03-01,NA,"STANLY",NA,NA,NA,NA,NA,NA,NA,NA,NA,NA,NA,NA,NA,0
"4540",2020-03-01,NA,"STOKES",NA,NA,NA,NA,NA,NA,NA,NA,NA,NA,NA,NA,NA,0
"4541",2020-04-01,NA,"STOKES",NA,NA,NA,NA,NA,NA,NA,NA,NA,NA,NA,NA,NA,0
"4542",2020-03-01,NA,"SWAIN",NA,NA,NA,NA,NA,NA,NA,NA,NA,NA,NA,NA,NA,0
"4543",2020-04-01,NA,"SWAIN",NA,NA,NA,NA,NA,NA,NA,NA,NA,NA,NA,NA,NA,0
"4544",2020-05-01,NA,"SWAIN",NA,NA,NA,NA,NA,NA,NA,NA,NA,NA,NA,NA,NA,0
"4545",2020-06-01,NA,"SWAIN",NA,NA,NA,NA,NA,NA,NA,NA,NA,NA,NA,NA,1,1
"4546",2020-07-01,NA,"SWAIN",NA,NA,NA,NA,NA,NA,NA,NA,NA,NA,NA,NA,0,1
"4547",2020-08-01,NA,"SWAIN",NA,NA,NA,NA,NA,NA,NA,NA,NA,NA,NA,NA,0,1
"4548",2020-09-01,NA,"SWAIN",NA,NA,NA,NA,NA,NA,NA,NA,NA,NA,NA,NA,0,0
"4549",2020-10-01,NA,"SWAIN",NA,NA,NA,NA,NA,NA,NA,NA,NA,NA,NA,NA,0,2
"4550",2020-11-01,NA,"SWAIN",NA,NA,NA,NA,NA,NA,NA,NA,NA,NA,NA,NA,0,0
"4551",2020-12-01,NA,"SWAIN",NA,NA,NA,NA,NA,NA,NA,NA,NA,NA,NA,NA,0,4
"4552",2021-01-01,NA,"SWAIN",NA,NA,NA,NA,NA,NA,NA,NA,NA,NA,NA,NA,37,6
"4553",2021-02-01,NA,"SWAIN",NA,NA,NA,NA,NA,NA,NA,NA,NA,NA,NA,NA,13,3
"4554",2021-03-01,NA,"SWAIN",NA,NA,NA,NA,NA,NA,NA,NA,NA,NA,NA,NA,19,0
"4555",2021-04-01,NA,"SWAIN",NA,NA,NA,NA,NA,NA,NA,NA,NA,NA,NA,NA,0,0
"4556",2021-05-01,NA,"SWAIN",NA,NA,NA,NA,NA,NA,NA,NA,NA,NA,NA,NA,0,0
"4557",2021-06-01,NA,"SWAIN",NA,NA,NA,NA,NA,NA,NA,NA,NA,NA,NA,NA,0,0
"4558",2021-07-01,NA,"SWAIN",NA,NA,NA,NA,NA,NA,NA,NA,NA,NA,NA,NA,3,0
"4559",2021-08-01,NA,"SWAIN",NA,NA,NA,NA,NA,NA,NA,NA,NA,NA,NA,NA,57,3
"4560",2021-09-01,NA,"SWAIN",NA,NA,NA,NA,NA,NA,NA,NA,NA,NA,NA,NA,99,4
"4561",2021-10-01,NA,"SWAIN",NA,NA,NA,NA,NA,NA,NA,NA,NA,NA,NA,NA,46,2
"4562",2021-11-01,NA,"SWAIN",NA,NA,NA,NA,NA,NA,NA,NA,NA,NA,NA,NA,2,1
"4563",2021-12-01,NA,"SWAIN",NA,NA,NA,NA,NA,NA,NA,NA,NA,NA,NA,NA,58,4
"4564",2022-01-01,NA,"SWAIN",NA,NA,NA,NA,NA,NA,NA,NA,NA,NA,NA,NA,89,5
"4565",2022-02-01,NA,"SWAIN",NA,NA,NA,NA,NA,NA,NA,NA,NA,NA,NA,NA,110,4
"4566",2022-03-01,NA,"SWAIN",NA,NA,NA,NA,NA,NA,NA,NA,NA,NA,NA,NA,9,2
"4567",2022-04-01,NA,"SWAIN",NA,NA,NA,NA,NA,NA,NA,NA,NA,NA,NA,NA,0,1
"4568",2022-05-01,NA,"SWAIN",NA,NA,NA,NA,NA,NA,NA,NA,NA,NA,NA,NA,18,3
"4569",2022-06-01,NA,"SWAIN",NA,NA,NA,NA,NA,NA,NA,NA,NA,NA,NA,NA,19,0
"4570",2022-07-01,NA,"SWAIN",NA,NA,NA,NA,NA,NA,NA,NA,NA,NA,NA,NA,5,4
"4571",2022-08-01,NA,"SWAIN",NA,NA,NA,NA,NA,NA,NA,NA,NA,NA,NA,NA,33,1
"4572",2022-09-01,NA,"SWAIN",NA,NA,NA,NA,NA,NA,NA,NA,NA,NA,NA,NA,0,0
"4573",2022-10-01,NA,"SWAIN",NA,NA,NA,NA,NA,NA,NA,NA,NA,NA,NA,NA,0,1
"4574",2022-11-01,NA,"SWAIN",NA,NA,NA,NA,NA,NA,NA,NA,NA,NA,NA,NA,0,0
"4575",2022-12-01,NA,"SWAIN",NA,NA,NA,NA,NA,NA,NA,NA,NA,NA,NA,NA,7,0
"4576",2023-01-01,NA,"SWAIN",NA,NA,NA,NA,NA,NA,NA,NA,NA,NA,NA,NA,7,0
"4577",2023-02-01,NA,"SWAIN",NA,NA,NA,NA,NA,NA,NA,NA,NA,NA,NA,NA,1,0
"4578",2023-03-01,NA,"SWAIN",NA,NA,NA,NA,NA,NA,NA,NA,NA,NA,NA,NA,6,0
"4579",2023-04-01,NA,"SWAIN",NA,NA,NA,NA,NA,NA,NA,NA,NA,NA,NA,NA,4,0
"4580",2023-05-01,NA,"SWAIN",NA,NA,NA,NA,NA,NA,NA,NA,NA,NA,NA,NA,0,0
"4581",2020-03-01,NA,"TRANSYLVANIA",NA,NA,NA,NA,NA,NA,NA,NA,NA,NA,NA,NA,NA,0
"4582",2020-04-01,NA,"TRANSYLVANIA",NA,NA,NA,NA,NA,NA,NA,NA,NA,NA,NA,NA,NA,0
"4583",2020-05-01,NA,"TRANSYLVANIA",NA,NA,NA,NA,NA,NA,NA,NA,NA,NA,NA,NA,NA,0
"4584",2020-03-01,NA,"TYRRELL",NA,NA,NA,NA,NA,NA,NA,NA,NA,NA,NA,NA,NA,0
"4585",2020-04-01,NA,"TYRRELL",NA,NA,NA,NA,NA,NA,NA,NA,NA,NA,NA,NA,NA,0
"4586",2020-05-01,NA,"TYRRELL",NA,NA,NA,NA,NA,NA,NA,NA,NA,NA,NA,NA,NA,0
"4587",2020-06-01,NA,"TYRRELL",NA,NA,NA,NA,NA,NA,NA,NA,NA,NA,NA,NA,NA,0
"4588",2020-07-01,NA,"TYRRELL",NA,NA,NA,NA,NA,NA,NA,NA,NA,NA,NA,NA,NA,1
"4589",2020-08-01,NA,"TYRRELL",NA,NA,NA,NA,NA,NA,NA,NA,NA,NA,NA,NA,NA,1
"4590",2020-03-01,NA,"WARREN",NA,NA,NA,NA,NA,NA,NA,NA,NA,NA,NA,NA,NA,0
"4591",2020-04-01,NA,"WARREN",NA,NA,NA,NA,NA,NA,NA,NA,NA,NA,NA,NA,NA,0
"4592",2020-05-01,NA,"WARREN",NA,NA,NA,NA,NA,NA,NA,NA,NA,NA,NA,NA,NA,2
"4593",2020-06-01,NA,"WARREN",NA,NA,NA,NA,NA,NA,NA,NA,NA,NA,NA,NA,NA,3
"4594",2020-07-01,NA,"WARREN",NA,NA,NA,NA,NA,NA,NA,NA,NA,NA,NA,NA,NA,2
"4595",2020-08-01,NA,"WARREN",NA,NA,NA,NA,NA,NA,NA,NA,NA,NA,NA,NA,NA,0
"4596",2020-03-01,NA,"WASHINGTON",NA,NA,NA,NA,NA,NA,NA,NA,NA,NA,NA,NA,NA,0
"4597",2020-04-01,NA,"WASHINGTON",NA,NA,NA,NA,NA,NA,NA,NA,NA,NA,NA,NA,NA,2
"4598",2020-05-01,NA,"WASHINGTON",NA,NA,NA,NA,NA,NA,NA,NA,NA,NA,NA,NA,NA,1
"4599",2020-06-01,NA,"WASHINGTON",NA,NA,NA,NA,NA,NA,NA,NA,NA,NA,NA,NA,0,0
"4600",2020-07-01,NA,"WASHINGTON",NA,NA,NA,NA,NA,NA,NA,NA,NA,NA,NA,NA,0,0
"4601",2020-08-01,NA,"WASHINGTON",NA,NA,NA,NA,NA,NA,NA,NA,NA,NA,NA,NA,7,3
"4602",2020-09-01,NA,"WASHINGTON",NA,NA,NA,NA,NA,NA,NA,NA,NA,NA,NA,NA,0,2
"4603",2020-10-01,NA,"WASHINGTON",NA,NA,NA,NA,NA,NA,NA,NA,NA,NA,NA,NA,5,0
"4604",2020-11-01,NA,"WASHINGTON",NA,NA,NA,NA,NA,NA,NA,NA,NA,NA,NA,NA,0,0
"4605",2020-12-01,NA,"WASHINGTON",NA,NA,NA,NA,NA,NA,NA,NA,NA,NA,NA,NA,2,4
"4606",2021-01-01,NA,"WASHINGTON",NA,NA,NA,NA,NA,NA,NA,NA,NA,NA,NA,NA,4,11
"4607",2021-02-01,NA,"WASHINGTON",NA,NA,NA,NA,NA,NA,NA,NA,NA,NA,NA,NA,0,7
"4608",2021-03-01,NA,"WASHINGTON",NA,NA,NA,NA,NA,NA,NA,NA,NA,NA,NA,NA,6,1
"4609",2021-04-01,NA,"WASHINGTON",NA,NA,NA,NA,NA,NA,NA,NA,NA,NA,NA,NA,5,0
"4610",2021-05-01,NA,"WASHINGTON",NA,NA,NA,NA,NA,NA,NA,NA,NA,NA,NA,NA,8,0
"4611",2021-06-01,NA,"WASHINGTON",NA,NA,NA,NA,NA,NA,NA,NA,NA,NA,NA,NA,5,0
"4612",2021-07-01,NA,"WASHINGTON",NA,NA,NA,NA,NA,NA,NA,NA,NA,NA,NA,NA,0,1
"4613",2021-08-01,NA,"WASHINGTON",NA,NA,NA,NA,NA,NA,NA,NA,NA,NA,NA,NA,10,1
"4614",2021-09-01,NA,"WASHINGTON",NA,NA,NA,NA,NA,NA,NA,NA,NA,NA,NA,NA,21,2
"4615",2021-10-01,NA,"WASHINGTON",NA,NA,NA,NA,NA,NA,NA,NA,NA,NA,NA,NA,5,2
"4616",2021-11-01,NA,"WASHINGTON",NA,NA,NA,NA,NA,NA,NA,NA,NA,NA,NA,NA,5,0
"4617",2021-12-01,NA,"WASHINGTON",NA,NA,NA,NA,NA,NA,NA,NA,NA,NA,NA,NA,8,2
"4618",2022-01-01,NA,"WASHINGTON",NA,NA,NA,NA,NA,NA,NA,NA,NA,NA,NA,NA,26,3
"4619",2022-02-01,NA,"WASHINGTON",NA,NA,NA,NA,NA,NA,NA,NA,NA,NA,NA,NA,9,6
"4620",2022-03-01,NA,"WASHINGTON",NA,NA,NA,NA,NA,NA,NA,NA,NA,NA,NA,NA,1,1
"4621",2022-04-01,NA,"WASHINGTON",NA,NA,NA,NA,NA,NA,NA,NA,NA,NA,NA,NA,1,0
"4622",2022-05-01,NA,"WASHINGTON",NA,NA,NA,NA,NA,NA,NA,NA,NA,NA,NA,NA,1,1
"4623",2022-06-01,NA,"WASHINGTON",NA,NA,NA,NA,NA,NA,NA,NA,NA,NA,NA,NA,4,0
"4624",2022-07-01,NA,"WASHINGTON",NA,NA,NA,NA,NA,NA,NA,NA,NA,NA,NA,NA,4,1
"4625",2022-08-01,NA,"WASHINGTON",NA,NA,NA,NA,NA,NA,NA,NA,NA,NA,NA,NA,3,1
"4626",2022-09-01,NA,"WASHINGTON",NA,NA,NA,NA,NA,NA,NA,NA,NA,NA,NA,NA,3,0
"4627",2022-10-01,NA,"WASHINGTON",NA,NA,NA,NA,NA,NA,NA,NA,NA,NA,NA,NA,0,0
"4628",2022-11-01,NA,"WASHINGTON",NA,NA,NA,NA,NA,NA,NA,NA,NA,NA,NA,NA,0,0
"4629",2022-12-01,NA,"WASHINGTON",NA,NA,NA,NA,NA,NA,NA,NA,NA,NA,NA,NA,2,1
"4630",2023-01-01,NA,"WASHINGTON",NA,NA,NA,NA,NA,NA,NA,NA,NA,NA,NA,NA,1,3
"4631",2023-02-01,NA,"WASHINGTON",NA,NA,NA,NA,NA,NA,NA,NA,NA,NA,NA,NA,5,1
"4632",2023-03-01,NA,"WASHINGTON",NA,NA,NA,NA,NA,NA,NA,NA,NA,NA,NA,NA,1,1
"4633",2023-04-01,NA,"WASHINGTON",NA,NA,NA,NA,NA,NA,NA,NA,NA,NA,NA,NA,2,1
"4634",2023-05-01,NA,"WASHINGTON",NA,NA,NA,NA,NA,NA,NA,NA,NA,NA,NA,NA,0,0
"4635",2020-04-01,NA,"WATAUGA",NA,NA,NA,NA,NA,NA,NA,NA,NA,NA,NA,NA,NA,0
"4636",2020-03-01,NA,"WILKES",NA,NA,NA,NA,NA,NA,NA,NA,NA,NA,NA,NA,NA,1
"4637",2020-03-01,NA,"YANCEY",NA,NA,NA,NA,NA,NA,NA,NA,NA,NA,NA,NA,NA,0
"4638",2020-04-01,NA,"YANCEY",NA,NA,NA,NA,NA,NA,NA,NA,NA,NA,NA,NA,NA,0
"4639",2020-05-01,NA,"YANCEY",NA,NA,NA,NA,NA,NA,NA,NA,NA,NA,NA,NA,NA,0
"4640",2020-06-01,NA,"YANCEY",NA,NA,NA,NA,NA,NA,NA,NA,NA,NA,NA,NA,NA,0
"4641",2020-07-01,NA,"YANCEY",NA,NA,NA,NA,NA,NA,NA,NA,NA,NA,NA,NA,NA,0
"4642",2020-08-01,NA,"YANCEY",NA,NA,NA,NA,NA,NA,NA,NA,NA,NA,NA,NA,NA,0
"4643",2023-05-01,NA,"CAMDEN",NA,NA,NA,NA,NA,NA,NA,NA,NA,NA,NA,NA,NA,0
"4644",2023-05-01,NA,"CLAY",NA,NA,NA,NA,NA,NA,NA,NA,NA,NA,NA,NA,NA,0
"4645",2023-05-01,NA,"GATES",NA,NA,NA,NA,NA,NA,NA,NA,NA,NA,NA,NA,NA,0
"4646",2023-05-01,NA,"GRAHAM",NA,NA,NA,NA,NA,NA,NA,NA,NA,NA,NA,NA,NA,0
"4647",2023-05-01,NA,"HYDE",NA,NA,NA,NA,NA,NA,NA,NA,NA,NA,NA,NA,NA,0
"4648",2023-05-01,NA,"JONES",NA,NA,NA,NA,NA,NA,NA,NA,NA,NA,NA,NA,NA,0
"4649",2023-05-01,NA,"MADISON",NA,NA,NA,NA,NA,NA,NA,NA,NA,NA,NA,NA,NA,0
"4650",2023-05-01,NA,"NORTHAMPTON",NA,NA,NA,NA,NA,NA,NA,NA,NA,NA,NA,NA,NA,0
"4651",2023-05-01,NA,"PAMLICO",NA,NA,NA,NA,NA,NA,NA,NA,NA,NA,NA,NA,NA,0
"4652",2023-05-01,NA,"PERQUIMANS",NA,NA,NA,NA,NA,NA,NA,NA,NA,NA,NA,NA,NA,0
"4653",2023-05-01,NA,"TYRRELL",NA,NA,NA,NA,NA,NA,NA,NA,NA,NA,NA,NA,NA,0
"4654",2023-05-01,NA,"WARREN",NA,NA,NA,NA,NA,NA,NA,NA,NA,NA,NA,NA,NA,0
"4655",2023-05-01,NA,"YANCEY",NA,NA,NA,NA,NA,NA,NA,NA,NA,NA,NA,NA,NA,0
"4656",2023-04-01,NA,"CAMDEN",NA,NA,NA,NA,NA,NA,NA,NA,NA,NA,NA,NA,NA,0
"4657",2023-04-01,NA,"CLAY",NA,NA,NA,NA,NA,NA,NA,NA,NA,NA,NA,NA,NA,0
"4658",2023-04-01,NA,"GATES",NA,NA,NA,NA,NA,NA,NA,NA,NA,NA,NA,NA,NA,0
"4659",2023-04-01,NA,"GRAHAM",NA,NA,NA,NA,NA,NA,NA,NA,NA,NA,NA,NA,NA,0
"4660",2023-04-01,NA,"GREENE",NA,NA,NA,NA,NA,NA,NA,NA,NA,NA,NA,NA,NA,0
"4661",2023-04-01,NA,"HYDE",NA,NA,NA,NA,NA,NA,NA,NA,NA,NA,NA,NA,NA,0
"4662",2023-04-01,NA,"JONES",NA,NA,NA,NA,NA,NA,NA,NA,NA,NA,NA,NA,NA,0
"4663",2023-04-01,NA,"NORTHAMPTON",NA,NA,NA,NA,NA,NA,NA,NA,NA,NA,NA,NA,NA,1
"4664",2023-04-01,NA,"PAMLICO",NA,NA,NA,NA,NA,NA,NA,NA,NA,NA,NA,NA,NA,0
"4665",2023-04-01,NA,"PERQUIMANS",NA,NA,NA,NA,NA,NA,NA,NA,NA,NA,NA,NA,NA,0
"4666",2023-04-01,NA,"TYRRELL",NA,NA,NA,NA,NA,NA,NA,NA,NA,NA,NA,NA,NA,0
"4667",2023-04-01,NA,"WARREN",NA,NA,NA,NA,NA,NA,NA,NA,NA,NA,NA,NA,NA,0
"4668",2023-04-01,NA,"YANCEY",NA,NA,NA,NA,NA,NA,NA,NA,NA,NA,NA,NA,NA,0
"4669",2023-03-01,NA,"CAMDEN",NA,NA,NA,NA,NA,NA,NA,NA,NA,NA,NA,NA,NA,0
"4670",2023-03-01,NA,"CLAY",NA,NA,NA,NA,NA,NA,NA,NA,NA,NA,NA,NA,NA,1
"4671",2023-03-01,NA,"GATES",NA,NA,NA,NA,NA,NA,NA,NA,NA,NA,NA,NA,NA,0
"4672",2023-03-01,NA,"GRAHAM",NA,NA,NA,NA,NA,NA,NA,NA,NA,NA,NA,NA,NA,0
"4673",2023-03-01,NA,"HYDE",NA,NA,NA,NA,NA,NA,NA,NA,NA,NA,NA,NA,NA,0
"4674",2023-03-01,NA,"JONES",NA,NA,NA,NA,NA,NA,NA,NA,NA,NA,NA,NA,NA,0
"4675",2023-03-01,NA,"NORTHAMPTON",NA,NA,NA,NA,NA,NA,NA,NA,NA,NA,NA,NA,NA,2
"4676",2023-03-01,NA,"PAMLICO",NA,NA,NA,NA,NA,NA,NA,NA,NA,NA,NA,NA,NA,0
"4677",2023-03-01,NA,"PERQUIMANS",NA,NA,NA,NA,NA,NA,NA,NA,NA,NA,NA,NA,NA,0
"4678",2023-03-01,NA,"TYRRELL",NA,NA,NA,NA,NA,NA,NA,NA,NA,NA,NA,NA,NA,0
"4679",2023-03-01,NA,"WARREN",NA,NA,NA,NA,NA,NA,NA,NA,NA,NA,NA,NA,NA,1
"4680",2023-03-01,NA,"YANCEY",NA,NA,NA,NA,NA,NA,NA,NA,NA,NA,NA,NA,NA,0
"4681",2023-02-01,NA,"CAMDEN",NA,NA,NA,NA,NA,NA,NA,NA,NA,NA,NA,NA,NA,0
"4682",2023-02-01,NA,"CLAY",NA,NA,NA,NA,NA,NA,NA,NA,NA,NA,NA,NA,NA,0
"4683",2023-02-01,NA,"GATES",NA,NA,NA,NA,NA,NA,NA,NA,NA,NA,NA,NA,NA,1
"4684",2023-02-01,NA,"GRAHAM",NA,NA,NA,NA,NA,NA,NA,NA,NA,NA,NA,NA,NA,0
"4685",2023-02-01,NA,"HYDE",NA,NA,NA,NA,NA,NA,NA,NA,NA,NA,NA,NA,NA,0
"4686",2023-02-01,NA,"JONES",NA,NA,NA,NA,NA,NA,NA,NA,NA,NA,NA,NA,NA,0
"4687",2023-02-01,NA,"NORTHAMPTON",NA,NA,NA,NA,NA,NA,NA,NA,NA,NA,NA,NA,NA,1
"4688",2023-02-01,NA,"PAMLICO",NA,NA,NA,NA,NA,NA,NA,NA,NA,NA,NA,NA,NA,0
"4689",2023-02-01,NA,"PERQUIMANS",NA,NA,NA,NA,NA,NA,NA,NA,NA,NA,NA,NA,NA,0
"4690",2023-02-01,NA,"TYRRELL",NA,NA,NA,NA,NA,NA,NA,NA,NA,NA,NA,NA,NA,1
"4691",2023-02-01,NA,"WARREN",NA,NA,NA,NA,NA,NA,NA,NA,NA,NA,NA,NA,NA,1
"4692",2023-02-01,NA,"YANCEY",NA,NA,NA,NA,NA,NA,NA,NA,NA,NA,NA,NA,NA,0
"4693",2023-01-01,NA,"CAMDEN",NA,NA,NA,NA,NA,NA,NA,NA,NA,NA,NA,NA,NA,0
"4694",2023-01-01,NA,"CLAY",NA,NA,NA,NA,NA,NA,NA,NA,NA,NA,NA,NA,NA,0
"4695",2023-01-01,NA,"GATES",NA,NA,NA,NA,NA,NA,NA,NA,NA,NA,NA,NA,NA,0
"4696",2023-01-01,NA,"GRAHAM",NA,NA,NA,NA,NA,NA,NA,NA,NA,NA,NA,NA,NA,0
"4697",2023-01-01,NA,"HYDE",NA,NA,NA,NA,NA,NA,NA,NA,NA,NA,NA,NA,NA,0
"4698",2023-01-01,NA,"JONES",NA,NA,NA,NA,NA,NA,NA,NA,NA,NA,NA,NA,NA,2
"4699",2023-01-01,NA,"NORTHAMPTON",NA,NA,NA,NA,NA,NA,NA,NA,NA,NA,NA,NA,NA,2
"4700",2023-01-01,NA,"PAMLICO",NA,NA,NA,NA,NA,NA,NA,NA,NA,NA,NA,NA,NA,0
"4701",2023-01-01,NA,"PERQUIMANS",NA,NA,NA,NA,NA,NA,NA,NA,NA,NA,NA,NA,NA,1
"4702",2023-01-01,NA,"TYRRELL",NA,NA,NA,NA,NA,NA,NA,NA,NA,NA,NA,NA,NA,0
"4703",2023-01-01,NA,"WARREN",NA,NA,NA,NA,NA,NA,NA,NA,NA,NA,NA,NA,NA,0
"4704",2023-01-01,NA,"YANCEY",NA,NA,NA,NA,NA,NA,NA,NA,NA,NA,NA,NA,NA,1
"4705",2022-12-01,NA,"CAMDEN",NA,NA,NA,NA,NA,NA,NA,NA,NA,NA,NA,NA,NA,0
"4706",2022-12-01,NA,"CLAY",NA,NA,NA,NA,NA,NA,NA,NA,NA,NA,NA,NA,NA,0
"4707",2022-12-01,NA,"GATES",NA,NA,NA,NA,NA,NA,NA,NA,NA,NA,NA,NA,NA,0
"4708",2022-12-01,NA,"GRAHAM",NA,NA,NA,NA,NA,NA,NA,NA,NA,NA,NA,NA,NA,0
"4709",2022-12-01,NA,"HYDE",NA,NA,NA,NA,NA,NA,NA,NA,NA,NA,NA,NA,NA,0
"4710",2022-12-01,NA,"JONES",NA,NA,NA,NA,NA,NA,NA,NA,NA,NA,NA,NA,NA,0
"4711",2022-12-01,NA,"NORTHAMPTON",NA,NA,NA,NA,NA,NA,NA,NA,NA,NA,NA,NA,NA,0
"4712",2022-12-01,NA,"PAMLICO",NA,NA,NA,NA,NA,NA,NA,NA,NA,NA,NA,NA,NA,1
"4713",2022-12-01,NA,"PERQUIMANS",NA,NA,NA,NA,NA,NA,NA,NA,NA,NA,NA,NA,NA,0
"4714",2022-12-01,NA,"TYRRELL",NA,NA,NA,NA,NA,NA,NA,NA,NA,NA,NA,NA,NA,0
"4715",2022-12-01,NA,"WARREN",NA,NA,NA,NA,NA,NA,NA,NA,NA,NA,NA,NA,NA,1
"4716",2022-12-01,NA,"YANCEY",NA,NA,NA,NA,NA,NA,NA,NA,NA,NA,NA,NA,NA,1
"4717",2022-11-01,NA,"CAMDEN",NA,NA,NA,NA,NA,NA,NA,NA,NA,NA,NA,NA,NA,0
"4718",2022-11-01,NA,"CLAY",NA,NA,NA,NA,NA,NA,NA,NA,NA,NA,NA,NA,NA,0
"4719",2022-11-01,NA,"GATES",NA,NA,NA,NA,NA,NA,NA,NA,NA,NA,NA,NA,NA,0
"4720",2022-11-01,NA,"GRAHAM",NA,NA,NA,NA,NA,NA,NA,NA,NA,NA,NA,NA,NA,0
"4721",2022-11-01,NA,"HYDE",NA,NA,NA,NA,NA,NA,NA,NA,NA,NA,NA,NA,NA,0
"4722",2022-11-01,NA,"JONES",NA,NA,NA,NA,NA,NA,NA,NA,NA,NA,NA,NA,NA,0
"4723",2022-11-01,NA,"NORTHAMPTON",NA,NA,NA,NA,NA,NA,NA,NA,NA,NA,NA,NA,NA,0
"4724",2022-11-01,NA,"PAMLICO",NA,NA,NA,NA,NA,NA,NA,NA,NA,NA,NA,NA,NA,0
"4725",2022-11-01,NA,"PERQUIMANS",NA,NA,NA,NA,NA,NA,NA,NA,NA,NA,NA,NA,NA,0
"4726",2022-11-01,NA,"TYRRELL",NA,NA,NA,NA,NA,NA,NA,NA,NA,NA,NA,NA,NA,0
"4727",2022-11-01,NA,"WARREN",NA,NA,NA,NA,NA,NA,NA,NA,NA,NA,NA,NA,NA,0
"4728",2022-11-01,NA,"YANCEY",NA,NA,NA,NA,NA,NA,NA,NA,NA,NA,NA,NA,NA,2
"4729",2022-10-01,NA,"CAMDEN",NA,NA,NA,NA,NA,NA,NA,NA,NA,NA,NA,NA,NA,0
"4730",2022-10-01,NA,"CLAY",NA,NA,NA,NA,NA,NA,NA,NA,NA,NA,NA,NA,NA,0
"4731",2022-10-01,NA,"GATES",NA,NA,NA,NA,NA,NA,NA,NA,NA,NA,NA,NA,NA,0
"4732",2022-10-01,NA,"GRAHAM",NA,NA,NA,NA,NA,NA,NA,NA,NA,NA,NA,NA,NA,0
"4733",2022-10-01,NA,"HYDE",NA,NA,NA,NA,NA,NA,NA,NA,NA,NA,NA,NA,NA,1
"4734",2022-10-01,NA,"JONES",NA,NA,NA,NA,NA,NA,NA,NA,NA,NA,NA,NA,NA,2
"4735",2022-10-01,NA,"NORTHAMPTON",NA,NA,NA,NA,NA,NA,NA,NA,NA,NA,NA,NA,NA,1
"4736",2022-10-01,NA,"PAMLICO",NA,NA,NA,NA,NA,NA,NA,NA,NA,NA,NA,NA,NA,0
"4737",2022-10-01,NA,"PERQUIMANS",NA,NA,NA,NA,NA,NA,NA,NA,NA,NA,NA,NA,NA,0
"4738",2022-10-01,NA,"TYRRELL",NA,NA,NA,NA,NA,NA,NA,NA,NA,NA,NA,NA,NA,0
"4739",2022-10-01,NA,"WARREN",NA,NA,NA,NA,NA,NA,NA,NA,NA,NA,NA,NA,NA,0
"4740",2022-10-01,NA,"YANCEY",NA,NA,NA,NA,NA,NA,NA,NA,NA,NA,NA,NA,NA,1
"4741",2022-09-01,NA,"CAMDEN",NA,NA,NA,NA,NA,NA,NA,NA,NA,NA,NA,NA,NA,1
"4742",2022-09-01,NA,"CLAY",NA,NA,NA,NA,NA,NA,NA,NA,NA,NA,NA,NA,NA,0
"4743",2022-09-01,NA,"GATES",NA,NA,NA,NA,NA,NA,NA,NA,NA,NA,NA,NA,NA,0
"4744",2022-09-01,NA,"GRAHAM",NA,NA,NA,NA,NA,NA,NA,NA,NA,NA,NA,NA,NA,0
"4745",2022-09-01,NA,"HYDE",NA,NA,NA,NA,NA,NA,NA,NA,NA,NA,NA,NA,NA,0
"4746",2022-09-01,NA,"JONES",NA,NA,NA,NA,NA,NA,NA,NA,NA,NA,NA,NA,NA,1
"4747",2022-09-01,NA,"NORTHAMPTON",NA,NA,NA,NA,NA,NA,NA,NA,NA,NA,NA,NA,NA,1
"4748",2022-09-01,NA,"PAMLICO",NA,NA,NA,NA,NA,NA,NA,NA,NA,NA,NA,NA,NA,1
"4749",2022-09-01,NA,"PERQUIMANS",NA,NA,NA,NA,NA,NA,NA,NA,NA,NA,NA,NA,NA,0
"4750",2022-09-01,NA,"TYRRELL",NA,NA,NA,NA,NA,NA,NA,NA,NA,NA,NA,NA,NA,0
"4751",2022-09-01,NA,"WARREN",NA,NA,NA,NA,NA,NA,NA,NA,NA,NA,NA,NA,NA,2
"4752",2022-09-01,NA,"YANCEY",NA,NA,NA,NA,NA,NA,NA,NA,NA,NA,NA,NA,NA,0
"4753",2022-08-01,NA,"CAMDEN",NA,NA,NA,NA,NA,NA,NA,NA,NA,NA,NA,NA,NA,0
"4754",2022-08-01,NA,"CLAY",NA,NA,NA,NA,NA,NA,NA,NA,NA,NA,NA,NA,NA,1
"4755",2022-08-01,NA,"GATES",NA,NA,NA,NA,NA,NA,NA,NA,NA,NA,NA,NA,NA,0
"4756",2022-08-01,NA,"GRAHAM",NA,NA,NA,NA,NA,NA,NA,NA,NA,NA,NA,NA,NA,0
"4757",2022-08-01,NA,"HYDE",NA,NA,NA,NA,NA,NA,NA,NA,NA,NA,NA,NA,NA,0
"4758",2022-08-01,NA,"JONES",NA,NA,NA,NA,NA,NA,NA,NA,NA,NA,NA,NA,NA,1
"4759",2022-08-01,NA,"NORTHAMPTON",NA,NA,NA,NA,NA,NA,NA,NA,NA,NA,NA,NA,NA,1
"4760",2022-08-01,NA,"PAMLICO",NA,NA,NA,NA,NA,NA,NA,NA,NA,NA,NA,NA,NA,0
"4761",2022-08-01,NA,"PERQUIMANS",NA,NA,NA,NA,NA,NA,NA,NA,NA,NA,NA,NA,NA,0
"4762",2022-08-01,NA,"TYRRELL",NA,NA,NA,NA,NA,NA,NA,NA,NA,NA,NA,NA,NA,0
"4763",2022-08-01,NA,"WARREN",NA,NA,NA,NA,NA,NA,NA,NA,NA,NA,NA,NA,NA,1
"4764",2022-08-01,NA,"YANCEY",NA,NA,NA,NA,NA,NA,NA,NA,NA,NA,NA,NA,NA,2
"4765",2022-07-01,NA,"CAMDEN",NA,NA,NA,NA,NA,NA,NA,NA,NA,NA,NA,NA,NA,0
"4766",2022-07-01,NA,"CLAY",NA,NA,NA,NA,NA,NA,NA,NA,NA,NA,NA,NA,NA,1
"4767",2022-07-01,NA,"GATES",NA,NA,NA,NA,NA,NA,NA,NA,NA,NA,NA,NA,NA,0
"4768",2022-07-01,NA,"GRAHAM",NA,NA,NA,NA,NA,NA,NA,NA,NA,NA,NA,NA,NA,0
"4769",2022-07-01,NA,"HYDE",NA,NA,NA,NA,NA,NA,NA,NA,NA,NA,NA,NA,NA,0
"4770",2022-07-01,NA,"JONES",NA,NA,NA,NA,NA,NA,NA,NA,NA,NA,NA,NA,NA,2
"4771",2022-07-01,NA,"NORTHAMPTON",NA,NA,NA,NA,NA,NA,NA,NA,NA,NA,NA,NA,NA,1
"4772",2022-07-01,NA,"PAMLICO",NA,NA,NA,NA,NA,NA,NA,NA,NA,NA,NA,NA,NA,4
"4773",2022-07-01,NA,"PERQUIMANS",NA,NA,NA,NA,NA,NA,NA,NA,NA,NA,NA,NA,NA,0
"4774",2022-07-01,NA,"TYRRELL",NA,NA,NA,NA,NA,NA,NA,NA,NA,NA,NA,NA,NA,0
"4775",2022-07-01,NA,"WARREN",NA,NA,NA,NA,NA,NA,NA,NA,NA,NA,NA,NA,NA,0
"4776",2022-07-01,NA,"YANCEY",NA,NA,NA,NA,NA,NA,NA,NA,NA,NA,NA,NA,NA,1
"4777",2022-06-01,NA,"CAMDEN",NA,NA,NA,NA,NA,NA,NA,NA,NA,NA,NA,NA,NA,0
"4778",2022-06-01,NA,"CLAY",NA,NA,NA,NA,NA,NA,NA,NA,NA,NA,NA,NA,NA,0
"4779",2022-06-01,NA,"GATES",NA,NA,NA,NA,NA,NA,NA,NA,NA,NA,NA,NA,NA,0
"4780",2022-06-01,NA,"GRAHAM",NA,NA,NA,NA,NA,NA,NA,NA,NA,NA,NA,NA,NA,0
"4781",2022-06-01,NA,"HYDE",NA,NA,NA,NA,NA,NA,NA,NA,NA,NA,NA,NA,NA,0
"4782",2022-06-01,NA,"JONES",NA,NA,NA,NA,NA,NA,NA,NA,NA,NA,NA,NA,NA,0
"4783",2022-06-01,NA,"NORTHAMPTON",NA,NA,NA,NA,NA,NA,NA,NA,NA,NA,NA,NA,NA,3
"4784",2022-06-01,NA,"PAMLICO",NA,NA,NA,NA,NA,NA,NA,NA,NA,NA,NA,NA,NA,0
"4785",2022-06-01,NA,"PERQUIMANS",NA,NA,NA,NA,NA,NA,NA,NA,NA,NA,NA,NA,NA,0
"4786",2022-06-01,NA,"TYRRELL",NA,NA,NA,NA,NA,NA,NA,NA,NA,NA,NA,NA,NA,0
"4787",2022-06-01,NA,"WARREN",NA,NA,NA,NA,NA,NA,NA,NA,NA,NA,NA,NA,NA,0
"4788",2022-06-01,NA,"YANCEY",NA,NA,NA,NA,NA,NA,NA,NA,NA,NA,NA,NA,NA,1
"4789",2022-05-01,NA,"CAMDEN",NA,NA,NA,NA,NA,NA,NA,NA,NA,NA,NA,NA,NA,0
"4790",2022-05-01,NA,"CLAY",NA,NA,NA,NA,NA,NA,NA,NA,NA,NA,NA,NA,NA,1
"4791",2022-05-01,NA,"GATES",NA,NA,NA,NA,NA,NA,NA,NA,NA,NA,NA,NA,NA,0
"4792",2022-05-01,NA,"GRAHAM",NA,NA,NA,NA,NA,NA,NA,NA,NA,NA,NA,NA,NA,0
"4793",2022-05-01,NA,"HYDE",NA,NA,NA,NA,NA,NA,NA,NA,NA,NA,NA,NA,NA,0
"4794",2022-05-01,NA,"JONES",NA,NA,NA,NA,NA,NA,NA,NA,NA,NA,NA,NA,NA,0
"4795",2022-05-01,NA,"NORTHAMPTON",NA,NA,NA,NA,NA,NA,NA,NA,NA,NA,NA,NA,NA,0
"4796",2022-05-01,NA,"PAMLICO",NA,NA,NA,NA,NA,NA,NA,NA,NA,NA,NA,NA,NA,1
"4797",2022-05-01,NA,"PERQUIMANS",NA,NA,NA,NA,NA,NA,NA,NA,NA,NA,NA,NA,NA,0
"4798",2022-05-01,NA,"TYRRELL",NA,NA,NA,NA,NA,NA,NA,NA,NA,NA,NA,NA,NA,0
"4799",2022-05-01,NA,"WARREN",NA,NA,NA,NA,NA,NA,NA,NA,NA,NA,NA,NA,NA,0
"4800",2022-05-01,NA,"YANCEY",NA,NA,NA,NA,NA,NA,NA,NA,NA,NA,NA,NA,NA,1
"4801",2022-04-01,NA,"CAMDEN",NA,NA,NA,NA,NA,NA,NA,NA,NA,NA,NA,NA,NA,0
"4802",2022-04-01,NA,"CLAY",NA,NA,NA,NA,NA,NA,NA,NA,NA,NA,NA,NA,NA,1
"4803",2022-04-01,NA,"GATES",NA,NA,NA,NA,NA,NA,NA,NA,NA,NA,NA,NA,NA,0
"4804",2022-04-01,NA,"GRAHAM",NA,NA,NA,NA,NA,NA,NA,NA,NA,NA,NA,NA,NA,0
"4805",2022-04-01,NA,"HYDE",NA,NA,NA,NA,NA,NA,NA,NA,NA,NA,NA,NA,NA,0
"4806",2022-04-01,NA,"JONES",NA,NA,NA,NA,NA,NA,NA,NA,NA,NA,NA,NA,NA,1
"4807",2022-04-01,NA,"NORTHAMPTON",NA,NA,NA,NA,NA,NA,NA,NA,NA,NA,NA,NA,NA,0
"4808",2022-04-01,NA,"PAMLICO",NA,NA,NA,NA,NA,NA,NA,NA,NA,NA,NA,NA,NA,0
"4809",2022-04-01,NA,"PERQUIMANS",NA,NA,NA,NA,NA,NA,NA,NA,NA,NA,NA,NA,NA,0
"4810",2022-04-01,NA,"TYRRELL",NA,NA,NA,NA,NA,NA,NA,NA,NA,NA,NA,NA,NA,1
"4811",2022-04-01,NA,"WARREN",NA,NA,NA,NA,NA,NA,NA,NA,NA,NA,NA,NA,NA,1
"4812",2022-04-01,NA,"YANCEY",NA,NA,NA,NA,NA,NA,NA,NA,NA,NA,NA,NA,NA,0
"4813",2022-03-01,NA,"CAMDEN",NA,NA,NA,NA,NA,NA,NA,NA,NA,NA,NA,NA,NA,0
"4814",2022-03-01,NA,"CLAY",NA,NA,NA,NA,NA,NA,NA,NA,NA,NA,NA,NA,NA,0
"4815",2022-03-01,NA,"GATES",NA,NA,NA,NA,NA,NA,NA,NA,NA,NA,NA,NA,NA,0
"4816",2022-03-01,NA,"GRAHAM",NA,NA,NA,NA,NA,NA,NA,NA,NA,NA,NA,NA,NA,1
"4817",2022-03-01,NA,"HYDE",NA,NA,NA,NA,NA,NA,NA,NA,NA,NA,NA,NA,NA,0
"4818",2022-03-01,NA,"JONES",NA,NA,NA,NA,NA,NA,NA,NA,NA,NA,NA,NA,NA,0
"4819",2022-03-01,NA,"NORTHAMPTON",NA,NA,NA,NA,NA,NA,NA,NA,NA,NA,NA,NA,NA,1
"4820",2022-03-01,NA,"PAMLICO",NA,NA,NA,NA,NA,NA,NA,NA,NA,NA,NA,NA,NA,0
"4821",2022-03-01,NA,"PERQUIMANS",NA,NA,NA,NA,NA,NA,NA,NA,NA,NA,NA,NA,NA,1
"4822",2022-03-01,NA,"TYRRELL",NA,NA,NA,NA,NA,NA,NA,NA,NA,NA,NA,NA,NA,0
"4823",2022-03-01,NA,"WARREN",NA,NA,NA,NA,NA,NA,NA,NA,NA,NA,NA,NA,NA,1
"4824",2022-03-01,NA,"YANCEY",NA,NA,NA,NA,NA,NA,NA,NA,NA,NA,NA,NA,NA,1
"4825",2022-02-01,NA,"CAMDEN",NA,NA,NA,NA,NA,NA,NA,NA,NA,NA,NA,NA,NA,0
"4826",2022-02-01,NA,"CLAY",NA,NA,NA,NA,NA,NA,NA,NA,NA,NA,NA,NA,NA,5
"4827",2022-02-01,NA,"GATES",NA,NA,NA,NA,NA,NA,NA,NA,NA,NA,NA,NA,NA,0
"4828",2022-02-01,NA,"GRAHAM",NA,NA,NA,NA,NA,NA,NA,NA,NA,NA,NA,NA,NA,0
"4829",2022-02-01,NA,"HYDE",NA,NA,NA,NA,NA,NA,NA,NA,NA,NA,NA,NA,NA,0
"4830",2022-02-01,NA,"JONES",NA,NA,NA,NA,NA,NA,NA,NA,NA,NA,NA,NA,NA,1
"4831",2022-02-01,NA,"NORTHAMPTON",NA,NA,NA,NA,NA,NA,NA,NA,NA,NA,NA,NA,NA,6
"4832",2022-02-01,NA,"PAMLICO",NA,NA,NA,NA,NA,NA,NA,NA,NA,NA,NA,NA,NA,2
"4833",2022-02-01,NA,"PERQUIMANS",NA,NA,NA,NA,NA,NA,NA,NA,NA,NA,NA,NA,NA,3
"4834",2022-02-01,NA,"TYRRELL",NA,NA,NA,NA,NA,NA,NA,NA,NA,NA,NA,NA,NA,1
"4835",2022-02-01,NA,"WARREN",NA,NA,NA,NA,NA,NA,NA,NA,NA,NA,NA,NA,NA,3
"4836",2022-02-01,NA,"YANCEY",NA,NA,NA,NA,NA,NA,NA,NA,NA,NA,NA,NA,NA,3
"4837",2022-01-01,NA,"CAMDEN",NA,NA,NA,NA,NA,NA,NA,NA,NA,NA,NA,NA,NA,0
"4838",2022-01-01,NA,"CLAY",NA,NA,NA,NA,NA,NA,NA,NA,NA,NA,NA,NA,NA,3
"4839",2022-01-01,NA,"GATES",NA,NA,NA,NA,NA,NA,NA,NA,NA,NA,NA,NA,NA,2
"4840",2022-01-01,NA,"GRAHAM",NA,NA,NA,NA,NA,NA,NA,NA,NA,NA,NA,NA,NA,2
"4841",2022-01-01,NA,"HYDE",NA,NA,NA,NA,NA,NA,NA,NA,NA,NA,NA,NA,NA,1
"4842",2022-01-01,NA,"JONES",NA,NA,NA,NA,NA,NA,NA,NA,NA,NA,NA,NA,NA,1
"4843",2022-01-01,NA,"NORTHAMPTON",NA,NA,NA,NA,NA,NA,NA,NA,NA,NA,NA,NA,NA,11
"4844",2022-01-01,NA,"PAMLICO",NA,NA,NA,NA,NA,NA,NA,NA,NA,NA,NA,NA,NA,1
"4845",2022-01-01,NA,"PERQUIMANS",NA,NA,NA,NA,NA,NA,NA,NA,NA,NA,NA,NA,NA,3
"4846",2022-01-01,NA,"TYRRELL",NA,NA,NA,NA,NA,NA,NA,NA,NA,NA,NA,NA,NA,0
"4847",2022-01-01,NA,"WARREN",NA,NA,NA,NA,NA,NA,NA,NA,NA,NA,NA,NA,NA,7
"4848",2022-01-01,NA,"YANCEY",NA,NA,NA,NA,NA,NA,NA,NA,NA,NA,NA,NA,NA,15
"4849",2021-12-01,NA,"CAMDEN",NA,NA,NA,NA,NA,NA,NA,NA,NA,NA,NA,NA,NA,1
"4850",2021-12-01,NA,"CLAY",NA,NA,NA,NA,NA,NA,NA,NA,NA,NA,NA,NA,NA,0
"4851",2021-12-01,NA,"GATES",NA,NA,NA,NA,NA,NA,NA,NA,NA,NA,NA,NA,NA,0
"4852",2021-12-01,NA,"GRAHAM",NA,NA,NA,NA,NA,NA,NA,NA,NA,NA,NA,NA,NA,0
"4853",2021-12-01,NA,"HYDE",NA,NA,NA,NA,NA,NA,NA,NA,NA,NA,NA,NA,NA,1
"4854",2021-12-01,NA,"JONES",NA,NA,NA,NA,NA,NA,NA,NA,NA,NA,NA,NA,NA,1
"4855",2021-12-01,NA,"NORTHAMPTON",NA,NA,NA,NA,NA,NA,NA,NA,NA,NA,NA,NA,NA,1
"4856",2021-12-01,NA,"PAMLICO",NA,NA,NA,NA,NA,NA,NA,NA,NA,NA,NA,NA,NA,0
"4857",2021-12-01,NA,"PERQUIMANS",NA,NA,NA,NA,NA,NA,NA,NA,NA,NA,NA,NA,NA,1
"4858",2021-12-01,NA,"TYRRELL",NA,NA,NA,NA,NA,NA,NA,NA,NA,NA,NA,NA,NA,0
"4859",2021-12-01,NA,"WARREN",NA,NA,NA,NA,NA,NA,NA,NA,NA,NA,NA,NA,NA,3
"4860",2021-12-01,NA,"YANCEY",NA,NA,NA,NA,NA,NA,NA,NA,NA,NA,NA,NA,NA,4
"4861",2021-11-01,NA,"CAMDEN",NA,NA,NA,NA,NA,NA,NA,NA,NA,NA,NA,NA,NA,0
"4862",2021-11-01,NA,"CLAY",NA,NA,NA,NA,NA,NA,NA,NA,NA,NA,NA,NA,NA,1
"4863",2021-11-01,NA,"GATES",NA,NA,NA,NA,NA,NA,NA,NA,NA,NA,NA,NA,NA,0
"4864",2021-11-01,NA,"GRAHAM",NA,NA,NA,NA,NA,NA,NA,NA,NA,NA,NA,NA,NA,0
"4865",2021-11-01,NA,"HYDE",NA,NA,NA,NA,NA,NA,NA,NA,NA,NA,NA,NA,NA,0
"4866",2021-11-01,NA,"JONES",NA,NA,NA,NA,NA,NA,NA,NA,NA,NA,NA,NA,NA,2
"4867",2021-11-01,NA,"NORTHAMPTON",NA,NA,NA,NA,NA,NA,NA,NA,NA,NA,NA,NA,NA,1
"4868",2021-11-01,NA,"PAMLICO",NA,NA,NA,NA,NA,NA,NA,NA,NA,NA,NA,NA,NA,0
"4869",2021-11-01,NA,"PERQUIMANS",NA,NA,NA,NA,NA,NA,NA,NA,NA,NA,NA,NA,NA,2
"4870",2021-11-01,NA,"TYRRELL",NA,NA,NA,NA,NA,NA,NA,NA,NA,NA,NA,NA,NA,0
"4871",2021-11-01,NA,"WARREN",NA,NA,NA,NA,NA,NA,NA,NA,NA,NA,NA,NA,NA,0
"4872",2021-11-01,NA,"YANCEY",NA,NA,NA,NA,NA,NA,NA,NA,NA,NA,NA,NA,NA,3
"4873",2021-10-01,NA,"CAMDEN",NA,NA,NA,NA,NA,NA,NA,NA,NA,NA,NA,NA,NA,0
"4874",2021-10-01,NA,"CLAY",NA,NA,NA,NA,NA,NA,NA,NA,NA,NA,NA,NA,NA,2
"4875",2021-10-01,NA,"GATES",NA,NA,NA,NA,NA,NA,NA,NA,NA,NA,NA,NA,NA,3
"4876",2021-10-01,NA,"GRAHAM",NA,NA,NA,NA,NA,NA,NA,NA,NA,NA,NA,NA,NA,3
"4877",2021-10-01,NA,"HYDE",NA,NA,NA,NA,NA,NA,NA,NA,NA,NA,NA,NA,NA,1
"4878",2021-10-01,NA,"JONES",NA,NA,NA,NA,NA,NA,NA,NA,NA,NA,NA,NA,NA,3
"4879",2021-10-01,NA,"NORTHAMPTON",NA,NA,NA,NA,NA,NA,NA,NA,NA,NA,NA,NA,NA,3
"4880",2021-10-01,NA,"PAMLICO",NA,NA,NA,NA,NA,NA,NA,NA,NA,NA,NA,NA,NA,6
"4881",2021-10-01,NA,"PERQUIMANS",NA,NA,NA,NA,NA,NA,NA,NA,NA,NA,NA,NA,NA,0
"4882",2021-10-01,NA,"TYRRELL",NA,NA,NA,NA,NA,NA,NA,NA,NA,NA,NA,NA,NA,0
"4883",2021-10-01,NA,"WARREN",NA,NA,NA,NA,NA,NA,NA,NA,NA,NA,NA,NA,NA,3
"4884",2021-10-01,NA,"YANCEY",NA,NA,NA,NA,NA,NA,NA,NA,NA,NA,NA,NA,NA,0
"4885",2021-09-01,NA,"CAMDEN",NA,NA,NA,NA,NA,NA,NA,NA,NA,NA,NA,NA,NA,1
"4886",2021-09-01,NA,"CLAY",NA,NA,NA,NA,NA,NA,NA,NA,NA,NA,NA,NA,NA,13
"4887",2021-09-01,NA,"GATES",NA,NA,NA,NA,NA,NA,NA,NA,NA,NA,NA,NA,NA,3
"4888",2021-09-01,NA,"GRAHAM",NA,NA,NA,NA,NA,NA,NA,NA,NA,NA,NA,NA,NA,7
"4889",2021-09-01,NA,"HYDE",NA,NA,NA,NA,NA,NA,NA,NA,NA,NA,NA,NA,NA,2
"4890",2021-09-01,NA,"JONES",NA,NA,NA,NA,NA,NA,NA,NA,NA,NA,NA,NA,NA,3
"4891",2021-09-01,NA,"NORTHAMPTON",NA,NA,NA,NA,NA,NA,NA,NA,NA,NA,NA,NA,NA,1
"4892",2021-09-01,NA,"PAMLICO",NA,NA,NA,NA,NA,NA,NA,NA,NA,NA,NA,NA,NA,7
"4893",2021-09-01,NA,"PERQUIMANS",NA,NA,NA,NA,NA,NA,NA,NA,NA,NA,NA,NA,NA,4
"4894",2021-09-01,NA,"TYRRELL",NA,NA,NA,NA,NA,NA,NA,NA,NA,NA,NA,NA,NA,1
"4895",2021-09-01,NA,"WARREN",NA,NA,NA,NA,NA,NA,NA,NA,NA,NA,NA,NA,NA,8
"4896",2021-09-01,NA,"YANCEY",NA,NA,NA,NA,NA,NA,NA,NA,NA,NA,NA,NA,NA,5
"4897",2021-08-01,NA,"CAMDEN",NA,NA,NA,NA,NA,NA,NA,NA,NA,NA,NA,NA,NA,1
"4898",2021-08-01,NA,"CLAY",NA,NA,NA,NA,NA,NA,NA,NA,NA,NA,NA,NA,NA,5
"4899",2021-08-01,NA,"GATES",NA,NA,NA,NA,NA,NA,NA,NA,NA,NA,NA,NA,NA,0
"4900",2021-08-01,NA,"GRAHAM",NA,NA,NA,NA,NA,NA,NA,NA,NA,NA,NA,NA,NA,5
"4901",2021-08-01,NA,"HYDE",NA,NA,NA,NA,NA,NA,NA,NA,NA,NA,NA,NA,NA,0
"4902",2021-08-01,NA,"JONES",NA,NA,NA,NA,NA,NA,NA,NA,NA,NA,NA,NA,NA,0
"4903",2021-08-01,NA,"NORTHAMPTON",NA,NA,NA,NA,NA,NA,NA,NA,NA,NA,NA,NA,NA,1
"4904",2021-08-01,NA,"PAMLICO",NA,NA,NA,NA,NA,NA,NA,NA,NA,NA,NA,NA,NA,1
"4905",2021-08-01,NA,"PERQUIMANS",NA,NA,NA,NA,NA,NA,NA,NA,NA,NA,NA,NA,NA,0
"4906",2021-08-01,NA,"TYRRELL",NA,NA,NA,NA,NA,NA,NA,NA,NA,NA,NA,NA,NA,0
"4907",2021-08-01,NA,"WARREN",NA,NA,NA,NA,NA,NA,NA,NA,NA,NA,NA,NA,NA,2
"4908",2021-08-01,NA,"YANCEY",NA,NA,NA,NA,NA,NA,NA,NA,NA,NA,NA,NA,NA,1
"4909",2021-07-01,NA,"CAMDEN",NA,NA,NA,NA,NA,NA,NA,NA,NA,NA,NA,NA,NA,0
"4910",2021-07-01,NA,"CLAY",NA,NA,NA,NA,NA,NA,NA,NA,NA,NA,NA,NA,NA,0
"4911",2021-07-01,NA,"GATES",NA,NA,NA,NA,NA,NA,NA,NA,NA,NA,NA,NA,NA,0
"4912",2021-07-01,NA,"GRAHAM",NA,NA,NA,NA,NA,NA,NA,NA,NA,NA,NA,NA,NA,0
"4913",2021-07-01,NA,"HYDE",NA,NA,NA,NA,NA,NA,NA,NA,NA,NA,NA,NA,NA,0
"4914",2021-07-01,NA,"JONES",NA,NA,NA,NA,NA,NA,NA,NA,NA,NA,NA,NA,NA,1
"4915",2021-07-01,NA,"NORTHAMPTON",NA,NA,NA,NA,NA,NA,NA,NA,NA,NA,NA,NA,NA,0
"4916",2021-07-01,NA,"PAMLICO",NA,NA,NA,NA,NA,NA,NA,NA,NA,NA,NA,NA,NA,0
"4917",2021-07-01,NA,"PERQUIMANS",NA,NA,NA,NA,NA,NA,NA,NA,NA,NA,NA,NA,NA,0
"4918",2021-07-01,NA,"TYRRELL",NA,NA,NA,NA,NA,NA,NA,NA,NA,NA,NA,NA,NA,0
"4919",2021-07-01,NA,"WARREN",NA,NA,NA,NA,NA,NA,NA,NA,NA,NA,NA,NA,NA,0
"4920",2021-07-01,NA,"YANCEY",NA,NA,NA,NA,NA,NA,NA,NA,NA,NA,NA,NA,NA,0
"4921",2021-06-01,NA,"CAMDEN",NA,NA,NA,NA,NA,NA,NA,NA,NA,NA,NA,NA,NA,0
"4922",2021-06-01,NA,"CLAY",NA,NA,NA,NA,NA,NA,NA,NA,NA,NA,NA,NA,NA,0
"4923",2021-06-01,NA,"CURRITUCK",NA,NA,NA,NA,NA,NA,NA,NA,NA,NA,NA,NA,NA,0
"4924",2021-06-01,NA,"GATES",NA,NA,NA,NA,NA,NA,NA,NA,NA,NA,NA,NA,NA,0
"4925",2021-06-01,NA,"GRAHAM",NA,NA,NA,NA,NA,NA,NA,NA,NA,NA,NA,NA,NA,1
"4926",2021-06-01,NA,"HYDE",NA,NA,NA,NA,NA,NA,NA,NA,NA,NA,NA,NA,NA,0
"4927",2021-06-01,NA,"JONES",NA,NA,NA,NA,NA,NA,NA,NA,NA,NA,NA,NA,NA,0
"4928",2021-06-01,NA,"MADISON",NA,NA,NA,NA,NA,NA,NA,NA,NA,NA,NA,NA,NA,0
"4929",2021-06-01,NA,"NORTHAMPTON",NA,NA,NA,NA,NA,NA,NA,NA,NA,NA,NA,NA,NA,0
"4930",2021-06-01,NA,"PAMLICO",NA,NA,NA,NA,NA,NA,NA,NA,NA,NA,NA,NA,NA,0
"4931",2021-06-01,NA,"PERQUIMANS",NA,NA,NA,NA,NA,NA,NA,NA,NA,NA,NA,NA,NA,0
"4932",2021-06-01,NA,"TYRRELL",NA,NA,NA,NA,NA,NA,NA,NA,NA,NA,NA,NA,NA,0
"4933",2021-06-01,NA,"WARREN",NA,NA,NA,NA,NA,NA,NA,NA,NA,NA,NA,NA,NA,0
"4934",2021-06-01,NA,"YANCEY",NA,NA,NA,NA,NA,NA,NA,NA,NA,NA,NA,NA,NA,0
"4935",2021-05-01,NA,"CAMDEN",NA,NA,NA,NA,NA,NA,NA,NA,NA,NA,NA,NA,NA,0
"4936",2021-05-01,NA,"CLAY",NA,NA,NA,NA,NA,NA,NA,NA,NA,NA,NA,NA,NA,0
"4937",2021-05-01,NA,"GATES",NA,NA,NA,NA,NA,NA,NA,NA,NA,NA,NA,NA,NA,0
"4938",2021-05-01,NA,"GRAHAM",NA,NA,NA,NA,NA,NA,NA,NA,NA,NA,NA,NA,NA,0
"4939",2021-05-01,NA,"HYDE",NA,NA,NA,NA,NA,NA,NA,NA,NA,NA,NA,NA,NA,0
"4940",2021-05-01,NA,"JONES",NA,NA,NA,NA,NA,NA,NA,NA,NA,NA,NA,NA,NA,1
"4941",2021-05-01,NA,"NORTHAMPTON",NA,NA,NA,NA,NA,NA,NA,NA,NA,NA,NA,NA,NA,1
"4942",2021-05-01,NA,"PAMLICO",NA,NA,NA,NA,NA,NA,NA,NA,NA,NA,NA,NA,NA,0
"4943",2021-05-01,NA,"PERQUIMANS",NA,NA,NA,NA,NA,NA,NA,NA,NA,NA,NA,NA,NA,2
"4944",2021-05-01,NA,"TYRRELL",NA,NA,NA,NA,NA,NA,NA,NA,NA,NA,NA,NA,NA,0
"4945",2021-05-01,NA,"WARREN",NA,NA,NA,NA,NA,NA,NA,NA,NA,NA,NA,NA,NA,0
"4946",2021-05-01,NA,"YANCEY",NA,NA,NA,NA,NA,NA,NA,NA,NA,NA,NA,NA,NA,0
"4947",2021-04-01,NA,"CAMDEN",NA,NA,NA,NA,NA,NA,NA,NA,NA,NA,NA,NA,NA,0
"4948",2021-04-01,NA,"CLAY",NA,NA,NA,NA,NA,NA,NA,NA,NA,NA,NA,NA,NA,0
"4949",2021-04-01,NA,"GATES",NA,NA,NA,NA,NA,NA,NA,NA,NA,NA,NA,NA,NA,1
"4950",2021-04-01,NA,"GRAHAM",NA,NA,NA,NA,NA,NA,NA,NA,NA,NA,NA,NA,NA,0
"4951",2021-04-01,NA,"HYDE",NA,NA,NA,NA,NA,NA,NA,NA,NA,NA,NA,NA,NA,1
"4952",2021-04-01,NA,"JONES",NA,NA,NA,NA,NA,NA,NA,NA,NA,NA,NA,NA,NA,0
"4953",2021-04-01,NA,"NORTHAMPTON",NA,NA,NA,NA,NA,NA,NA,NA,NA,NA,NA,NA,NA,0
"4954",2021-04-01,NA,"PAMLICO",NA,NA,NA,NA,NA,NA,NA,NA,NA,NA,NA,NA,NA,1
"4955",2021-04-01,NA,"PERQUIMANS",NA,NA,NA,NA,NA,NA,NA,NA,NA,NA,NA,NA,NA,1
"4956",2021-04-01,NA,"TYRRELL",NA,NA,NA,NA,NA,NA,NA,NA,NA,NA,NA,NA,NA,0
"4957",2021-04-01,NA,"WARREN",NA,NA,NA,NA,NA,NA,NA,NA,NA,NA,NA,NA,NA,1
"4958",2021-04-01,NA,"YANCEY",NA,NA,NA,NA,NA,NA,NA,NA,NA,NA,NA,NA,NA,1
"4959",2021-03-01,NA,"CAMDEN",NA,NA,NA,NA,NA,NA,NA,NA,NA,NA,NA,NA,NA,0
"4960",2021-03-01,NA,"CLAY",NA,NA,NA,NA,NA,NA,NA,NA,NA,NA,NA,NA,NA,0
"4961",2021-03-01,NA,"GATES",NA,NA,NA,NA,NA,NA,NA,NA,NA,NA,NA,NA,NA,0
"4962",2021-03-01,NA,"GRAHAM",NA,NA,NA,NA,NA,NA,NA,NA,NA,NA,NA,NA,NA,0
"4963",2021-03-01,NA,"HYDE",NA,NA,NA,NA,NA,NA,NA,NA,NA,NA,NA,NA,NA,0
"4964",2021-03-01,NA,"JONES",NA,NA,NA,NA,NA,NA,NA,NA,NA,NA,NA,NA,NA,1
"4965",2021-03-01,NA,"NORTHAMPTON",NA,NA,NA,NA,NA,NA,NA,NA,NA,NA,NA,NA,NA,1
"4966",2021-03-01,NA,"PAMLICO",NA,NA,NA,NA,NA,NA,NA,NA,NA,NA,NA,NA,NA,3
"4967",2021-03-01,NA,"PERQUIMANS",NA,NA,NA,NA,NA,NA,NA,NA,NA,NA,NA,NA,NA,1
"4968",2021-03-01,NA,"TYRRELL",NA,NA,NA,NA,NA,NA,NA,NA,NA,NA,NA,NA,NA,0
"4969",2021-03-01,NA,"WARREN",NA,NA,NA,NA,NA,NA,NA,NA,NA,NA,NA,NA,NA,1
"4970",2021-03-01,NA,"YANCEY",NA,NA,NA,NA,NA,NA,NA,NA,NA,NA,NA,NA,NA,0
"4971",2021-02-01,NA,"CAMDEN",NA,NA,NA,NA,NA,NA,NA,NA,NA,NA,NA,NA,NA,0
"4972",2021-02-01,NA,"CLAY",NA,NA,NA,NA,NA,NA,NA,NA,NA,NA,NA,NA,NA,0
"4973",2021-02-01,NA,"GATES",NA,NA,NA,NA,NA,NA,NA,NA,NA,NA,NA,NA,NA,0
"4974",2021-02-01,NA,"GRAHAM",NA,NA,NA,NA,NA,NA,NA,NA,NA,NA,NA,NA,NA,0
"4975",2021-02-01,NA,"HYDE",NA,NA,NA,NA,NA,NA,NA,NA,NA,NA,NA,NA,NA,0
"4976",2021-02-01,NA,"JONES",NA,NA,NA,NA,NA,NA,NA,NA,NA,NA,NA,NA,NA,1
"4977",2021-02-01,NA,"NORTHAMPTON",NA,NA,NA,NA,NA,NA,NA,NA,NA,NA,NA,NA,NA,3
"4978",2021-02-01,NA,"PAMLICO",NA,NA,NA,NA,NA,NA,NA,NA,NA,NA,NA,NA,NA,2
"4979",2021-02-01,NA,"PERQUIMANS",NA,NA,NA,NA,NA,NA,NA,NA,NA,NA,NA,NA,NA,0
"4980",2021-02-01,NA,"TYRRELL",NA,NA,NA,NA,NA,NA,NA,NA,NA,NA,NA,NA,NA,0
"4981",2021-02-01,NA,"WARREN",NA,NA,NA,NA,NA,NA,NA,NA,NA,NA,NA,NA,NA,3
"4982",2021-02-01,NA,"YANCEY",NA,NA,NA,NA,NA,NA,NA,NA,NA,NA,NA,NA,NA,2
"4983",2021-01-01,NA,"CAMDEN",NA,NA,NA,NA,NA,NA,NA,NA,NA,NA,NA,NA,NA,1
"4984",2021-01-01,NA,"CLAY",NA,NA,NA,NA,NA,NA,NA,NA,NA,NA,NA,NA,NA,13
"4985",2021-01-01,NA,"GATES",NA,NA,NA,NA,NA,NA,NA,NA,NA,NA,NA,NA,NA,0
"4986",2021-01-01,NA,"GRAHAM",NA,NA,NA,NA,NA,NA,NA,NA,NA,NA,NA,NA,NA,1
"4987",2021-01-01,NA,"HYDE",NA,NA,NA,NA,NA,NA,NA,NA,NA,NA,NA,NA,NA,2
"4988",2021-01-01,NA,"JONES",NA,NA,NA,NA,NA,NA,NA,NA,NA,NA,NA,NA,NA,3
"4989",2021-01-01,NA,"NORTHAMPTON",NA,NA,NA,NA,NA,NA,NA,NA,NA,NA,NA,NA,NA,9
"4990",2021-01-01,NA,"PAMLICO",NA,NA,NA,NA,NA,NA,NA,NA,NA,NA,NA,NA,NA,2
"4991",2021-01-01,NA,"PERQUIMANS",NA,NA,NA,NA,NA,NA,NA,NA,NA,NA,NA,NA,NA,3
"4992",2021-01-01,NA,"TYRRELL",NA,NA,NA,NA,NA,NA,NA,NA,NA,NA,NA,NA,NA,3
"4993",2021-01-01,NA,"WARREN",NA,NA,NA,NA,NA,NA,NA,NA,NA,NA,NA,NA,NA,4
"4994",2021-01-01,NA,"YANCEY",NA,NA,NA,NA,NA,NA,NA,NA,NA,NA,NA,NA,NA,10
"4995",2020-12-01,NA,"CAMDEN",NA,NA,NA,NA,NA,NA,NA,NA,NA,NA,NA,NA,NA,1
"4996",2020-12-01,NA,"CLAY",NA,NA,NA,NA,NA,NA,NA,NA,NA,NA,NA,NA,NA,0
"4997",2020-12-01,NA,"GATES",NA,NA,NA,NA,NA,NA,NA,NA,NA,NA,NA,NA,NA,6
"4998",2020-12-01,NA,"GRAHAM",NA,NA,NA,NA,NA,NA,NA,NA,NA,NA,NA,NA,NA,0
"4999",2020-12-01,NA,"HYDE",NA,NA,NA,NA,NA,NA,NA,NA,NA,NA,NA,NA,NA,1
"5000",2020-12-01,NA,"JONES",NA,NA,NA,NA,NA,NA,NA,NA,NA,NA,NA,NA,NA,3
"5001",2020-12-01,NA,"NORTHAMPTON",NA,NA,NA,NA,NA,NA,NA,NA,NA,NA,NA,NA,NA,14
"5002",2020-12-01,NA,"PAMLICO",NA,NA,NA,NA,NA,NA,NA,NA,NA,NA,NA,NA,NA,1
"5003",2020-12-01,NA,"PERQUIMANS",NA,NA,NA,NA,NA,NA,NA,NA,NA,NA,NA,NA,NA,1
"5004",2020-12-01,NA,"TYRRELL",NA,NA,NA,NA,NA,NA,NA,NA,NA,NA,NA,NA,NA,0
"5005",2020-12-01,NA,"WARREN",NA,NA,NA,NA,NA,NA,NA,NA,NA,NA,NA,NA,NA,2
"5006",2020-12-01,NA,"YANCEY",NA,NA,NA,NA,NA,NA,NA,NA,NA,NA,NA,NA,NA,13
"5007",2020-11-01,NA,"CAMDEN",NA,NA,NA,NA,NA,NA,NA,NA,NA,NA,NA,NA,NA,1
"5008",2020-11-01,NA,"CLAY",NA,NA,NA,NA,NA,NA,NA,NA,NA,NA,NA,NA,NA,1
"5009",2020-11-01,NA,"GATES",NA,NA,NA,NA,NA,NA,NA,NA,NA,NA,NA,NA,NA,3
"5010",2020-11-01,NA,"GRAHAM",NA,NA,NA,NA,NA,NA,NA,NA,NA,NA,NA,NA,NA,2
"5011",2020-11-01,NA,"HYDE",NA,NA,NA,NA,NA,NA,NA,NA,NA,NA,NA,NA,NA,0
"5012",2020-11-01,NA,"JONES",NA,NA,NA,NA,NA,NA,NA,NA,NA,NA,NA,NA,NA,0
"5013",2020-11-01,NA,"NORTHAMPTON",NA,NA,NA,NA,NA,NA,NA,NA,NA,NA,NA,NA,NA,11
"5014",2020-11-01,NA,"PAMLICO",NA,NA,NA,NA,NA,NA,NA,NA,NA,NA,NA,NA,NA,1
"5015",2020-11-01,NA,"PERQUIMANS",NA,NA,NA,NA,NA,NA,NA,NA,NA,NA,NA,NA,NA,0
"5016",2020-11-01,NA,"TYRRELL",NA,NA,NA,NA,NA,NA,NA,NA,NA,NA,NA,NA,NA,0
"5017",2020-11-01,NA,"WARREN",NA,NA,NA,NA,NA,NA,NA,NA,NA,NA,NA,NA,NA,2
"5018",2020-11-01,NA,"YANCEY",NA,NA,NA,NA,NA,NA,NA,NA,NA,NA,NA,NA,NA,1
"5019",2020-10-01,NA,"CAMDEN",NA,NA,NA,NA,NA,NA,NA,NA,NA,NA,NA,NA,NA,0
"5020",2020-10-01,NA,"CLAY",NA,NA,NA,NA,NA,NA,NA,NA,NA,NA,NA,NA,NA,1
"5021",2020-10-01,NA,"GATES",NA,NA,NA,NA,NA,NA,NA,NA,NA,NA,NA,NA,NA,0
"5022",2020-10-01,NA,"GRAHAM",NA,NA,NA,NA,NA,NA,NA,NA,NA,NA,NA,NA,NA,1
"5023",2020-10-01,NA,"HYDE",NA,NA,NA,NA,NA,NA,NA,NA,NA,NA,NA,NA,NA,0
"5024",2020-10-01,NA,"JONES",NA,NA,NA,NA,NA,NA,NA,NA,NA,NA,NA,NA,NA,0
"5025",2020-10-01,NA,"NORTHAMPTON",NA,NA,NA,NA,NA,NA,NA,NA,NA,NA,NA,NA,NA,6
"5026",2020-10-01,NA,"PAMLICO",NA,NA,NA,NA,NA,NA,NA,NA,NA,NA,NA,NA,NA,1
"5027",2020-10-01,NA,"PERQUIMANS",NA,NA,NA,NA,NA,NA,NA,NA,NA,NA,NA,NA,NA,1
"5028",2020-10-01,NA,"TYRRELL",NA,NA,NA,NA,NA,NA,NA,NA,NA,NA,NA,NA,NA,0
"5029",2020-10-01,NA,"WARREN",NA,NA,NA,NA,NA,NA,NA,NA,NA,NA,NA,NA,NA,0
"5030",2020-10-01,NA,"YANCEY",NA,NA,NA,NA,NA,NA,NA,NA,NA,NA,NA,NA,NA,2
"5031",2020-09-01,NA,"CAMDEN",NA,NA,NA,NA,NA,NA,NA,NA,NA,NA,NA,NA,NA,0
"5032",2020-09-01,NA,"CLAY",NA,NA,NA,NA,NA,NA,NA,NA,NA,NA,NA,NA,NA,0
"5033",2020-09-01,NA,"GATES",NA,NA,NA,NA,NA,NA,NA,NA,NA,NA,NA,NA,NA,0
"5034",2020-09-01,NA,"GRAHAM",NA,NA,NA,NA,NA,NA,NA,NA,NA,NA,NA,NA,NA,8
"5035",2020-09-01,NA,"HYDE",NA,NA,NA,NA,NA,NA,NA,NA,NA,NA,NA,NA,NA,3
"5036",2020-09-01,NA,"JONES",NA,NA,NA,NA,NA,NA,NA,NA,NA,NA,NA,NA,NA,4
"5037",2020-09-01,NA,"NORTHAMPTON",NA,NA,NA,NA,NA,NA,NA,NA,NA,NA,NA,NA,NA,0
"5038",2020-09-01,NA,"PAMLICO",NA,NA,NA,NA,NA,NA,NA,NA,NA,NA,NA,NA,NA,0
"5039",2020-09-01,NA,"PERQUIMANS",NA,NA,NA,NA,NA,NA,NA,NA,NA,NA,NA,NA,NA,1
"5040",2020-09-01,NA,"TYRRELL",NA,NA,NA,NA,NA,NA,NA,NA,NA,NA,NA,NA,NA,1
"5041",2020-09-01,NA,"WARREN",NA,NA,NA,NA,NA,NA,NA,NA,NA,NA,NA,NA,NA,0
"5042",2020-09-01,NA,"YANCEY",NA,NA,NA,NA,NA,NA,NA,NA,NA,NA,NA,NA,NA,0
